alpha1,alpha2,r1,r2,a1,a2,b1,b2,capacity,t_v_base,t_v_slope,continuous_budget,k1_gs,k2_gs,k1_ssd,k2_ssd,gs_utility_gs_model,gs_utility_ssd_model,ssd_utility,utility_gap_abs,utility_gap_pct,gs_mu1_ssd_model,gs_mu2_ssd_model,ssd_mu1,ssd_mu2,gs_budget1_ssd_model,gs_budget2_ssd_model,ssd_budget1,ssd_budget2,gs_order,ssd_order,reversal,valid,invalid_reason
0.65,0.65,0.6,0.6,0.1,0.1,0.01,0.01,10,10.0,1.0,False,5,5,5,5,1.9428152514591317,1.6964607642676834,1.6964607642676834,0.0,0.0,2.335510232253862,2.335510232253862,2.335510232253862,2.335510232253862,390.0,390.0,390.0,390.0,0,0,False,True,
0.65,0.65,0.6,0.6,0.1,0.1,0.01,0.02,10,10.0,1.0,False,5,5,5,5,1.9428152514591317,1.6340115525022458,1.6340115525022458,0.0,0.0,2.335510232253862,2.194120253178131,2.335510232253862,2.194120253178131,390.0,195.0,390.0,195.0,0,0,False,True,
0.65,0.65,0.6,0.6,0.1,0.1,0.01,0.05,10,10.0,1.0,False,5,5,6,4,1.9428152514591317,1.5012300002283945,1.525404020101138,0.02417401987274359,0.012160353042709293,2.335510232253862,1.9212953463077722,2.3448547681615337,1.960462770310016,390.0,78.0,323.0,98.0,0,1,False,True,
0.65,0.65,0.6,0.6,0.1,0.1,0.01,0.1,10,10.0,1.0,False,5,5,7,3,1.9428152514591317,1.341055288059104,1.4191493140849676,0.07809402602586357,0.03981936754243229,2.335510232253862,1.6369338788722716,2.333229309563939,1.7716229303925617,390.0,39.0,275.0,65.0,0,1,False,True,
0.65,0.65,0.6,0.6,0.1,0.1,0.01,0.2,10,10.0,1.0,False,5,5,8,2,1.9428152514591317,1.0861629561792816,1.2960997536571532,0.20993679747787164,0.11067551105433464,2.335510232253862,1.268623651780401,2.3109983487117134,1.5815733408146029,390.0,19.0,240.0,49.0,0,1,False,True,
0.65,0.65,0.6,0.6,0.1,0.1,0.02,0.01,10,10.0,1.0,False,5,5,5,5,1.9428152514591317,1.6340115525022458,1.6340115525022458,0.0,0.0,2.194120253178131,2.335510232253862,2.194120253178131,2.335510232253862,195.0,390.0,195.0,390.0,0,0,False,True,
0.65,0.65,0.6,0.6,0.1,0.1,0.02,0.02,10,10.0,1.0,False,5,5,5,5,1.9428152514591317,1.5715623407368082,1.5715623407368082,0.0,0.0,2.194120253178131,2.194120253178131,2.194120253178131,2.194120253178131,195.0,195.0,195.0,195.0,0,0,False,True,
0.65,0.65,0.6,0.6,0.1,0.1,0.02,0.05,10,10.0,1.0,False,5,5,6,4,1.9428152514591317,1.4387807884629569,1.4504020939088282,0.011621305445871366,0.005827567311198413,2.194120253178131,1.9212953463077722,2.1754195472678735,1.960462770310016,195.0,78.0,161.0,98.0,0,1,False,True,
0.65,0.65,0.6,0.6,0.1,0.1,0.02,0.1,10,10.0,1.0,False,5,5,6,3,1.9428152514591317,1.2786060762936664,1.334450780864335,0.0558447045706687,0.028315834946862434,2.194120253178131,1.6369338788722716,2.160710235789028,1.757713471263672,195.0,39.0,153.0,62.0,0,1,False,True,
0.65,0.65,0.6,0.6,0.1,0.1,0.02,0.2,10,10.0,1.0,False,5,5,7,2,1.9428152514591317,1.023713744413844,1.204352708020657,0.18063896360681309,0.09452390832498778,2.194120253178131,1.268623651780401,2.1224278900209432,1.5711251888631461,195.0,19.0,130.0,47.0,0,1,False,True,
0.65,0.65,0.6,0.6,0.1,0.1,0.05,0.01,10,10.0,1.0,False,5,5,4,6,1.9428152514591317,1.5012300002283945,1.525404020101138,0.02417401987274359,0.012160353042709293,1.9212953463077722,2.335510232253862,1.960462770310016,2.3448547681615337,78.0,390.0,98.0,323.0,0,-1,False,True,
0.65,0.65,0.6,0.6,0.1,0.1,0.05,0.02,10,10.0,1.0,False,5,5,4,6,1.9428152514591317,1.4387807884629569,1.4504020939088282,0.011621305445871366,0.005827567311198413,1.9212953463077722,2.194120253178131,1.960462770310016,2.1754195472678735,78.0,195.0,98.0,161.0,0,-1,False,True,
0.65,0.65,0.6,0.6,0.1,0.1,0.05,0.05,10,10.0,1.0,False,5,5,4,4,1.9428152514591317,1.3059992361891055,1.3132978433656581,0.007298607176552618,0.0036559704038938877,1.9212953463077722,1.9212953463077722,1.9283195452310125,1.9283195452310125,78.0,78.0,88.0,88.0,0,0,False,True,
0.65,0.65,0.6,0.6,0.1,0.1,0.05,0.1,10,10.0,1.0,False,5,5,4,3,1.9428152514591317,1.145824524019815,1.1902589499439786,0.04443442592416358,0.0224658531880616,1.9212953463077722,1.6369338788722716,1.910224147294711,1.7212286378806871,78.0,39.0,83.0,55.0,0,1,False,True,
0.65,0.65,0.6,0.6,0.1,0.1,0.05,0.2,10,10.0,1.0,False,5,5,4,2,1.9428152514591317,0.8909321921399926,1.056957086930384,0.1660248947903913,0.08655533324769911,1.9212953463077722,1.268623651780401,1.8905138273068713,1.5221265885860873,78.0,19.0,78.0,39.0,0,1,False,True,
0.65,0.65,0.6,0.6,0.1,0.1,0.1,0.01,10,10.0,1.0,False,5,5,3,7,1.9428152514591317,1.341055288059104,1.4191493140849676,0.07809402602586357,0.03981936754243229,1.6369338788722716,2.335510232253862,1.7716229303925617,2.333229309563939,39.0,390.0,65.0,275.0,0,-1,False,True,
0.65,0.65,0.6,0.6,0.1,0.1,0.1,0.02,10,10.0,1.0,False,5,5,3,6,1.9428152514591317,1.2786060762936664,1.334450780864335,0.0558447045706687,0.028315834946862434,1.6369338788722716,2.194120253178131,1.757713471263672,2.160710235789028,39.0,195.0,62.0,153.0,0,-1,False,True,
0.65,0.65,0.6,0.6,0.1,0.1,0.1,0.05,10,10.0,1.0,False,5,5,3,4,1.9428152514591317,1.145824524019815,1.1902589499439786,0.04443442592416358,0.0224658531880616,1.6369338788722716,1.9212953463077722,1.7212286378806871,1.910224147294711,39.0,78.0,55.0,83.0,0,-1,False,True,
0.65,0.65,0.6,0.6,0.1,0.1,0.1,0.1,10,10.0,1.0,False,5,5,3,3,1.9428152514591317,0.9856498118505247,1.0654151123999238,0.07976530054939912,0.040688642500147434,1.6369338788722716,1.6369338788722716,1.7035384962660851,1.7035384962660851,39.0,39.0,52.0,52.0,0,0,False,True,
0.65,0.65,0.6,0.6,0.1,0.1,0.1,0.2,10,10.0,1.0,False,5,5,3,2,1.9428152514591317,0.7307574799707022,0.9279160493894953,0.19715856941879317,0.10360189968173214,1.6369338788722716,1.268623651780401,1.67761390438563,1.5076370544698354,39.0,19.0,48.0,37.0,0,1,False,True,
0.65,0.65,0.6,0.6,0.1,0.1,0.2,0.01,10,10.0,1.0,False,5,5,2,8,1.9428152514591317,1.0861629561792816,1.2960997536571532,0.20993679747787164,0.11067551105433464,1.268623651780401,2.335510232253862,1.5815733408146029,2.3109983487117134,19.0,390.0,49.0,240.0,0,-1,False,True,
0.65,0.65,0.6,0.6,0.1,0.1,0.2,0.02,10,10.0,1.0,False,5,5,2,7,1.9428152514591317,1.023713744413844,1.204352708020657,0.18063896360681309,0.09452390832498778,1.268623651780401,2.194120253178131,1.5711251888631461,2.1224278900209432,19.0,195.0,47.0,130.0,0,-1,False,True,
0.65,0.65,0.6,0.6,0.1,0.1,0.2,0.05,10,10.0,1.0,False,5,5,2,4,1.9428152514591317,0.8909321921399926,1.056957086930384,0.1660248947903913,0.08655533324769911,1.268623651780401,1.9212953463077722,1.5221265885860873,1.8905138273068713,19.0,78.0,39.0,78.0,0,-1,False,True,
0.65,0.65,0.6,0.6,0.1,0.1,0.2,0.1,10,10.0,1.0,False,5,5,2,3,1.9428152514591317,0.7307574799707022,0.9279160493894953,0.19715856941879317,0.10360189968173214,1.268623651780401,1.6369338788722716,1.5076370544698354,1.67761390438563,19.0,39.0,37.0,48.0,0,-1,False,True,
0.65,0.65,0.6,0.6,0.1,0.1,0.2,0.2,10,10.0,1.0,False,5,5,2,2,1.9428152514591317,0.47586514809087965,0.7891358283823849,0.3132706802915053,0.16956904125256533,1.268623651780401,1.268623651780401,1.483742948123132,1.483742948123132,19.0,19.0,34.0,34.0,0,0,False,True,
0.65,0.7,0.6,0.6,0.1,0.1,0.01,0.01,10,10.0,1.0,False,5,5,5,5,2.0502150870990756,1.7979501195130378,1.7979501195130378,0.0,0.0,2.335510232253862,2.5849850830906473,2.335510232253862,2.5849850830906473,390.0,390.0,390.0,390.0,0,0,False,True,
0.65,0.7,0.6,0.6,0.1,0.1,0.01,0.02,10,10.0,1.0,False,5,5,5,5,2.0502150870990756,1.7323574017991439,1.7323574017991439,0.0,0.0,2.335510232253862,2.4208700967636347,2.335510232253862,2.4208700967636347,390.0,195.0,390.0,195.0,0,0,False,True,
0.65,0.7,0.6,0.6,0.1,0.1,0.01,0.05,10,10.0,1.0,False,5,5,6,4,2.0502150870990756,1.5924869917149194,1.6099302831122158,0.01744329139729639,0.008759790063728857,2.335510232253862,2.104876108496384,2.3448547681615337,2.1333783769834134,390.0,78.0,323.0,98.0,0,1,False,True,
0.65,0.7,0.6,0.6,0.1,0.1,0.01,0.1,10,10.0,1.0,False,5,5,7,3,2.0502150870990756,1.4228593771696871,1.4893361663841795,0.0664767892144924,0.033796961487877294,2.335510232253862,1.776471324957763,2.333229309563939,1.9004351544480809,390.0,39.0,275.0,65.0,0,1,False,True,
0.65,0.7,0.6,0.6,0.1,0.1,0.01,0.2,10,10.0,1.0,False,5,5,8,2,2.0502150870990756,1.150223269347861,1.348889718263389,0.1986664489155281,0.10443426275665166,2.335510232253862,1.3525516062651648,2.3109983487117134,1.6673075861009026,390.0,19.0,240.0,49.0,0,1,False,True,
0.65,0.7,0.6,0.6,0.1,0.1,0.02,0.01,10,10.0,1.0,False,5,5,4,6,2.0502150870990756,1.7355009077476002,1.740451905013821,0.004950997266220725,0.0024785652097649735,2.194120253178131,2.5849850830906473,2.1790349556172037,2.6157995528592886,195.0,390.0,245.0,323.0,0,-1,False,True,
0.65,0.7,0.6,0.6,0.1,0.1,0.02,0.02,10,10.0,1.0,False,5,5,5,5,2.0502150870990756,1.6699081900337063,1.6699081900337063,0.0,0.0,2.194120253178131,2.4208700967636347,2.194120253178131,2.4208700967636347,195.0,195.0,195.0,195.0,0,0,False,True,
0.65,0.7,0.6,0.6,0.1,0.1,0.02,0.05,10,10.0,1.0,False,5,5,6,4,2.0502150870990756,1.5300377799494818,1.5349283569199057,0.004890576970423943,0.0024482806414979665,2.194120253178131,2.104876108496384,2.1754195472678735,2.1333783769834134,195.0,78.0,161.0,98.0,0,1,False,True,
0.65,0.7,0.6,0.6,0.1,0.1,0.02,0.1,10,10.0,1.0,False,5,5,6,3,2.0502150870990756,1.3604101654042495,1.4044404773612067,0.04403031195695717,0.02225927769264271,2.194120253178131,1.776471324957763,2.160710235789028,1.8851426545577317,195.0,39.0,153.0,62.0,0,1,False,True,
0.65,0.7,0.6,0.6,0.1,0.1,0.02,0.2,10,10.0,1.0,False,5,5,7,2,2.0502150870990756,1.0877740575824233,1.2570646247756714,0.1692905671932481,0.08833094938132698,2.194120253178131,1.3525516062651648,2.1224278900209432,1.6561637935604352,195.0,19.0,130.0,47.0,0,1,False,True,
0.65,0.7,0.6,0.6,0.1,0.1,0.05,0.01,10,10.0,1.0,False,5,5,4,6,2.0502150870990756,1.602719355473749,1.6347503598089954,0.032031004335246305,0.01614443772539991,1.9212953463077722,2.5849850830906473,1.960462770310016,2.6157995528592886,78.0,390.0,98.0,323.0,0,-1,False,True,
0.65,0.7,0.6,0.6,0.1,0.1,0.05,0.02,10,10.0,1.0,False,5,5,4,6,2.0502150870990756,1.537126637759855,1.5548705985871474,0.01774396082729246,0.008911453079092023,1.9212953463077722,2.4208700967636347,1.960462770310016,2.414977682624679,78.0,195.0,98.0,161.0,0,-1,False,True,
0.65,0.7,0.6,0.6,0.1,0.1,0.05,0.05,10,10.0,1.0,False,5,5,4,5,2.0502150870990756,1.3972562276756304,1.3989590118568116,0.001702784181181194,0.0008517546277163374,1.9212953463077722,2.104876108496384,1.9450082696412117,2.0827575961759264,78.0,78.0,93.0,74.0,0,-1,False,True,
0.65,0.7,0.6,0.6,0.1,0.1,0.05,0.1,10,10.0,1.0,False,5,5,4,3,2.0502150870990756,1.2276286131303982,1.2597156957671123,0.032087082636714115,0.016172929951903763,1.9212953463077722,1.776471324957763,1.910224147294711,1.845029203808156,78.0,39.0,83.0,55.0,0,1,False,True,
0.65,0.7,0.6,0.6,0.1,0.1,0.05,0.2,10,10.0,1.0,False,5,5,4,2,2.0502150870990756,0.9549925053085719,1.1092817981579608,0.15428929284938886,0.08019831191665262,1.9212953463077722,1.3525516062651648,1.8905138273068713,1.6038919426268636,78.0,19.0,78.0,39.0,0,1,False,True,
0.65,0.7,0.6,0.6,0.1,0.1,0.1,0.01,10,10.0,1.0,False,5,5,3,7,2.0502150870990756,1.4425446433044586,1.5335656171468086,0.09102097384234997,0.046561979769387446,1.6369338788722716,2.5849850830906473,1.7716229303925617,2.6160605538933472,39.0,390.0,65.0,275.0,0,-1,False,True,
0.65,0.7,0.6,0.6,0.1,0.1,0.1,0.02,10,10.0,1.0,False,5,5,3,7,2.0502150870990756,1.3769519255905645,1.4401080676632088,0.0631561420726443,0.03208194815767535,1.6369338788722716,2.4208700967636347,1.7716229303925617,2.3826469447661265,39.0,195.0,65.0,137.0,0,-1,False,True,
0.65,0.7,0.6,0.6,0.1,0.1,0.1,0.05,10,10.0,1.0,False,5,5,3,5,2.0502150870990756,1.23708151550634,1.2746947106436513,0.03761319513731132,0.01898455546834533,1.6369338788722716,2.104876108496384,1.7376202002062202,2.058913125538192,39.0,78.0,58.0,70.0,0,-1,False,True,
0.65,0.7,0.6,0.6,0.1,0.1,0.1,0.1,10,10.0,1.0,False,5,5,3,3,2.0502150870990756,1.0674539009611077,1.1346048775987394,0.0671509766376317,0.03414550668553133,1.6369338788722716,1.776471324957763,1.7035384962660851,1.8255792271143623,39.0,39.0,52.0,52.0,0,0,False,True,
0.65,0.7,0.6,0.6,0.1,0.1,0.1,0.2,10,10.0,1.0,False,5,5,3,2,2.0502150870990756,0.7948177931392815,0.9801192367871319,0.1853014436478504,0.09707848276963874,1.6369338788722716,1.3525516062651648,1.67761390438563,1.5884310180706511,39.0,19.0,48.0,37.0,0,1,False,True,
0.65,0.7,0.6,0.6,0.1,0.1,0.2,0.01,10,10.0,1.0,False,5,5,2,8,2.0502150870990756,1.187652311424636,1.4134320726767293,0.22577976125209331,0.11950864656930556,1.268623651780401,2.5849850830906473,1.5815733408146029,2.5987016002584316,19.0,390.0,49.0,240.0,0,-1,False,True,
0.65,0.7,0.6,0.6,0.1,0.1,0.2,0.02,10,10.0,1.0,False,5,5,2,7,2.0502150870990756,1.122059593710742,1.311290230393023,0.1892306366822809,0.09923591788684835,1.268623651780401,2.4208700967636347,1.5711251888631461,2.3619751262541406,19.0,195.0,47.0,130.0,0,-1,False,True,
0.65,0.7,0.6,0.6,0.1,0.1,0.2,0.05,10,10.0,1.0,False,5,5,2,5,2.0502150870990756,0.9821891836265175,1.1426613398366188,0.16047215621010125,0.08354283822284633,1.268623651780401,2.104876108496384,1.542025357335688,2.033105893064123,19.0,78.0,42.0,66.0,0,-1,False,True,
0.65,0.7,0.6,0.6,0.1,0.1,0.2,0.1,10,10.0,1.0,False,5,5,2,3,2.0502150870990756,0.8125615690812853,0.9967039555381448,0.18414238645685954,0.09644287861055295,1.268623651780401,1.776471324957763,1.5076370544698354,1.797075093129335,19.0,39.0,37.0,48.0,0,-1,False,True,
0.65,0.7,0.6,0.6,0.1,0.1,0.2,0.2,10,10.0,1.0,False,5,5,2,2,2.0502150870990756,0.539925461259459,0.8411311984035061,0.3012057371440472,0.16253488725618706,1.268623651780401,1.3525516062651648,1.483742948123132,1.5629315933211547,19.0,19.0,34.0,34.0,0,0,False,True,
0.65,0.735,0.6,0.6,0.1,0.1,0.01,0.01,10,10.0,1.0,False,4,6,5,5,2.131353134222868,1.8717848880527903,1.8725298135636004,0.0007449255108100683,0.0003725321282697849,2.2901071123078354,2.838246118935468,2.335510232253862,2.7851435928723265,490.0,323.0,390.0,390.0,-1,0,False,True,
0.65,0.735,0.6,0.6,0.1,0.1,0.01,0.02,10,10.0,1.0,False,4,6,5,5,2.131353134222868,1.7890669405897124,1.8052713542995606,0.016204413709848264,0.008135118558647965,2.2901071123078354,2.6129199484316867,2.335510232253862,2.603979813399953,490.0,161.0,390.0,195.0,-1,0,False,True,
0.65,0.735,0.6,0.6,0.1,0.1,0.01,0.05,10,10.0,1.0,False,4,6,6,4,2.131353134222868,1.610898598633058,1.6724882732272035,0.06158967459414555,0.031273903239537666,2.2901071123078354,2.1864954441179827,2.3448547681615337,2.2711011586727436,490.0,64.0,323.0,98.0,-1,1,True,True,
0.65,0.735,0.6,0.6,0.1,0.1,0.01,0.1,10,10.0,1.0,False,4,6,7,3,2.131353134222868,1.393036341999642,1.5408855317495536,0.14784918974991146,0.0767256118056516,2.2901071123078354,1.7584588140592812,2.333229309563939,2.0009703821575626,490.0,32.0,275.0,65.0,-1,1,True,True,
0.65,0.735,0.6,0.6,0.1,0.1,0.01,0.2,10,10.0,1.0,False,4,6,7,3,2.131353134222868,1.0475454889043607,1.3913066586167386,0.3437611697123779,0.18753601496244343,2.2901071123078354,1.244765176032695,2.333229309563939,1.7229766074926134,490.0,16.0,275.0,32.0,-1,1,True,True,
0.65,0.735,0.6,0.6,0.1,0.1,0.02,0.01,10,10.0,1.0,False,4,6,4,6,2.131353134222868,1.8220683955262935,1.8220683955262935,0.0,0.0,2.1790349556172037,2.838246118935468,2.1790349556172037,2.838246118935468,245.0,323.0,245.0,323.0,-1,-1,False,True,
0.65,0.735,0.6,0.6,0.1,0.1,0.02,0.02,10,10.0,1.0,False,4,6,5,5,2.131353134222868,1.7393504480632156,1.742822142534123,0.0034716944709074493,0.0017373546903771075,2.1790349556172037,2.6129199484316867,2.194120253178131,2.603979813399953,245.0,161.0,195.0,195.0,-1,0,False,True,
0.65,0.735,0.6,0.6,0.1,0.1,0.02,0.05,10,10.0,1.0,False,4,6,5,5,2.131353134222868,1.5611821061065614,1.5991134374363698,0.037931331329808415,0.019146656293883416,2.1790349556172037,2.1864954441179827,2.194120253178131,2.255411110695937,245.0,64.0,195.0,78.0,-1,0,False,True,
0.65,0.735,0.6,0.6,0.1,0.1,0.02,0.1,10,10.0,1.0,False,4,6,6,4,2.131353134222868,1.3433198494731453,1.4627003495422755,0.11938050006913015,0.06150769364548616,2.1790349556172037,1.7584588140592812,2.1754195472678735,1.9847219094065913,245.0,32.0,161.0,49.0,-1,1,True,True,
0.65,0.735,0.6,0.6,0.1,0.1,0.02,0.2,10,10.0,1.0,False,4,6,6,3,2.131353134222868,0.9978289963778639,1.3062099422390183,0.3083809458611544,0.16671309287758743,2.1790349556172037,1.244765176032695,2.160710235789028,1.708768544598329,245.0,16.0,153.0,31.0,-1,1,True,True,
0.65,0.735,0.6,0.6,0.1,0.1,0.05,0.01,10,10.0,1.0,False,4,6,4,6,2.131353134222868,1.716366850321468,1.716366850321468,0.0,0.0,1.960462770310016,2.838246118935468,1.960462770310016,2.838246118935468,98.0,323.0,98.0,323.0,-1,-1,False,True,
0.65,0.735,0.6,0.6,0.1,0.1,0.05,0.02,10,10.0,1.0,False,4,6,4,6,2.131353134222868,1.63364890285839,1.63364890285839,0.0,0.0,1.960462770310016,2.6129199484316867,1.960462770310016,2.6129199484316867,98.0,161.0,98.0,161.0,-1,-1,False,True,
0.65,0.735,0.6,0.6,0.1,0.1,0.05,0.05,10,10.0,1.0,False,4,6,4,5,2.131353134222868,1.4554805609017358,1.4677272958200547,0.012246734918318847,0.0061421535989170635,1.960462770310016,2.1864954441179827,1.9450082696412117,2.2310248792796448,98.0,64.0,93.0,74.0,-1,-1,False,True,
0.65,0.735,0.6,0.6,0.1,0.1,0.05,0.1,10,10.0,1.0,False,4,6,4,4,2.131353134222868,1.2376183042683198,1.3157508379600618,0.078132533691742,0.03983938824355891,1.960462770310016,1.7584588140592812,1.9283195452310125,1.9330555089236525,98.0,32.0,88.0,44.0,-1,0,False,True,
0.65,0.735,0.6,0.6,0.1,0.1,0.05,0.2,10,10.0,1.0,False,4,6,5,3,2.131353134222868,0.8921274511730384,1.1499533310929335,0.25782587991989514,0.13759108112936239,1.960462770310016,1.244765176032695,1.8815470526924478,1.678430267900279,98.0,16.0,70.0,29.0,-1,1,True,True,
0.65,0.735,0.6,0.6,0.1,0.1,0.1,0.01,10,10.0,1.0,False,4,6,3,7,2.131353134222868,1.5892767308814681,1.6201838953087133,0.03090716442724517,0.015573606285503742,1.7264899783640548,2.838246118935468,1.7716229303925617,2.8527626025332276,49.0,323.0,65.0,275.0,-1,-1,False,True,
0.65,0.735,0.6,0.6,0.1,0.1,0.1,0.02,10,10.0,1.0,False,4,6,3,7,2.131353134222868,1.5065587834183902,1.522480842862211,0.015922059443820746,0.007992802979008501,1.7264899783640548,2.6129199484316867,1.7716229303925617,2.587222241515349,49.0,161.0,65.0,137.0,-1,-1,False,True,
0.65,0.735,0.6,0.6,0.1,0.1,0.1,0.05,10,10.0,1.0,False,4,6,3,5,2.131353134222868,1.3283904414617358,1.343124953162178,0.014734511700442265,0.007394460847290499,1.7264899783640548,2.1864954441179827,1.7376202002062202,2.20473755055542,49.0,64.0,58.0,70.0,-1,-1,False,True,
0.65,0.735,0.6,0.6,0.1,0.1,0.1,0.1,10,10.0,1.0,False,4,6,3,3,2.131353134222868,1.11052818482832,1.1857706130964794,0.07524242826815941,0.03833785067750572,1.7264899783640548,1.7584588140592812,1.7035384962660851,1.9214172348489529,49.0,32.0,52.0,52.0,-1,0,False,True,
0.65,0.735,0.6,0.6,0.1,0.1,0.1,0.2,10,10.0,1.0,False,4,6,3,3,2.131353134222868,0.7650373317330385,1.0196414739322117,0.25460414219917327,0.13576004625542287,1.7264899783640548,1.244765176032695,1.7035384962660851,1.6273190688909394,49.0,16.0,52.0,26.0,-1,0,False,True,
0.65,0.735,0.6,0.6,0.1,0.1,0.2,0.01,10,10.0,1.0,False,4,6,2,8,2.131353134222868,1.3912092383536,1.503370382616936,0.1121611442633359,0.057682900069421686,1.4162647394812726,2.838246118935468,1.5815733408146029,2.8432570559182144,24.0,323.0,49.0,240.0,-1,-1,False,True,
0.65,0.735,0.6,0.6,0.1,0.1,0.2,0.02,10,10.0,1.0,False,4,6,2,7,2.131353134222868,1.3084912908905222,1.393255989343729,0.08476469845320689,0.04329330488871656,1.4162647394812726,2.6129199484316867,1.5711251888631461,2.5637318370942896,24.0,161.0,47.0,130.0,-1,-1,False,True,
0.65,0.735,0.6,0.6,0.1,0.1,0.2,0.05,10,10.0,1.0,False,4,6,2,5,2.131353134222868,1.130322948933868,1.2107176219584321,0.08039467302456416,0.04101618442731605,1.4162647394812726,2.1864954441179827,1.542025357335688,2.1762884990871756,24.0,64.0,42.0,66.0,-1,-1,False,True,
0.65,0.735,0.6,0.6,0.1,0.1,0.2,0.1,10,10.0,1.0,False,4,6,2,3,2.131353134222868,0.9124606923004521,1.0477118947088035,0.13525120240835142,0.06996464000576502,1.4162647394812726,1.7584588140592812,1.5076370544698354,1.8911182753001696,24.0,32.0,37.0,48.0,-1,-1,False,True,
0.65,0.735,0.6,0.6,0.1,0.1,0.2,0.2,10,10.0,1.0,False,4,6,2,2,2.131353134222868,0.5669698392051706,0.8791994761933886,0.31222963698821793,0.16896041365916326,1.4162647394812726,1.244765176032695,1.483742948123132,1.623576711280434,24.0,16.0,34.0,34.0,-1,0,False,True,
0.65,0.8,0.6,0.6,0.1,0.1,0.01,0.01,10,10.0,1.0,False,4,6,4,6,2.3005670517578816,2.035557586161248,2.035557586161248,0.0,0.0,2.2901071123078354,3.3433021818018878,2.2901071123078354,3.3433021818018878,490.0,323.0,490.0,323.0,-1,-1,False,True,
0.65,0.8,0.6,0.6,0.1,0.1,0.01,0.02,10,10.0,1.0,False,4,6,5,5,2.3005670517578816,1.9497253608317608,1.9507059738991512,0.0009806130673903901,0.0004904267535910845,2.2901071123078354,3.0683095366872117,2.335510232253862,3.0116123258158107,490.0,161.0,390.0,195.0,-1,0,False,True,
0.65,0.8,0.6,0.6,0.1,0.1,0.01,0.05,10,10.0,1.0,False,4,6,5,5,2.3005670517578816,1.7639522112181254,1.8036658531020402,0.039713641883914796,0.020055279016565432,2.2901071123078354,2.548114364711351,2.335510232253862,2.599802474949467,490.0,64.0,390.0,78.0,-1,0,False,True,
0.65,0.8,0.6,0.6,0.1,0.1,0.01,0.1,10,10.0,1.0,False,4,6,6,4,2.3005670517578816,1.5347826537912743,1.6613456673136628,0.12656301352238852,0.06532669369095112,2.2901071123078354,2.0262444669625257,2.3448547681615337,2.245935638582173,490.0,32.0,323.0,49.0,-1,1,True,True,
0.65,0.8,0.6,0.6,0.1,0.1,0.01,0.2,10,10.0,1.0,False,4,6,7,3,2.3005670517578816,1.165303494109915,1.493872927250342,0.32856943314042697,0.17854981999112735,2.2901071123078354,1.4003257718127338,2.333229309563939,1.9090765614624543,490.0,16.0,275.0,32.0,-1,1,True,True,
0.65,0.8,0.6,0.6,0.1,0.1,0.02,0.01,10,10.0,1.0,False,4,6,4,6,2.3005670517578816,1.985841093634751,1.985841093634751,0.0,0.0,2.1790349556172037,3.3433021818018878,2.1790349556172037,3.3433021818018878,245.0,323.0,245.0,323.0,-1,-1,False,True,
0.65,0.8,0.6,0.6,0.1,0.1,0.02,0.02,10,10.0,1.0,False,4,6,4,6,2.3005670517578816,1.9000088683052643,1.9000088683052643,0.0,0.0,2.1790349556172037,3.0683095366872117,2.1790349556172037,3.0683095366872117,245.0,161.0,245.0,161.0,-1,-1,False,True,
0.65,0.8,0.6,0.6,0.1,0.1,0.02,0.05,10,10.0,1.0,False,4,6,5,5,2.3005670517578816,1.7142357186916286,1.7412166413366026,0.02698092264497398,0.013581868173521302,2.1790349556172037,2.548114364711351,2.194120253178131,2.599802474949467,245.0,64.0,195.0,78.0,-1,0,False,True,
0.65,0.8,0.6,0.6,0.1,0.1,0.02,0.1,10,10.0,1.0,False,4,6,6,4,2.3005670517578816,1.4850661612647775,1.586343741121353,0.10127757985657548,0.05194285229690467,2.1790349556172037,2.0262444669625257,2.1754195472678735,2.245935638582173,245.0,32.0,161.0,49.0,-1,1,True,True,
0.65,0.8,0.6,0.6,0.1,0.1,0.02,0.2,10,10.0,1.0,False,4,6,6,3,2.3005670517578816,1.1155870015834184,1.4087842646543614,0.29319726307094296,0.15788912956931989,2.1790349556172037,1.4003257718127338,2.160710235789028,1.8933491239414637,245.0,16.0,153.0,31.0,-1,1,True,True,
0.65,0.8,0.6,0.6,0.1,0.1,0.05,0.01,10,10.0,1.0,False,4,6,3,7,2.3005670517578816,1.8801395484299255,1.8920569320735154,0.011917383643589963,0.0059764801400595405,1.960462770310016,3.3433021818018878,1.9478238764774216,3.405337805779915,98.0,323.0,131.0,275.0,-1,-1,False,True,
0.65,0.8,0.6,0.6,0.1,0.1,0.05,0.02,10,10.0,1.0,False,4,6,4,6,2.3005670517578816,1.7943073231004387,1.7943073231004387,0.0,0.0,1.960462770310016,3.0683095366872117,1.960462770310016,3.0683095366872117,98.0,161.0,98.0,161.0,-1,-1,False,True,
0.65,0.8,0.6,0.6,0.1,0.1,0.05,0.05,10,10.0,1.0,False,4,6,4,5,2.3005670517578816,1.608534173486803,1.609549618284652,0.0010154447978489856,0.0005078513117580655,1.960462770310016,2.548114364711351,1.9450082696412117,2.570970333906008,98.0,64.0,93.0,74.0,-1,-1,False,True,
0.65,0.8,0.6,0.6,0.1,0.1,0.05,0.1,10,10.0,1.0,False,4,6,4,4,2.3005670517578816,1.379364616059952,1.4390826923224445,0.05971807626249248,0.03030928939395776,1.960462770310016,2.0262444669625257,1.9283195452310125,2.186787934584951,98.0,32.0,88.0,44.0,-1,0,False,True,
0.65,0.8,0.6,0.6,0.1,0.1,0.05,0.2,10,10.0,1.0,False,4,6,5,3,2.3005670517578816,1.0098854563785928,1.252538975404636,0.24265351902604326,0.1289937615533015,1.960462770310016,1.4003257718127338,1.8815470526924478,1.859754773058252,98.0,16.0,70.0,29.0,-1,1,True,True,
0.65,0.8,0.6,0.6,0.1,0.1,0.1,0.01,10,10.0,1.0,False,4,6,3,7,2.3005670517578816,1.7530494289899257,1.7972401797335587,0.04419075074363299,0.02234128600101766,1.7264899783640548,3.3433021818018878,1.7716229303925617,3.405337805779915,49.0,323.0,65.0,275.0,-1,-1,False,True,
0.65,0.8,0.6,0.6,0.1,0.1,0.1,0.02,10,10.0,1.0,False,4,6,3,7,2.3005670517578816,1.6672172036604387,1.694039962981536,0.026822759321097234,0.013501715604216504,1.7264899783640548,3.0683095366872117,1.7716229303925617,3.0714320746904,49.0,161.0,65.0,137.0,-1,-1,False,True,
0.65,0.8,0.6,0.6,0.1,0.1,0.1,0.05,10,10.0,1.0,False,4,6,3,6,2.3005670517578816,1.4814440540468032,1.4865385434410998,0.005094489394296575,0.002550491681290923,1.7264899783640548,2.548114364711351,1.757713471263672,2.5156337077660686,49.0,64.0,62.0,61.0,-1,-1,False,True,
0.65,0.8,0.6,0.6,0.1,0.1,0.1,0.1,10,10.0,1.0,False,4,6,3,4,2.3005670517578816,1.2522744966199522,1.3069860836767946,0.054711587056842426,0.027733398613482983,1.7264899783640548,2.0262444669625257,1.7212286378806871,2.1467342277567676,49.0,32.0,55.0,41.0,-1,-1,False,True,
0.65,0.8,0.6,0.6,0.1,0.1,0.1,0.2,10,10.0,1.0,False,4,6,3,3,2.3005670517578816,0.8827953369385929,1.1222270160940466,0.2394316791554537,0.12717650711468398,1.7264899783640548,1.4003257718127338,1.7035384962660851,1.8031217348677062,49.0,16.0,52.0,26.0,-1,0,False,True,
0.65,0.8,0.6,0.6,0.1,0.1,0.2,0.01,10,10.0,1.0,False,4,6,2,8,2.3005670517578816,1.5549819364620576,1.6903949314020796,0.135412994940022,0.07005119965084612,1.4162647394812726,3.3433021818018878,1.5815733408146029,3.427992437042611,24.0,323.0,49.0,240.0,-1,-1,False,True,
0.65,0.8,0.6,0.6,0.1,0.1,0.2,0.02,10,10.0,1.0,False,4,6,2,8,2.3005670517578816,1.4691497111325709,1.5707659969597672,0.10161628582719628,0.052121017045257276,1.4162647394812726,3.0683095366872117,1.5815733408146029,3.0414849302621936,24.0,161.0,49.0,120.0,-1,-1,False,True,
0.65,0.8,0.6,0.6,0.1,0.1,0.2,0.05,10,10.0,1.0,False,4,6,2,5,2.3005670517578816,1.2833765615189352,1.3518821752313976,0.06850561371246244,0.034846189873663204,1.4162647394812726,2.548114364711351,1.542025357335688,2.5062445957958803,24.0,64.0,42.0,66.0,-1,-1,False,True,
0.65,0.8,0.6,0.6,0.1,0.1,0.2,0.1,10,10.0,1.0,False,4,6,2,4,2.3005670517578816,1.0542070040920841,1.170472446564713,0.11626544247262882,0.05985565172847297,1.4162647394812726,2.0262444669625257,1.5221265885860873,2.11777078312306,24.0,32.0,39.0,39.0,-1,-1,False,True,
0.65,0.8,0.6,0.6,0.1,0.1,0.2,0.2,10,10.0,1.0,False,4,6,2,3,2.3005670517578816,0.684727844410725,0.976047418217011,0.29131957380628604,0.15680256171420254,1.4162647394812726,1.4003257718127338,1.5076370544698354,1.7603345173382352,24.0,16.0,37.0,24.0,-1,-1,False,True,
0.65,0.85,0.6,0.6,0.1,0.1,0.01,0.01,10,10.0,1.0,False,4,6,4,6,2.4370995160041735,2.173849298322216,2.173849298322216,0.0,0.0,2.2901071123078354,3.8391489249838733,2.2901071123078354,3.8391489249838733,490.0,323.0,490.0,323.0,-1,-1,False,True,
0.65,0.85,0.6,0.6,0.1,0.1,0.01,0.02,10,10.0,1.0,False,4,6,4,6,2.4370995160041735,2.0886962426962694,2.0886962426962694,0.0,0.0,2.2901071123078354,3.5257657696580753,2.2901071123078354,3.5257657696580753,490.0,161.0,490.0,161.0,-1,-1,False,True,
0.65,0.85,0.6,0.6,0.1,0.1,0.01,0.05,10,10.0,1.0,False,4,6,5,5,2.4370995160041735,1.9038978868832133,1.9284720945841547,0.02457420770094143,0.01236290043301962,2.2901071123078354,2.9308699683326807,2.335510232253862,2.9453914028034465,490.0,64.0,390.0,78.0,-1,0,False,True,
0.65,0.85,0.6,0.6,0.1,0.1,0.01,0.1,10,10.0,1.0,False,4,6,6,4,2.4370995160041735,1.6750291492100144,1.770237305788974,0.09520815657895954,0.04875534810398447,2.2901071123078354,2.331310506966666,2.3448547681615337,2.5043114797230586,490.0,32.0,323.0,49.0,-1,1,True,True,
0.65,0.85,0.6,0.6,0.1,0.1,0.01,0.2,10,10.0,1.0,False,4,6,7,3,2.4370995160041735,1.3039348806932543,1.5838256045041357,0.2798907238108814,0.15021095180557345,2.2901071123078354,1.6085550479787172,2.333229309563939,2.0887636308065316,490.0,16.0,275.0,32.0,-1,1,True,True,
0.65,0.85,0.6,0.6,0.1,0.1,0.02,0.01,10,10.0,1.0,False,4,6,4,6,2.4370995160041735,2.1241328057957194,2.1241328057957194,0.0,0.0,2.1790349556172037,3.8391489249838733,2.1790349556172037,3.8391489249838733,245.0,323.0,245.0,323.0,-1,-1,False,True,
0.65,0.85,0.6,0.6,0.1,0.1,0.02,0.02,10,10.0,1.0,False,4,6,4,6,2.4370995160041735,2.038979750169773,2.038979750169773,0.0,0.0,2.1790349556172037,3.5257657696580753,2.1790349556172037,3.5257657696580753,245.0,161.0,245.0,161.0,-1,-1,False,True,
0.65,0.85,0.6,0.6,0.1,0.1,0.02,0.05,10,10.0,1.0,False,4,6,5,5,2.4370995160041735,1.8541813943567167,1.866022882818717,0.011841488462000394,0.005938306480545794,2.1790349556172037,2.9308699683326807,2.194120253178131,2.9453914028034465,245.0,64.0,195.0,78.0,-1,0,False,True,
0.65,0.85,0.6,0.6,0.1,0.1,0.02,0.1,10,10.0,1.0,False,4,6,6,4,2.4370995160041735,1.6253126566835179,1.6952353795966641,0.06992272291314627,0.03557969473557864,2.1790349556172037,2.331310506966666,2.1754195472678735,2.5043114797230586,245.0,32.0,161.0,49.0,-1,1,True,True,
0.65,0.85,0.6,0.6,0.1,0.1,0.02,0.2,10,10.0,1.0,False,4,6,6,3,2.4370995160041735,1.2542183881667577,1.4989655435447964,0.2447471553780387,0.13017623155104463,2.1790349556172037,1.6085550479787172,2.160710235789028,2.072029502658232,245.0,16.0,153.0,31.0,-1,1,True,True,
0.65,0.85,0.6,0.6,0.1,0.1,0.05,0.01,10,10.0,1.0,False,4,6,3,7,2.4370995160041735,2.018431260590894,2.04505677387977,0.026625513288875968,0.013401765936940153,1.960462770310016,3.8391489249838733,1.9478238764774216,3.96832457904921,98.0,323.0,131.0,275.0,-1,-1,False,True,
0.65,0.85,0.6,0.6,0.1,0.1,0.05,0.02,10,10.0,1.0,False,4,6,3,7,2.4370995160041735,1.933278204964947,1.9414071412260965,0.008128936261149411,0.004072739283315962,1.960462770310016,3.5257657696580753,1.9478238764774216,3.577607756390256,98.0,161.0,131.0,137.0,-1,-1,False,True,
0.65,0.85,0.6,0.6,0.1,0.1,0.05,0.05,10,10.0,1.0,False,4,6,4,6,2.4370995160041735,1.7484798491518911,1.7484798491518911,0.0,0.0,1.960462770310016,2.9308699683326807,1.960462770310016,2.9308699683326807,98.0,64.0,98.0,64.0,-1,-1,False,True,
0.65,0.85,0.6,0.6,0.1,0.1,0.05,0.1,10,10.0,1.0,False,4,6,5,5,2.4370995160041735,1.5196111114786923,1.555837988080489,0.036226876601796576,0.01827848161910758,1.960462770310016,2.331310506966666,1.9212953463077722,2.46659429189014,98.0,32.0,78.0,39.0,-1,0,False,True,
0.65,0.85,0.6,0.6,0.1,0.1,0.05,0.2,10,10.0,1.0,False,4,6,5,3,2.4370995160041735,1.1485168429619321,1.3432125158681907,0.19469567290625855,0.10224370749009636,1.960462770310016,1.6085550479787172,1.8815470526924478,2.036266893045987,98.0,16.0,70.0,29.0,-1,1,True,True,
0.65,0.85,0.6,0.6,0.1,0.1,0.1,0.01,10,10.0,1.0,False,4,6,3,7,2.4370995160041735,1.8913411411508938,1.950240021539813,0.05889888038891922,0.029887363250707663,1.7264899783640548,3.8391489249838733,1.7716229303925617,3.96832457904921,49.0,323.0,65.0,275.0,-1,-1,False,True,
0.65,0.85,0.6,0.6,0.1,0.1,0.1,0.02,10,10.0,1.0,False,4,6,3,7,2.4370995160041735,1.8061880855249473,1.8465903888861401,0.04040230336119288,0.020406575881925505,1.7264899783640548,3.5257657696580753,1.7716229303925617,3.577607756390256,49.0,161.0,65.0,137.0,-1,-1,False,True,
0.65,0.85,0.6,0.6,0.1,0.1,0.1,0.05,10,10.0,1.0,False,4,6,3,6,2.4370995160041735,1.621389729711891,1.6265271326384148,0.005137402926523649,0.0025720034034931107,1.7264899783640548,2.9308699683326807,1.757713471263672,2.8936345226844016,49.0,64.0,62.0,61.0,-1,-1,False,True,
0.65,0.85,0.6,0.6,0.1,0.1,0.1,0.1,10,10.0,1.0,False,4,6,3,5,2.4370995160041735,1.3925209920386923,1.420009239509092,0.027488247470399685,0.013839008407711503,1.7264899783640548,2.331310506966666,1.7376202002062202,2.380933799514364,49.0,32.0,58.0,35.0,-1,-1,False,True,
0.65,0.85,0.6,0.6,0.1,0.1,0.1,0.2,10,10.0,1.0,False,4,6,3,3,2.4370995160041735,1.021426723521932,1.2137433198366177,0.19231659631468556,0.10093332591779434,1.7264899783640548,1.6085550479787172,1.7035384962660851,1.9759232621685887,49.0,16.0,52.0,26.0,-1,0,False,True,
0.65,0.85,0.6,0.6,0.1,0.1,0.2,0.01,10,10.0,1.0,False,4,6,2,8,2.4370995160041735,1.693273648623026,1.8556364534510683,0.16236280482804233,0.08456762190777826,1.4162647394812726,3.8391489249838733,1.5815733408146029,4.043927270905668,24.0,323.0,49.0,240.0,-1,-1,False,True,
0.65,0.85,0.6,0.6,0.1,0.1,0.2,0.02,10,10.0,1.0,False,4,6,2,8,2.4370995160041735,1.6081205929970792,1.7339081099782525,0.1257875169811733,0.06491369518274347,1.4162647394812726,3.5257657696580753,1.5815733408146029,3.5804481461929063,24.0,161.0,49.0,120.0,-1,-1,False,True,
0.65,0.85,0.6,0.6,0.1,0.1,0.2,0.05,10,10.0,1.0,False,4,6,2,7,2.4370995160041735,1.4233222371840233,1.4849061571180284,0.06158391993400514,0.03127093592839422,1.4162647394812726,2.9308699683326807,1.5711251888631461,2.809802268102092,24.0,64.0,47.0,52.0,-1,-1,False,True,
0.65,0.85,0.6,0.6,0.1,0.1,0.2,0.1,10,10.0,1.0,False,4,6,2,4,2.4370995160041735,1.1944534995108245,1.2807038124120715,0.08625031290124707,0.04406855858873778,1.4162647394812726,2.331310506966666,1.5221265885860873,2.364568100478018,24.0,32.0,39.0,39.0,-1,-1,False,True,
0.65,0.85,0.6,0.6,0.1,0.1,0.2,0.2,10,10.0,1.0,False,4,6,2,3,2.4370995160041735,0.8233592309940643,1.0682119864888908,0.24485275549482655,0.1302359064974724,1.4162647394812726,1.6085550479787172,1.5076370544698354,1.9302864776768527,24.0,16.0,37.0,24.0,-1,-1,False,True,
0.7,0.65,0.6,0.6,0.1,0.1,0.01,0.01,10,10.0,1.0,False,5,5,5,5,2.0502150870990756,1.7979501195130378,1.7979501195130378,0.0,0.0,2.5849850830906473,2.335510232253862,2.5849850830906473,2.335510232253862,390.0,390.0,390.0,390.0,0,0,False,True,
0.7,0.65,0.6,0.6,0.1,0.1,0.01,0.02,10,10.0,1.0,False,5,5,6,4,2.0502150870990756,1.7355009077476002,1.740451905013821,0.004950997266220725,0.0024785652097649735,2.5849850830906473,2.194120253178131,2.6157995528592886,2.1790349556172037,390.0,195.0,323.0,245.0,0,1,False,True,
0.7,0.65,0.6,0.6,0.1,0.1,0.01,0.05,10,10.0,1.0,False,5,5,6,4,2.0502150870990756,1.602719355473749,1.6347503598089954,0.032031004335246305,0.01614443772539991,2.5849850830906473,1.9212953463077722,2.6157995528592886,1.960462770310016,390.0,78.0,323.0,98.0,0,1,False,True,
0.7,0.65,0.6,0.6,0.1,0.1,0.01,0.1,10,10.0,1.0,False,5,5,7,3,2.0502150870990756,1.4425446433044586,1.5335656171468086,0.09102097384234997,0.046561979769387446,2.5849850830906473,1.6369338788722716,2.6160605538933472,1.7716229303925617,390.0,39.0,275.0,65.0,0,1,False,True,
0.7,0.65,0.6,0.6,0.1,0.1,0.01,0.2,10,10.0,1.0,False,5,5,8,2,2.0502150870990756,1.187652311424636,1.4134320726767293,0.22577976125209331,0.11950864656930556,2.5849850830906473,1.268623651780401,2.5987016002584316,1.5815733408146029,390.0,19.0,240.0,49.0,0,1,False,True,
0.7,0.65,0.6,0.6,0.1,0.1,0.02,0.01,10,10.0,1.0,False,5,5,5,5,2.0502150870990756,1.7323574017991439,1.7323574017991439,0.0,0.0,2.4208700967636347,2.335510232253862,2.4208700967636347,2.335510232253862,195.0,390.0,195.0,390.0,0,0,False,True,
0.7,0.65,0.6,0.6,0.1,0.1,0.02,0.02,10,10.0,1.0,False,5,5,5,5,2.0502150870990756,1.6699081900337063,1.6699081900337063,0.0,0.0,2.4208700967636347,2.194120253178131,2.4208700967636347,2.194120253178131,195.0,195.0,195.0,195.0,0,0,False,True,
0.7,0.65,0.6,0.6,0.1,0.1,0.02,0.05,10,10.0,1.0,False,5,5,6,4,2.0502150870990756,1.537126637759855,1.5548705985871474,0.01774396082729246,0.008911453079092023,2.4208700967636347,1.9212953463077722,2.414977682624679,1.960462770310016,195.0,78.0,161.0,98.0,0,1,False,True,
0.7,0.65,0.6,0.6,0.1,0.1,0.02,0.1,10,10.0,1.0,False,5,5,7,3,2.0502150870990756,1.3769519255905645,1.4401080676632088,0.0631561420726443,0.03208194815767535,2.4208700967636347,1.6369338788722716,2.3826469447661265,1.7716229303925617,195.0,39.0,137.0,65.0,0,1,False,True,
0.7,0.65,0.6,0.6,0.1,0.1,0.02,0.2,10,10.0,1.0,False,5,5,7,2,2.0502150870990756,1.122059593710742,1.311290230393023,0.1892306366822809,0.09923591788684835,2.4208700967636347,1.268623651780401,2.3619751262541406,1.5711251888631461,195.0,19.0,130.0,47.0,0,1,False,True,
0.7,0.65,0.6,0.6,0.1,0.1,0.05,0.01,10,10.0,1.0,False,5,5,4,6,2.0502150870990756,1.5924869917149194,1.6099302831122158,0.01744329139729639,0.008759790063728857,2.104876108496384,2.335510232253862,2.1333783769834134,2.3448547681615337,78.0,390.0,98.0,323.0,0,-1,False,True,
0.7,0.65,0.6,0.6,0.1,0.1,0.05,0.02,10,10.0,1.0,False,5,5,4,6,2.0502150870990756,1.5300377799494818,1.5349283569199057,0.004890576970423943,0.0024482806414979665,2.104876108496384,2.194120253178131,2.1333783769834134,2.1754195472678735,78.0,195.0,98.0,161.0,0,-1,False,True,
0.7,0.65,0.6,0.6,0.1,0.1,0.05,0.05,10,10.0,1.0,False,5,5,5,4,2.0502150870990756,1.3972562276756304,1.3989590118568116,0.001702784181181194,0.0008517546277163374,2.104876108496384,1.9212953463077722,2.0827575961759264,1.9450082696412117,78.0,78.0,74.0,93.0,0,1,False,True,
0.7,0.65,0.6,0.6,0.1,0.1,0.05,0.1,10,10.0,1.0,False,5,5,5,3,2.0502150870990756,1.23708151550634,1.2746947106436513,0.03761319513731132,0.01898455546834533,2.104876108496384,1.6369338788722716,2.058913125538192,1.7376202002062202,78.0,39.0,70.0,58.0,0,1,False,True,
0.7,0.65,0.6,0.6,0.1,0.1,0.05,0.2,10,10.0,1.0,False,5,5,5,2,2.0502150870990756,0.9821891836265175,1.1426613398366188,0.16047215621010125,0.08354283822284633,2.104876108496384,1.268623651780401,2.033105893064123,1.542025357335688,78.0,19.0,66.0,42.0,0,1,False,True,
0.7,0.65,0.6,0.6,0.1,0.1,0.1,0.01,10,10.0,1.0,False,5,5,3,7,2.0502150870990756,1.4228593771696871,1.4893361663841795,0.0664767892144924,0.033796961487877294,1.776471324957763,2.335510232253862,1.9004351544480809,2.333229309563939,39.0,390.0,65.0,275.0,0,-1,False,True,
0.7,0.65,0.6,0.6,0.1,0.1,0.1,0.02,10,10.0,1.0,False,5,5,3,6,2.0502150870990756,1.3604101654042495,1.4044404773612067,0.04403031195695717,0.02225927769264271,1.776471324957763,2.194120253178131,1.8851426545577317,2.160710235789028,39.0,195.0,62.0,153.0,0,-1,False,True,
0.7,0.65,0.6,0.6,0.1,0.1,0.1,0.05,10,10.0,1.0,False,5,5,3,4,2.0502150870990756,1.2276286131303982,1.2597156957671123,0.032087082636714115,0.016172929951903763,1.776471324957763,1.9212953463077722,1.845029203808156,1.910224147294711,39.0,78.0,55.0,83.0,0,-1,False,True,
0.7,0.65,0.6,0.6,0.1,0.1,0.1,0.1,10,10.0,1.0,False,5,5,3,3,2.0502150870990756,1.0674539009611077,1.1346048775987394,0.0671509766376317,0.03414550668553133,1.776471324957763,1.6369338788722716,1.8255792271143623,1.7035384962660851,39.0,39.0,52.0,52.0,0,0,False,True,
0.7,0.65,0.6,0.6,0.1,0.1,0.1,0.2,10,10.0,1.0,False,5,5,3,2,2.0502150870990756,0.8125615690812853,0.9967039555381448,0.18414238645685954,0.09644287861055295,1.776471324957763,1.268623651780401,1.797075093129335,1.5076370544698354,39.0,19.0,48.0,37.0,0,1,False,True,
0.7,0.65,0.6,0.6,0.1,0.1,0.2,0.01,10,10.0,1.0,False,5,5,2,8,2.0502150870990756,1.150223269347861,1.348889718263389,0.1986664489155281,0.10443426275665166,1.3525516062651648,2.335510232253862,1.6673075861009026,2.3109983487117134,19.0,390.0,49.0,240.0,0,-1,False,True,
0.7,0.65,0.6,0.6,0.1,0.1,0.2,0.02,10,10.0,1.0,False,5,5,2,7,2.0502150870990756,1.0877740575824233,1.2570646247756714,0.1692905671932481,0.08833094938132698,1.3525516062651648,2.194120253178131,1.6561637935604352,2.1224278900209432,19.0,195.0,47.0,130.0,0,-1,False,True,
0.7,0.65,0.6,0.6,0.1,0.1,0.2,0.05,10,10.0,1.0,False,5,5,2,4,2.0502150870990756,0.9549925053085719,1.1092817981579608,0.15428929284938886,0.08019831191665262,1.3525516062651648,1.9212953463077722,1.6038919426268636,1.8905138273068713,19.0,78.0,39.0,78.0,0,-1,False,True,
0.7,0.65,0.6,0.6,0.1,0.1,0.2,0.1,10,10.0,1.0,False,5,5,2,3,2.0502150870990756,0.7948177931392815,0.9801192367871319,0.1853014436478504,0.09707848276963874,1.3525516062651648,1.6369338788722716,1.5884310180706511,1.67761390438563,19.0,39.0,37.0,48.0,0,-1,False,True,
0.7,0.65,0.6,0.6,0.1,0.1,0.2,0.2,10,10.0,1.0,False,5,5,2,2,2.0502150870990756,0.539925461259459,0.8411311984035061,0.3012057371440472,0.16253488725618706,1.3525516062651648,1.268623651780401,1.5629315933211547,1.483742948123132,19.0,19.0,34.0,34.0,0,0,False,True,
0.7,0.7,0.6,0.6,0.1,0.1,0.01,0.01,10,10.0,1.0,False,5,5,5,5,2.1576149227390196,1.8994394747583925,1.8994394747583925,0.0,0.0,2.5849850830906473,2.5849850830906473,2.5849850830906473,2.5849850830906473,390.0,390.0,390.0,390.0,0,0,False,True,
0.7,0.7,0.6,0.6,0.1,0.1,0.01,0.02,10,10.0,1.0,False,5,5,5,5,2.1576149227390196,1.8338467570444985,1.8338467570444985,0.0,0.0,2.5849850830906473,2.4208700967636347,2.5849850830906473,2.4208700967636347,390.0,195.0,390.0,195.0,0,0,False,True,
0.7,0.7,0.6,0.6,0.1,0.1,0.01,0.05,10,10.0,1.0,False,5,5,6,4,2.1576149227390196,1.693976346960274,1.719276622820073,0.025300275859799104,0.01273048938624769,2.5849850830906473,2.104876108496384,2.6157995528592886,2.1333783769834134,390.0,78.0,323.0,98.0,0,1,False,True,
0.7,0.7,0.6,0.6,0.1,0.1,0.01,0.1,10,10.0,1.0,False,5,5,7,3,2.1576149227390196,1.5243487324150418,1.6037524694460206,0.0794037370309788,0.04050052198145773,2.5849850830906473,1.776471324957763,2.6160605538933472,1.9004351544480809,390.0,39.0,275.0,65.0,0,1,False,True,
0.7,0.7,0.6,0.6,0.1,0.1,0.01,0.2,10,10.0,1.0,False,5,5,8,2,2.1576149227390196,1.2517126245932153,1.4662220372829653,0.21450941268975,0.11321776199941959,2.5849850830906473,1.3525516062651648,2.5987016002584316,1.6673075861009026,390.0,19.0,240.0,49.0,0,1,False,True,
0.7,0.7,0.6,0.6,0.1,0.1,0.02,0.01,10,10.0,1.0,False,5,5,5,5,2.1576149227390196,1.8338467570444985,1.8338467570444985,0.0,0.0,2.4208700967636347,2.5849850830906473,2.4208700967636347,2.5849850830906473,195.0,390.0,195.0,390.0,0,0,False,True,
0.7,0.7,0.6,0.6,0.1,0.1,0.02,0.02,10,10.0,1.0,False,5,5,5,5,2.1576149227390196,1.7682540393306043,1.7682540393306043,0.0,0.0,2.4208700967636347,2.4208700967636347,2.4208700967636347,2.4208700967636347,195.0,195.0,195.0,195.0,0,0,False,True,
0.7,0.7,0.6,0.6,0.1,0.1,0.02,0.05,10,10.0,1.0,False,5,5,6,4,2.1576149227390196,1.6283836292463798,1.6393968615982248,0.011013232351845037,0.0055218054544873664,2.4208700967636347,2.104876108496384,2.414977682624679,2.1333783769834134,195.0,78.0,161.0,98.0,0,1,False,True,
0.7,0.7,0.6,0.6,0.1,0.1,0.02,0.1,10,10.0,1.0,False,5,5,7,3,2.1576149227390196,1.4587560147011476,1.5102949199624207,0.05153890526127314,0.026104355541688558,2.4208700967636347,1.776471324957763,2.3826469447661265,1.9004351544480809,195.0,39.0,137.0,65.0,0,1,False,True,
0.7,0.7,0.6,0.6,0.1,0.1,0.02,0.2,10,10.0,1.0,False,5,5,7,2,2.1576149227390196,1.1861199068793213,1.364002147148037,0.17788224026871569,0.09301629777887957,2.4208700967636347,1.3525516062651648,2.3619751262541406,1.6561637935604352,195.0,19.0,130.0,47.0,0,1,False,True,
0.7,0.7,0.6,0.6,0.1,0.1,0.05,0.01,10,10.0,1.0,False,5,5,4,6,2.1576149227390196,1.693976346960274,1.719276622820073,0.025300275859799104,0.01273048938624769,2.104876108496384,2.5849850830906473,2.1333783769834134,2.6157995528592886,78.0,390.0,98.0,323.0,0,-1,False,True,
0.7,0.7,0.6,0.6,0.1,0.1,0.05,0.02,10,10.0,1.0,False,5,5,4,6,2.1576149227390196,1.6283836292463798,1.6393968615982248,0.011013232351845037,0.0055218054544873664,2.104876108496384,2.4208700967636347,2.1333783769834134,2.414977682624679,78.0,195.0,98.0,161.0,0,-1,False,True,
0.7,0.7,0.6,0.6,0.1,0.1,0.05,0.05,10,10.0,1.0,False,5,5,5,5,2.1576149227390196,1.4885132191621553,1.4885132191621553,0.0,0.0,2.104876108496384,2.104876108496384,2.104876108496384,2.104876108496384,78.0,78.0,78.0,78.0,0,0,False,True,
0.7,0.7,0.6,0.6,0.1,0.1,0.05,0.1,10,10.0,1.0,False,5,5,5,3,2.1576149227390196,1.318885604616923,1.3443937831285817,0.025508178511658652,0.012835769535339641,2.104876108496384,1.776471324957763,2.058913125538192,1.8630511529148988,78.0,39.0,70.0,58.0,0,1,False,True,
0.7,0.7,0.6,0.6,0.1,0.1,0.05,0.2,10,10.0,1.0,False,5,5,5,2,2.1576149227390196,1.0462494967950968,1.1951476192626007,0.1488981224675039,0.0772904662773343,2.104876108496384,1.3525516062651648,2.033105893064123,1.6251221771240651,78.0,19.0,66.0,42.0,0,1,False,True,
0.7,0.7,0.6,0.6,0.1,0.1,0.1,0.01,10,10.0,1.0,False,5,5,3,7,2.1576149227390196,1.5243487324150418,1.6037524694460206,0.0794037370309788,0.04050052198145773,1.776471324957763,2.5849850830906473,1.9004351544480809,2.6160605538933472,39.0,390.0,65.0,275.0,0,-1,False,True,
0.7,0.7,0.6,0.6,0.1,0.1,0.1,0.02,10,10.0,1.0,False,5,5,3,7,2.1576149227390196,1.4587560147011476,1.5102949199624207,0.05153890526127314,0.026104355541688558,1.776471324957763,2.4208700967636347,1.9004351544480809,2.3826469447661265,39.0,195.0,65.0,137.0,0,-1,False,True,
0.7,0.7,0.6,0.6,0.1,0.1,0.1,0.05,10,10.0,1.0,False,5,5,3,5,2.1576149227390196,1.318885604616923,1.3443937831285817,0.025508178511658652,0.012835769535339641,1.776471324957763,2.104876108496384,1.8630511529148988,2.058913125538192,39.0,78.0,58.0,70.0,0,-1,False,True,
0.7,0.7,0.6,0.6,0.1,0.1,0.1,0.1,10,10.0,1.0,False,5,5,3,3,2.1576149227390196,1.1492579900716908,1.203794642797555,0.054536652725864165,0.027643509617452905,1.776471324957763,1.776471324957763,1.8255792271143623,1.8255792271143623,39.0,39.0,52.0,52.0,0,0,False,True,
0.7,0.7,0.6,0.6,0.1,0.1,0.1,0.2,10,10.0,1.0,False,5,5,3,2,2.1576149227390196,0.8766218822498646,1.0489071429357812,0.17228526068591665,0.08996177884121108,1.776471324957763,1.3525516062651648,1.797075093129335,1.5884310180706511,39.0,19.0,48.0,37.0,0,1,False,True,
0.7,0.7,0.6,0.6,0.1,0.1,0.2,0.01,10,10.0,1.0,False,5,5,2,8,2.1576149227390196,1.2517126245932153,1.4662220372829653,0.21450941268975,0.11321776199941959,1.3525516062651648,2.5849850830906473,1.6673075861009026,2.5987016002584316,19.0,390.0,49.0,240.0,0,-1,False,True,
0.7,0.7,0.6,0.6,0.1,0.1,0.2,0.02,10,10.0,1.0,False,5,5,2,7,2.1576149227390196,1.1861199068793213,1.364002147148037,0.17788224026871569,0.09301629777887957,1.3525516062651648,2.4208700967636347,1.6561637935604352,2.3619751262541406,19.0,195.0,47.0,130.0,0,-1,False,True,
0.7,0.7,0.6,0.6,0.1,0.1,0.2,0.05,10,10.0,1.0,False,5,5,2,5,2.1576149227390196,1.0462494967950968,1.1951476192626007,0.1488981224675039,0.0772904662773343,1.3525516062651648,2.104876108496384,1.6251221771240651,2.033105893064123,19.0,78.0,42.0,66.0,0,-1,False,True,
0.7,0.7,0.6,0.6,0.1,0.1,0.2,0.1,10,10.0,1.0,False,5,5,2,3,2.1576149227390196,0.8766218822498646,1.0489071429357812,0.17228526068591665,0.08996177884121108,1.3525516062651648,1.776471324957763,1.5884310180706511,1.797075093129335,19.0,39.0,37.0,48.0,0,-1,False,True,
0.7,0.7,0.6,0.6,0.1,0.1,0.2,0.2,10,10.0,1.0,False,5,5,2,2,2.1576149227390196,0.6039857744280382,0.8931265684246272,0.289140793996589,0.15554303886187199,1.3525516062651648,1.3525516062651648,1.5629315933211547,1.5629315933211547,19.0,19.0,34.0,34.0,0,0,False,True,
0.7,0.735,0.6,0.6,0.1,0.1,0.01,0.01,10,10.0,1.0,False,5,5,5,5,2.2352602858680566,1.974019168808955,1.974019168808955,0.0,0.0,2.5849850830906473,2.7851435928723265,2.5849850830906473,2.7851435928723265,390.0,390.0,390.0,390.0,0,0,False,True,
0.7,0.735,0.6,0.6,0.1,0.1,0.01,0.02,10,10.0,1.0,False,5,5,5,5,2.2352602858680566,1.9067607095449153,1.9067607095449153,0.0,0.0,2.5849850830906473,2.603979813399953,2.5849850830906473,2.603979813399953,390.0,195.0,390.0,195.0,0,0,False,True,
0.7,0.735,0.6,0.6,0.1,0.1,0.01,0.05,10,10.0,1.0,False,5,5,6,4,2.2352602858680566,1.7630520044471618,1.7818346129350608,0.018782608487899033,0.009435540913213874,2.5849850830906473,2.255411110695937,2.6157995528592886,2.2711011586727436,390.0,78.0,323.0,98.0,0,1,False,True,
0.7,0.735,0.6,0.6,0.1,0.1,0.01,0.1,10,10.0,1.0,False,5,5,7,3,2.2352602858680566,1.588148279768862,1.6553018348113944,0.0671535550425324,0.034146839909311964,2.5849850830906473,1.893502980428062,2.6160605538933472,2.0009703821575626,390.0,39.0,275.0,65.0,0,1,False,True,
0.7,0.735,0.6,0.6,0.1,0.1,0.01,0.2,10,10.0,1.0,False,5,5,7,3,2.2352602858680566,1.3051983322304064,1.5057229616785794,0.20052462944817306,0.10546085870627682,2.5849850830906473,1.4268633803610762,2.6160605538933472,1.7229766074926134,390.0,19.0,275.0,32.0,0,1,False,True,
0.7,0.735,0.6,0.6,0.1,0.1,0.02,0.01,10,10.0,1.0,False,5,5,4,6,2.2352602858680566,1.9084264510950608,1.9105259971526634,0.0020995460576025415,0.001050324233370292,2.4208700967636347,2.7851435928723265,2.3805693922370943,2.838246118935468,195.0,390.0,245.0,323.0,0,-1,False,True,
0.7,0.735,0.6,0.6,0.1,0.1,0.02,0.02,10,10.0,1.0,False,5,5,5,5,2.2352602858680566,1.8411679918310213,1.8411679918310213,0.0,0.0,2.4208700967636347,2.603979813399953,2.4208700967636347,2.603979813399953,195.0,195.0,195.0,195.0,0,0,False,True,
0.7,0.735,0.6,0.6,0.1,0.1,0.02,0.05,10,10.0,1.0,False,5,5,6,4,2.2352602858680566,1.6974592867332676,1.7019548517132126,0.004495564979944966,0.0022503106469277004,2.4208700967636347,2.255411110695937,2.414977682624679,2.2711011586727436,195.0,78.0,161.0,98.0,0,1,False,True,
0.7,0.735,0.6,0.6,0.1,0.1,0.02,0.1,10,10.0,1.0,False,5,5,6,4,2.2352602858680566,1.522555562054968,1.5671688542205948,0.04461329216562682,0.022557299589261295,2.4208700967636347,1.893502980428062,2.414977682624679,1.9847219094065913,195.0,39.0,161.0,49.0,0,1,False,True,
0.7,0.735,0.6,0.6,0.1,0.1,0.02,0.2,10,10.0,1.0,False,5,5,7,3,2.2352602858680566,1.2396056145165122,1.4122654121949796,0.1726597976784674,0.09016591345792709,2.4208700967636347,1.4268633803610762,2.3826469447661265,1.7229766074926134,195.0,19.0,137.0,32.0,0,1,False,True,
0.7,0.735,0.6,0.6,0.1,0.1,0.05,0.01,10,10.0,1.0,False,5,5,4,6,2.2352602858680566,1.7685560410108363,1.8008931133325454,0.032337072321709126,0.01629995426576,2.104876108496384,2.7851435928723265,2.1333783769834134,2.838246118935468,78.0,390.0,98.0,323.0,0,-1,False,True,
0.7,0.735,0.6,0.6,0.1,0.1,0.05,0.02,10,10.0,1.0,False,5,5,4,6,2.2352602858680566,1.7012975817467968,1.7181751658694675,0.016877584122670708,0.008474499037638692,2.104876108496384,2.603979813399953,2.1333783769834134,2.6129199484316867,78.0,195.0,98.0,161.0,0,-1,False,True,
0.7,0.735,0.6,0.6,0.1,0.1,0.05,0.05,10,10.0,1.0,False,5,5,5,5,2.2352602858680566,1.557588876649043,1.557588876649043,0.0,0.0,2.104876108496384,2.255411110695937,2.104876108496384,2.255411110695937,78.0,78.0,78.0,78.0,0,0,False,True,
0.7,0.735,0.6,0.6,0.1,0.1,0.05,0.1,10,10.0,1.0,False,5,5,5,4,2.2352602858680566,1.3826851519707435,1.4038954207624132,0.021210268791669762,0.010661568153040375,2.104876108496384,1.893502980428062,2.0827575961759264,1.9546333629376154,78.0,39.0,74.0,46.0,0,1,False,True,
0.7,0.735,0.6,0.6,0.1,0.1,0.05,0.2,10,10.0,1.0,False,5,5,5,3,2.2352602858680566,1.0997352044322877,1.2400372268844908,0.14030202245220313,0.07267015425923487,2.104876108496384,1.4268633803610762,2.058913125538192,1.678430267900279,78.0,19.0,70.0,29.0,0,1,False,True,
0.7,0.735,0.6,0.6,0.1,0.1,0.1,0.01,10,10.0,1.0,False,5,5,3,7,2.2352602858680566,1.598928426465604,1.6903707476079253,0.0914423211423212,0.04678248602821526,1.776471324957763,2.7851435928723265,1.9004351544480809,2.8527626025332276,39.0,390.0,65.0,275.0,0,-1,False,True,
0.7,0.735,0.6,0.6,0.1,0.1,0.1,0.02,10,10.0,1.0,False,5,5,3,7,2.2352602858680566,1.5316699672015646,1.5926676951614231,0.06099772795985858,0.030968718846958707,1.776471324957763,2.603979813399953,1.9004351544480809,2.587222241515349,39.0,195.0,65.0,137.0,0,-1,False,True,
0.7,0.735,0.6,0.6,0.1,0.1,0.1,0.05,10,10.0,1.0,False,5,5,4,5,2.2352602858680566,1.3879612621038109,1.4129328557666925,0.024971593662881597,0.012564069820340971,1.776471324957763,2.255411110695937,1.841299898471687,2.2310248792796448,39.0,78.0,46.0,74.0,0,-1,False,True,
0.7,0.735,0.6,0.6,0.1,0.1,0.1,0.1,10,10.0,1.0,False,5,5,4,4,2.2352602858680566,1.2130575374255113,1.2586996815589058,0.04564214413339451,0.023083464959145712,1.776471324957763,1.893502980428062,1.821386028331137,1.9330555089236525,39.0,39.0,44.0,44.0,0,0,False,True,
0.7,0.735,0.6,0.6,0.1,0.1,0.1,0.2,10,10.0,1.0,False,5,5,3,3,2.2352602858680566,0.9301075898870554,1.0888312391310273,0.15872364924397186,0.08259596108810645,1.776471324957763,1.4268633803610762,1.8255792271143623,1.6273190688909394,39.0,19.0,52.0,26.0,0,0,False,True,
0.7,0.735,0.6,0.6,0.1,0.1,0.2,0.01,10,10.0,1.0,False,5,5,2,8,2.2352602858680566,1.3262923186437778,1.5561603472231718,0.22986802857939392,0.12179941239861874,1.3525516062651648,2.7851435928723265,1.6673075861009026,2.8432570559182144,19.0,390.0,49.0,240.0,0,-1,False,True,
0.7,0.735,0.6,0.6,0.1,0.1,0.2,0.02,10,10.0,1.0,False,5,5,2,7,2.2352602858680566,1.259033859379738,1.4459679060987436,0.1869340467190055,0.09797439523738512,1.3525516062651648,2.603979813399953,1.6561637935604352,2.5637318370942896,19.0,195.0,47.0,130.0,0,-1,False,True,
0.7,0.735,0.6,0.6,0.1,0.1,0.2,0.05,10,10.0,1.0,False,5,5,2,5,2.2352602858680566,1.1153251542819846,1.263203901384414,0.14787874710242943,0.07674152450247224,1.3525516062651648,2.255411110695937,1.6251221771240651,2.1762884990871756,19.0,78.0,42.0,66.0,0,-1,False,True,
0.7,0.735,0.6,0.6,0.1,0.1,0.2,0.1,10,10.0,1.0,False,5,5,2,3,2.2352602858680566,0.9404214296036848,1.09991508210644,0.15949365250275527,0.08301284254196835,1.3525516062651648,1.893502980428062,1.5884310180706511,1.8911182753001696,19.0,39.0,37.0,48.0,0,-1,False,True,
0.7,0.735,0.6,0.6,0.1,0.1,0.2,0.2,10,10.0,1.0,False,5,5,2,2,2.2352602858680566,0.6574714820652292,0.9311948462145098,0.27372336414928056,0.14666953260011611,1.3525516062651648,1.4268633803610762,1.5629315933211547,1.623576711280434,19.0,19.0,34.0,34.0,0,0,False,True,
0.7,0.8,0.6,0.6,0.1,0.1,0.01,0.01,10,10.0,1.0,False,4,6,4,6,2.394041848285459,2.125761790741156,2.125761790741156,0.0,0.0,2.5062880524645803,3.3433021818018878,2.5062880524645803,3.3433021818018878,490.0,323.0,490.0,323.0,-1,-1,False,True,
0.7,0.8,0.6,0.6,0.1,0.1,0.01,0.02,10,10.0,1.0,False,4,6,5,5,2.394041848285459,2.0399295654116694,2.0521953291445056,0.012265763732836277,0.006151726490666687,2.5062880524645803,3.0683095366872117,2.5849850830906473,3.0116123258158107,490.0,161.0,390.0,195.0,-1,0,False,True,
0.7,0.8,0.6,0.6,0.1,0.1,0.01,0.05,10,10.0,1.0,False,4,6,6,4,2.394041848285459,1.8541564157980335,1.90673843764693,0.0525820218488966,0.026639668364924252,2.5062880524645803,2.548114364711351,2.6157995528592886,2.5732472700094253,490.0,64.0,323.0,98.0,-1,1,True,True,
0.7,0.8,0.6,0.6,0.1,0.1,0.01,0.1,10,10.0,1.0,False,4,6,6,4,2.394041848285459,1.6249868583711824,1.7706920070215202,0.1457051486503378,0.07557195830392897,2.5062880524645803,2.0262444669625257,2.6157995528592886,2.245935638582173,490.0,32.0,323.0,49.0,-1,1,True,True,
0.7,0.8,0.6,0.6,0.1,0.1,0.01,0.2,10,10.0,1.0,False,4,6,7,3,2.394041848285459,1.2555076986898233,1.608289230312183,0.3527815316223597,0.19290411372920477,2.5062880524645803,1.4003257718127338,2.6160605538933472,1.9090765614624543,490.0,16.0,275.0,32.0,-1,1,True,True,
0.7,0.8,0.6,0.6,0.1,0.1,0.02,0.01,10,10.0,1.0,False,4,6,4,6,2.394041848285459,2.074298695261121,2.074298695261121,0.0,0.0,2.3805693922370943,3.3433021818018878,2.3805693922370943,3.3433021818018878,245.0,323.0,245.0,323.0,-1,-1,False,True,
0.7,0.8,0.6,0.6,0.1,0.1,0.02,0.02,10,10.0,1.0,False,4,6,4,6,2.394041848285459,1.9884664699316343,1.9884664699316343,0.0,0.0,2.3805693922370943,3.0683095366872117,2.3805693922370943,3.0683095366872117,245.0,161.0,245.0,161.0,-1,-1,False,True,
0.7,0.8,0.6,0.6,0.1,0.1,0.02,0.05,10,10.0,1.0,False,4,6,5,5,2.394041848285459,1.8026933203179984,1.8395624906335009,0.03686917031550241,0.01860555106873234,2.3805693922370943,2.548114364711351,2.4208700967636347,2.599802474949467,245.0,64.0,195.0,78.0,-1,0,False,True,
0.7,0.8,0.6,0.6,0.1,0.1,0.02,0.1,10,10.0,1.0,False,4,6,6,4,2.394041848285459,1.5735237628911474,1.6908122457996722,0.11728848290852478,0.06039792800325364,2.3805693922370943,2.0262444669625257,2.414977682624679,2.245935638582173,245.0,32.0,161.0,49.0,-1,1,True,True,
0.7,0.8,0.6,0.6,0.1,0.1,0.02,0.2,10,10.0,1.0,False,4,6,7,3,2.394041848285459,1.2040446032097885,1.514831680828583,0.31078707761879465,0.16811757026000976,2.3805693922370943,1.4003257718127338,2.3826469447661265,1.9090765614624543,245.0,16.0,137.0,32.0,-1,1,True,True,
0.7,0.8,0.6,0.6,0.1,0.1,0.05,0.01,10,10.0,1.0,False,4,6,4,6,2.394041848285459,1.964665811441003,1.964665811441003,0.0,0.0,2.1333783769834134,3.3433021818018878,2.1333783769834134,3.3433021818018878,98.0,323.0,98.0,323.0,-1,-1,False,True,
0.7,0.8,0.6,0.6,0.1,0.1,0.05,0.02,10,10.0,1.0,False,4,6,4,6,2.394041848285459,1.8788335861115162,1.8788335861115162,0.0,0.0,2.1333783769834134,3.0683095366872117,2.1333783769834134,3.0683095366872117,98.0,161.0,98.0,161.0,-1,-1,False,True,
0.7,0.8,0.6,0.6,0.1,0.1,0.05,0.05,10,10.0,1.0,False,4,6,5,5,2.394041848285459,1.6930604364978805,1.6996920805492763,0.006631644051395824,0.0033213254446557384,2.1333783769834134,2.548114364711351,2.104876108496384,2.599802474949467,98.0,64.0,78.0,78.0,-1,0,False,True,
0.7,0.8,0.6,0.6,0.1,0.1,0.05,0.1,10,10.0,1.0,False,4,6,5,4,2.394041848285459,1.4638908790710294,1.52736102566069,0.06347014658966055,0.032244000075427236,2.1333783769834134,2.0262444669625257,2.0827575961759264,2.211493861509397,98.0,32.0,74.0,46.0,-1,1,True,True,
0.7,0.8,0.6,0.6,0.1,0.1,0.05,0.2,10,10.0,1.0,False,4,6,5,3,2.394041848285459,1.0944117193896703,1.3426228711961934,0.2482111518065231,0.13213539090636237,2.1333783769834134,1.4003257718127338,2.058913125538192,1.859754773058252,98.0,16.0,70.0,29.0,-1,1,True,True,
0.7,0.8,0.6,0.6,0.1,0.1,0.1,0.01,10,10.0,1.0,False,4,6,3,7,2.394041848285459,1.8323991083625781,1.8674270320327708,0.035027923670192695,0.017668230567591793,1.8690683769967074,3.3433021818018878,1.9004351544480809,3.405337805779915,49.0,323.0,65.0,275.0,-1,-1,False,True,
0.7,0.8,0.6,0.6,0.1,0.1,0.1,0.02,10,10.0,1.0,False,4,6,3,7,2.394041848285459,1.7465668830330914,1.764226815280748,0.017659932247656718,0.008869065271354842,1.8690683769967074,3.0683095366872117,1.9004351544480809,3.0714320746904,49.0,161.0,65.0,137.0,-1,-1,False,True,
0.7,0.8,0.6,0.6,0.1,0.1,0.1,0.05,10,10.0,1.0,False,4,6,4,6,2.394041848285459,1.5607937334194557,1.5607937334194557,0.0,0.0,1.8690683769967074,2.548114364711351,1.8690683769967074,2.548114364711351,49.0,64.0,49.0,64.0,-1,-1,False,True,
0.7,0.8,0.6,0.6,0.1,0.1,0.1,0.1,10,10.0,1.0,False,4,6,4,4,2.394041848285459,1.3316241759926046,1.3820315359212885,0.05040735992868384,0.02552397794093001,1.8690683769967074,2.0262444669625257,1.821386028331137,2.186787934584951,49.0,32.0,44.0,44.0,-1,0,False,True,
0.7,0.8,0.6,0.6,0.1,0.1,0.1,0.2,10,10.0,1.0,False,4,6,3,3,2.394041848285459,0.9621450163112455,1.1914167812928622,0.22927176498161672,0.12146501817106128,1.8690683769967074,1.4003257718127338,1.8255792271143623,1.8031217348677062,49.0,16.0,52.0,26.0,-1,0,False,True,
0.7,0.8,0.6,0.6,0.1,0.1,0.2,0.01,10,10.0,1.0,False,4,6,2,8,2.394041848285459,1.6250726726490141,1.7431848960083154,0.11811222335930127,0.06083476429061633,1.5190933504005817,3.3433021818018878,1.6673075861009026,3.427992437042611,24.0,323.0,49.0,240.0,-1,-1,False,True,
0.7,0.8,0.6,0.6,0.1,0.1,0.2,0.02,10,10.0,1.0,False,4,6,2,8,2.394041848285459,1.5392404473195274,1.623555961566003,0.08431551424647554,0.04305901576167303,1.5190933504005817,3.0683095366872117,1.6673075861009026,3.0414849302621936,24.0,161.0,49.0,120.0,-1,-1,False,True,
0.7,0.8,0.6,0.6,0.1,0.1,0.2,0.05,10,10.0,1.0,False,4,6,3,6,2.394041848285459,1.3534672977058917,1.408398669354988,0.05493137164909623,0.02784634480230727,1.5190933504005817,2.548114364711351,1.6255950384519346,2.5156337077660686,24.0,64.0,31.0,61.0,-1,-1,False,True,
0.7,0.8,0.6,0.6,0.1,0.1,0.2,0.1,10,10.0,1.0,False,4,6,2,4,2.394041848285459,1.1242977402790406,1.2227971577922898,0.0984994175132492,0.05048263270368194,1.5190933504005817,2.0262444669625257,1.6038919426268636,2.11777078312306,24.0,32.0,39.0,39.0,-1,-1,False,True,
0.7,0.8,0.6,0.6,0.1,0.1,0.2,0.2,10,10.0,1.0,False,4,6,2,3,2.394041848285459,0.7548185805976815,1.0282506056146477,0.2734320250169662,0.14650250991213318,1.5190933504005817,1.4003257718127338,1.5884310180706511,1.7603345173382352,24.0,16.0,37.0,24.0,-1,-1,False,True,
0.7,0.85,0.6,0.6,0.1,0.1,0.01,0.01,10,10.0,1.0,False,4,6,4,6,2.5305743125317504,2.264053502902124,2.264053502902124,0.0,0.0,2.5062880524645803,3.8391489249838733,2.5062880524645803,3.8391489249838733,490.0,323.0,490.0,323.0,-1,-1,False,True,
0.7,0.85,0.6,0.6,0.1,0.1,0.01,0.02,10,10.0,1.0,False,4,6,4,6,2.5305743125317504,2.1789004472761775,2.1789004472761775,0.0,0.0,2.5062880524645803,3.5257657696580753,2.5062880524645803,3.5257657696580753,490.0,161.0,490.0,161.0,-1,-1,False,True,
0.7,0.85,0.6,0.6,0.1,0.1,0.01,0.05,10,10.0,1.0,False,4,6,5,5,2.5305743125317504,1.9941020914631216,2.0299614498295093,0.03585935836638776,0.01809138085501003,2.5062880524645803,2.9308699683326807,2.5849850830906473,2.9453914028034465,490.0,64.0,390.0,78.0,-1,0,False,True,
0.7,0.85,0.6,0.6,0.1,0.1,0.01,0.1,10,10.0,1.0,False,4,6,6,4,2.5305743125317504,1.7652333537899227,1.8795836454968313,0.11435029170690858,0.05884124580957405,2.5062880524645803,2.331310506966666,2.6157995528592886,2.5043114797230586,490.0,32.0,323.0,49.0,-1,1,True,True,
0.7,0.85,0.6,0.6,0.1,0.1,0.01,0.2,10,10.0,1.0,False,4,6,7,3,2.5305743125317504,1.3941390852731625,1.6982419075659765,0.30410282229281393,0.16422008878299452,2.5062880524645803,1.6085550479787172,2.6160605538933472,2.0887636308065316,490.0,16.0,275.0,32.0,-1,1,True,True,
0.7,0.85,0.6,0.6,0.1,0.1,0.02,0.01,10,10.0,1.0,False,4,6,4,6,2.5305743125317504,2.2125904074220895,2.2125904074220895,0.0,0.0,2.3805693922370943,3.8391489249838733,2.3805693922370943,3.8391489249838733,245.0,323.0,245.0,323.0,-1,-1,False,True,
0.7,0.85,0.6,0.6,0.1,0.1,0.02,0.02,10,10.0,1.0,False,4,6,4,6,2.5305743125317504,2.1274373517961425,2.1274373517961425,0.0,0.0,2.3805693922370943,3.5257657696580753,2.3805693922370943,3.5257657696580753,245.0,161.0,245.0,161.0,-1,-1,False,True,
0.7,0.85,0.6,0.6,0.1,0.1,0.02,0.05,10,10.0,1.0,False,4,6,5,5,2.5305743125317504,1.9426389959830868,1.9643687321156151,0.021729736132528377,0.010924105085063163,2.3805693922370943,2.9308699683326807,2.4208700967636347,2.9453914028034465,245.0,64.0,195.0,78.0,-1,0,False,True,
0.7,0.85,0.6,0.6,0.1,0.1,0.02,0.1,10,10.0,1.0,False,4,6,6,4,2.5305743125317504,1.713770258309888,1.7997038842749833,0.08593362596509535,0.04390325024035586,2.3805693922370943,2.331310506966666,2.414977682624679,2.5043114797230586,245.0,32.0,161.0,49.0,-1,1,True,True,
0.7,0.85,0.6,0.6,0.1,0.1,0.02,0.2,10,10.0,1.0,False,4,6,7,3,2.5305743125317504,1.3426759897931275,1.6047843580823766,0.2621083682892491,0.14002955116457844,2.3805693922370943,1.6085550479787172,2.3826469447661265,2.0887636308065316,245.0,16.0,137.0,32.0,-1,1,True,True,
0.7,0.85,0.6,0.6,0.1,0.1,0.05,0.01,10,10.0,1.0,False,4,6,3,7,2.5305743125317504,2.1029575236019715,2.1174870565997486,0.01452953299777704,0.00729121893315097,2.1333783769834134,3.8391489249838733,2.0941402166698713,3.96832457904921,98.0,323.0,131.0,275.0,-1,-1,False,True,
0.7,0.85,0.6,0.6,0.1,0.1,0.05,0.02,10,10.0,1.0,False,4,6,4,6,2.5305743125317504,2.0178044679760245,2.0178044679760245,0.0,0.0,2.1333783769834134,3.5257657696580753,2.1333783769834134,3.5257657696580753,98.0,161.0,98.0,161.0,-1,-1,False,True,
0.7,0.85,0.6,0.6,0.1,0.1,0.05,0.05,10,10.0,1.0,False,4,6,4,6,2.5305743125317504,1.8330061121629686,1.8330061121629686,0.0,0.0,2.1333783769834134,2.9308699683326807,2.1333783769834134,2.9308699683326807,98.0,64.0,98.0,64.0,-1,-1,False,True,
0.7,0.85,0.6,0.6,0.1,0.1,0.05,0.1,10,10.0,1.0,False,4,6,5,5,2.5305743125317504,1.6041373744897698,1.6470949795670138,0.042957605077244,0.021711132425567364,2.1333783769834134,2.331310506966666,2.104876108496384,2.46659429189014,98.0,32.0,78.0,39.0,-1,0,False,True,
0.7,0.85,0.6,0.6,0.1,0.1,0.05,0.2,10,10.0,1.0,False,4,6,5,3,2.5305743125317504,1.2330431059730096,1.4332964116597477,0.20025330568673816,0.10531089997919665,2.1333783769834134,1.6085550479787172,2.058913125538192,2.036266893045987,98.0,16.0,70.0,29.0,-1,1,True,True,
0.7,0.85,0.6,0.6,0.1,0.1,0.1,0.01,10,10.0,1.0,False,4,6,3,7,2.5305743125317504,1.9706908205235465,2.020426873839025,0.0497360533154787,0.025179815189647865,1.8690683769967074,3.8391489249838733,1.9004351544480809,3.96832457904921,49.0,323.0,65.0,275.0,-1,-1,False,True,
0.7,0.85,0.6,0.6,0.1,0.1,0.1,0.02,10,10.0,1.0,False,4,6,3,7,2.5305743125317504,1.8855377648975997,1.916777241185352,0.031239476287752366,0.01574236388244661,1.8690683769967074,3.5257657696580753,1.9004351544480809,3.577607756390256,49.0,161.0,65.0,137.0,-1,-1,False,True,
0.7,0.85,0.6,0.6,0.1,0.1,0.1,0.05,10,10.0,1.0,False,4,6,4,6,2.5305743125317504,1.7007394090845438,1.7007394090845438,0.0,0.0,1.8690683769967074,2.9308699683326807,1.8690683769967074,2.9308699683326807,49.0,64.0,49.0,64.0,-1,-1,False,True,
0.7,0.85,0.6,0.6,0.1,0.1,0.1,0.1,10,10.0,1.0,False,4,6,4,5,2.5305743125317504,1.471870671411345,1.4964221347830753,0.02455146337173031,0.012351387740937572,1.8690683769967074,2.331310506966666,1.841299898471687,2.425288159601471,49.0,32.0,46.0,37.0,-1,-1,False,True,
0.7,0.85,0.6,0.6,0.1,0.1,0.1,0.2,10,10.0,1.0,False,4,6,3,3,2.5305743125317504,1.1007764028945848,1.2829330850354332,0.18215668214084846,0.0953548131658376,1.8690683769967074,1.6085550479787172,1.8255792271143623,1.9759232621685887,49.0,16.0,52.0,26.0,-1,0,False,True,
0.7,0.85,0.6,0.6,0.1,0.1,0.2,0.01,10,10.0,1.0,False,4,6,2,8,2.5305743125317504,1.7633643848099825,1.9084264180573043,0.1450620332473218,0.07522615545797412,1.5190933504005817,3.8391489249838733,1.6673075861009026,4.043927270905668,24.0,323.0,49.0,240.0,-1,-1,False,True,
0.7,0.85,0.6,0.6,0.1,0.1,0.2,0.02,10,10.0,1.0,False,4,6,2,8,2.5305743125317504,1.6782113291840357,1.7866980745844883,0.10848674540045256,0.05574150955360937,1.5190933504005817,3.5257657696580753,1.6673075861009026,3.5804481461929063,24.0,161.0,49.0,120.0,-1,-1,False,True,
0.7,0.85,0.6,0.6,0.1,0.1,0.2,0.05,10,10.0,1.0,False,4,6,3,6,2.5305743125317504,1.4934129733709798,1.5483872585523029,0.05497428518132308,0.027868399297536463,1.5190933504005817,2.9308699683326807,1.6255950384519346,2.8936345226844016,24.0,64.0,31.0,61.0,-1,-1,False,True,
0.7,0.85,0.6,0.6,0.1,0.1,0.2,0.1,10,10.0,1.0,False,4,6,3,5,2.5305743125317504,1.264544235697781,1.3356675149611434,0.07112327926336248,0.03620151723948049,1.5190933504005817,2.331310506966666,1.5970764697967288,2.380933799514364,24.0,32.0,29.0,35.0,-1,-1,False,True,
0.7,0.85,0.6,0.6,0.1,0.1,0.2,0.2,10,10.0,1.0,False,4,6,2,3,2.5305743125317504,0.8934499671810207,1.1204151738865273,0.22696520670550668,0.12017240147874918,1.5190933504005817,1.6085550479787172,1.5884310180706511,1.9302864776768527,24.0,16.0,37.0,24.0,-1,-1,False,True,
0.735,0.65,0.6,0.6,0.1,0.1,0.01,0.01,10,10.0,1.0,False,6,4,5,5,2.131353134222868,1.8717848880527903,1.8725298135636004,0.0007449255108100683,0.0003725321282697849,2.838246118935468,2.2901071123078354,2.7851435928723265,2.335510232253862,323.0,490.0,390.0,390.0,1,0,False,True,
0.735,0.65,0.6,0.6,0.1,0.1,0.01,0.02,10,10.0,1.0,False,6,4,6,4,2.131353134222868,1.8220683955262935,1.8220683955262935,0.0,0.0,2.838246118935468,2.1790349556172037,2.838246118935468,2.1790349556172037,323.0,245.0,323.0,245.0,1,1,False,True,
0.735,0.65,0.6,0.6,0.1,0.1,0.01,0.05,10,10.0,1.0,False,6,4,6,4,2.131353134222868,1.716366850321468,1.716366850321468,0.0,0.0,2.838246118935468,1.960462770310016,2.838246118935468,1.960462770310016,323.0,98.0,323.0,98.0,1,1,False,True,
0.735,0.65,0.6,0.6,0.1,0.1,0.01,0.1,10,10.0,1.0,False,6,4,7,3,2.131353134222868,1.5892767308814681,1.6201838953087133,0.03090716442724517,0.015573606285503742,2.838246118935468,1.7264899783640548,2.8527626025332276,1.7716229303925617,323.0,49.0,275.0,65.0,1,1,False,True,
0.735,0.65,0.6,0.6,0.1,0.1,0.01,0.2,10,10.0,1.0,False,6,4,8,2,2.131353134222868,1.3912092383536,1.503370382616936,0.1121611442633359,0.057682900069421686,2.838246118935468,1.4162647394812726,2.8432570559182144,1.5815733408146029,323.0,24.0,240.0,49.0,1,1,False,True,
0.735,0.65,0.6,0.6,0.1,0.1,0.02,0.01,10,10.0,1.0,False,6,4,5,5,2.131353134222868,1.7890669405897124,1.8052713542995606,0.016204413709848264,0.008135118558647965,2.6129199484316867,2.2901071123078354,2.603979813399953,2.335510232253862,161.0,490.0,195.0,390.0,1,0,False,True,
0.735,0.65,0.6,0.6,0.1,0.1,0.02,0.02,10,10.0,1.0,False,6,4,5,5,2.131353134222868,1.7393504480632156,1.742822142534123,0.0034716944709074493,0.0017373546903771075,2.6129199484316867,2.1790349556172037,2.603979813399953,2.194120253178131,161.0,245.0,195.0,195.0,1,0,False,True,
0.735,0.65,0.6,0.6,0.1,0.1,0.02,0.05,10,10.0,1.0,False,6,4,6,4,2.131353134222868,1.63364890285839,1.63364890285839,0.0,0.0,2.6129199484316867,1.960462770310016,2.6129199484316867,1.960462770310016,161.0,98.0,161.0,98.0,1,1,False,True,
0.735,0.65,0.6,0.6,0.1,0.1,0.02,0.1,10,10.0,1.0,False,6,4,7,3,2.131353134222868,1.5065587834183902,1.522480842862211,0.015922059443820746,0.007992802979008501,2.6129199484316867,1.7264899783640548,2.587222241515349,1.7716229303925617,161.0,49.0,137.0,65.0,1,1,False,True,
0.735,0.65,0.6,0.6,0.1,0.1,0.02,0.2,10,10.0,1.0,False,6,4,7,2,2.131353134222868,1.3084912908905222,1.393255989343729,0.08476469845320689,0.04329330488871656,2.6129199484316867,1.4162647394812726,2.5637318370942896,1.5711251888631461,161.0,24.0,130.0,47.0,1,1,False,True,
0.735,0.65,0.6,0.6,0.1,0.1,0.05,0.01,10,10.0,1.0,False,6,4,4,6,2.131353134222868,1.610898598633058,1.6724882732272035,0.06158967459414555,0.031273903239537666,2.1864954441179827,2.2901071123078354,2.2711011586727436,2.3448547681615337,64.0,490.0,98.0,323.0,1,-1,True,True,
0.735,0.65,0.6,0.6,0.1,0.1,0.05,0.02,10,10.0,1.0,False,6,4,5,5,2.131353134222868,1.5611821061065614,1.5991134374363698,0.037931331329808415,0.019146656293883416,2.1864954441179827,2.1790349556172037,2.255411110695937,2.194120253178131,64.0,245.0,78.0,195.0,1,0,False,True,
0.735,0.65,0.6,0.6,0.1,0.1,0.05,0.05,10,10.0,1.0,False,6,4,5,4,2.131353134222868,1.4554805609017358,1.4677272958200547,0.012246734918318847,0.0061421535989170635,2.1864954441179827,1.960462770310016,2.2310248792796448,1.9450082696412117,64.0,98.0,74.0,93.0,1,1,False,True,
0.735,0.65,0.6,0.6,0.1,0.1,0.05,0.1,10,10.0,1.0,False,6,4,5,3,2.131353134222868,1.3283904414617358,1.343124953162178,0.014734511700442265,0.007394460847290499,2.1864954441179827,1.7264899783640548,2.20473755055542,1.7376202002062202,64.0,49.0,70.0,58.0,1,1,False,True,
0.735,0.65,0.6,0.6,0.1,0.1,0.05,0.2,10,10.0,1.0,False,6,4,5,2,2.131353134222868,1.130322948933868,1.2107176219584321,0.08039467302456416,0.04101618442731605,2.1864954441179827,1.4162647394812726,2.1762884990871756,1.542025357335688,64.0,24.0,66.0,42.0,1,1,False,True,
0.735,0.65,0.6,0.6,0.1,0.1,0.1,0.01,10,10.0,1.0,False,6,4,3,7,2.131353134222868,1.393036341999642,1.5408855317495536,0.14784918974991146,0.0767256118056516,1.7584588140592812,2.2901071123078354,2.0009703821575626,2.333229309563939,32.0,490.0,65.0,275.0,1,-1,True,True,
0.735,0.65,0.6,0.6,0.1,0.1,0.1,0.02,10,10.0,1.0,False,6,4,4,6,2.131353134222868,1.3433198494731453,1.4627003495422755,0.11938050006913015,0.06150769364548616,1.7584588140592812,2.1790349556172037,1.9847219094065913,2.1754195472678735,32.0,245.0,49.0,161.0,1,-1,True,True,
0.735,0.65,0.6,0.6,0.1,0.1,0.1,0.05,10,10.0,1.0,False,6,4,4,4,2.131353134222868,1.2376183042683198,1.3157508379600618,0.078132533691742,0.03983938824355891,1.7584588140592812,1.960462770310016,1.9330555089236525,1.9283195452310125,32.0,98.0,44.0,88.0,1,0,False,True,
0.735,0.65,0.6,0.6,0.1,0.1,0.1,0.1,10,10.0,1.0,False,6,4,3,3,2.131353134222868,1.11052818482832,1.1857706130964794,0.07524242826815941,0.03833785067750572,1.7584588140592812,1.7264899783640548,1.9214172348489529,1.7035384962660851,32.0,49.0,52.0,52.0,1,0,False,True,
0.735,0.65,0.6,0.6,0.1,0.1,0.1,0.2,10,10.0,1.0,False,6,4,3,2,2.131353134222868,0.9124606923004521,1.0477118947088035,0.13525120240835142,0.06996464000576502,1.7584588140592812,1.4162647394812726,1.8911182753001696,1.5076370544698354,32.0,24.0,48.0,37.0,1,1,False,True,
0.735,0.65,0.6,0.6,0.1,0.1,0.2,0.01,10,10.0,1.0,False,6,4,3,7,2.131353134222868,1.0475454889043607,1.3913066586167386,0.3437611697123779,0.18753601496244343,1.244765176032695,2.2901071123078354,1.7229766074926134,2.333229309563939,16.0,490.0,32.0,275.0,1,-1,True,True,
0.735,0.65,0.6,0.6,0.1,0.1,0.2,0.02,10,10.0,1.0,False,6,4,3,6,2.131353134222868,0.9978289963778639,1.3062099422390183,0.3083809458611544,0.16671309287758743,1.244765176032695,2.1790349556172037,1.708768544598329,2.160710235789028,16.0,245.0,31.0,153.0,1,-1,True,True,
0.735,0.65,0.6,0.6,0.1,0.1,0.2,0.05,10,10.0,1.0,False,6,4,3,5,2.131353134222868,0.8921274511730384,1.1499533310929335,0.25782587991989514,0.13759108112936239,1.244765176032695,1.960462770310016,1.678430267900279,1.8815470526924478,16.0,98.0,29.0,70.0,1,-1,True,True,
0.735,0.65,0.6,0.6,0.1,0.1,0.2,0.1,10,10.0,1.0,False,6,4,3,3,2.131353134222868,0.7650373317330385,1.0196414739322117,0.25460414219917327,0.13576004625542287,1.244765176032695,1.7264899783640548,1.6273190688909394,1.7035384962660851,16.0,49.0,26.0,52.0,1,0,False,True,
0.735,0.65,0.6,0.6,0.1,0.1,0.2,0.2,10,10.0,1.0,False,6,4,2,2,2.131353134222868,0.5669698392051706,0.8791994761933886,0.31222963698821793,0.16896041365916326,1.244765176032695,1.4162647394812726,1.623576711280434,1.483742948123132,16.0,24.0,34.0,34.0,1,0,False,True,
0.735,0.7,0.6,0.6,0.1,0.1,0.01,0.01,10,10.0,1.0,False,5,5,5,5,2.2352602858680566,1.974019168808955,1.974019168808955,0.0,0.0,2.7851435928723265,2.5849850830906473,2.7851435928723265,2.5849850830906473,390.0,390.0,390.0,390.0,0,0,False,True,
0.735,0.7,0.6,0.6,0.1,0.1,0.01,0.02,10,10.0,1.0,False,5,5,6,4,2.2352602858680566,1.9084264510950608,1.9105259971526634,0.0020995460576025415,0.001050324233370292,2.7851435928723265,2.4208700967636347,2.838246118935468,2.3805693922370943,390.0,195.0,323.0,245.0,0,1,False,True,
0.735,0.7,0.6,0.6,0.1,0.1,0.01,0.05,10,10.0,1.0,False,5,5,6,4,2.2352602858680566,1.7685560410108363,1.8008931133325454,0.032337072321709126,0.01629995426576,2.7851435928723265,2.104876108496384,2.838246118935468,2.1333783769834134,390.0,78.0,323.0,98.0,0,1,False,True,
0.735,0.7,0.6,0.6,0.1,0.1,0.01,0.1,10,10.0,1.0,False,5,5,7,3,2.2352602858680566,1.598928426465604,1.6903707476079253,0.0914423211423212,0.04678248602821526,2.7851435928723265,1.776471324957763,2.8527626025332276,1.9004351544480809,390.0,39.0,275.0,65.0,0,1,False,True,
0.735,0.7,0.6,0.6,0.1,0.1,0.01,0.2,10,10.0,1.0,False,5,5,8,2,2.2352602858680566,1.3262923186437778,1.5561603472231718,0.22986802857939392,0.12179941239861874,2.7851435928723265,1.3525516062651648,2.8432570559182144,1.6673075861009026,390.0,19.0,240.0,49.0,0,1,False,True,
0.735,0.7,0.6,0.6,0.1,0.1,0.02,0.01,10,10.0,1.0,False,5,5,5,5,2.2352602858680566,1.9067607095449153,1.9067607095449153,0.0,0.0,2.603979813399953,2.5849850830906473,2.603979813399953,2.5849850830906473,195.0,390.0,195.0,390.0,0,0,False,True,
0.735,0.7,0.6,0.6,0.1,0.1,0.02,0.02,10,10.0,1.0,False,5,5,5,5,2.2352602858680566,1.8411679918310213,1.8411679918310213,0.0,0.0,2.603979813399953,2.4208700967636347,2.603979813399953,2.4208700967636347,195.0,195.0,195.0,195.0,0,0,False,True,
0.735,0.7,0.6,0.6,0.1,0.1,0.02,0.05,10,10.0,1.0,False,5,5,6,4,2.2352602858680566,1.7012975817467968,1.7181751658694675,0.016877584122670708,0.008474499037638692,2.603979813399953,2.104876108496384,2.6129199484316867,2.1333783769834134,195.0,78.0,161.0,98.0,0,1,False,True,
0.735,0.7,0.6,0.6,0.1,0.1,0.02,0.1,10,10.0,1.0,False,5,5,7,3,2.2352602858680566,1.5316699672015646,1.5926676951614231,0.06099772795985858,0.030968718846958707,2.603979813399953,1.776471324957763,2.587222241515349,1.9004351544480809,195.0,39.0,137.0,65.0,0,1,False,True,
0.735,0.7,0.6,0.6,0.1,0.1,0.02,0.2,10,10.0,1.0,False,5,5,7,2,2.2352602858680566,1.259033859379738,1.4459679060987436,0.1869340467190055,0.09797439523738512,2.603979813399953,1.3525516062651648,2.5637318370942896,1.6561637935604352,195.0,19.0,130.0,47.0,0,1,False,True,
0.735,0.7,0.6,0.6,0.1,0.1,0.05,0.01,10,10.0,1.0,False,5,5,4,6,2.2352602858680566,1.7630520044471618,1.7818346129350608,0.018782608487899033,0.009435540913213874,2.255411110695937,2.5849850830906473,2.2711011586727436,2.6157995528592886,78.0,390.0,98.0,323.0,0,-1,False,True,
0.735,0.7,0.6,0.6,0.1,0.1,0.05,0.02,10,10.0,1.0,False,5,5,4,6,2.2352602858680566,1.6974592867332676,1.7019548517132126,0.004495564979944966,0.0022503106469277004,2.255411110695937,2.4208700967636347,2.2711011586727436,2.414977682624679,78.0,195.0,98.0,161.0,0,-1,False,True,
0.735,0.7,0.6,0.6,0.1,0.1,0.05,0.05,10,10.0,1.0,False,5,5,5,5,2.2352602858680566,1.557588876649043,1.557588876649043,0.0,0.0,2.255411110695937,2.104876108496384,2.255411110695937,2.104876108496384,78.0,78.0,78.0,78.0,0,0,False,True,
0.735,0.7,0.6,0.6,0.1,0.1,0.05,0.1,10,10.0,1.0,False,5,5,5,4,2.2352602858680566,1.3879612621038109,1.4129328557666925,0.024971593662881597,0.012564069820340971,2.255411110695937,1.776471324957763,2.2310248792796448,1.841299898471687,78.0,39.0,74.0,46.0,0,1,False,True,
0.735,0.7,0.6,0.6,0.1,0.1,0.05,0.2,10,10.0,1.0,False,5,5,5,2,2.2352602858680566,1.1153251542819846,1.263203901384414,0.14787874710242943,0.07674152450247224,2.255411110695937,1.3525516062651648,2.1762884990871756,1.6251221771240651,78.0,19.0,66.0,42.0,0,1,False,True,
0.735,0.7,0.6,0.6,0.1,0.1,0.1,0.01,10,10.0,1.0,False,5,5,3,7,2.2352602858680566,1.588148279768862,1.6553018348113944,0.0671535550425324,0.034146839909311964,1.893502980428062,2.5849850830906473,2.0009703821575626,2.6160605538933472,39.0,390.0,65.0,275.0,0,-1,False,True,
0.735,0.7,0.6,0.6,0.1,0.1,0.1,0.02,10,10.0,1.0,False,5,5,4,6,2.2352602858680566,1.522555562054968,1.5671688542205948,0.04461329216562682,0.022557299589261295,1.893502980428062,2.4208700967636347,1.9847219094065913,2.414977682624679,39.0,195.0,49.0,161.0,0,-1,False,True,
0.735,0.7,0.6,0.6,0.1,0.1,0.1,0.05,10,10.0,1.0,False,5,5,4,5,2.2352602858680566,1.3826851519707435,1.4038954207624132,0.021210268791669762,0.010661568153040375,1.893502980428062,2.104876108496384,1.9546333629376154,2.0827575961759264,39.0,78.0,46.0,74.0,0,-1,False,True,
0.735,0.7,0.6,0.6,0.1,0.1,0.1,0.1,10,10.0,1.0,False,5,5,4,4,2.2352602858680566,1.2130575374255113,1.2586996815589058,0.04564214413339451,0.023083464959145712,1.893502980428062,1.776471324957763,1.9330555089236525,1.821386028331137,39.0,39.0,44.0,44.0,0,0,False,True,
0.735,0.7,0.6,0.6,0.1,0.1,0.1,0.2,10,10.0,1.0,False,5,5,3,2,2.2352602858680566,0.9404214296036848,1.09991508210644,0.15949365250275527,0.08301284254196835,1.893502980428062,1.3525516062651648,1.8911182753001696,1.5884310180706511,39.0,19.0,48.0,37.0,0,1,False,True,
0.735,0.7,0.6,0.6,0.1,0.1,0.2,0.01,10,10.0,1.0,False,5,5,3,7,2.2352602858680566,1.3051983322304064,1.5057229616785794,0.20052462944817306,0.10546085870627682,1.4268633803610762,2.5849850830906473,1.7229766074926134,2.6160605538933472,19.0,390.0,32.0,275.0,0,-1,False,True,
0.735,0.7,0.6,0.6,0.1,0.1,0.2,0.02,10,10.0,1.0,False,5,5,3,7,2.2352602858680566,1.2396056145165122,1.4122654121949796,0.1726597976784674,0.09016591345792709,1.4268633803610762,2.4208700967636347,1.7229766074926134,2.3826469447661265,19.0,195.0,32.0,137.0,0,-1,False,True,
0.735,0.7,0.6,0.6,0.1,0.1,0.2,0.05,10,10.0,1.0,False,5,5,3,5,2.2352602858680566,1.0997352044322877,1.2400372268844908,0.14030202245220313,0.07267015425923487,1.4268633803610762,2.104876108496384,1.678430267900279,2.058913125538192,19.0,78.0,29.0,70.0,0,-1,False,True,
0.735,0.7,0.6,0.6,0.1,0.1,0.2,0.1,10,10.0,1.0,False,5,5,3,3,2.2352602858680566,0.9301075898870554,1.0888312391310273,0.15872364924397186,0.08259596108810645,1.4268633803610762,1.776471324957763,1.6273190688909394,1.8255792271143623,19.0,39.0,26.0,52.0,0,0,False,True,
0.735,0.7,0.6,0.6,0.1,0.1,0.2,0.2,10,10.0,1.0,False,5,5,2,2,2.2352602858680566,0.6574714820652292,0.9311948462145098,0.27372336414928056,0.14666953260011611,1.4268633803610762,1.3525516062651648,1.623576711280434,1.5629315933211547,19.0,19.0,34.0,34.0,0,0,False,True,
0.735,0.735,0.6,0.6,0.1,0.1,0.01,0.01,10,10.0,1.0,False,5,5,5,5,2.312905648997093,2.0485988628595173,2.0485988628595173,0.0,0.0,2.7851435928723265,2.7851435928723265,2.7851435928723265,2.7851435928723265,390.0,390.0,390.0,390.0,0,0,False,True,
0.735,0.735,0.6,0.6,0.1,0.1,0.01,0.02,10,10.0,1.0,False,5,5,5,5,2.312905648997093,1.9813404035954778,1.9813404035954778,0.0,0.0,2.7851435928723265,2.603979813399953,2.7851435928723265,2.603979813399953,390.0,195.0,390.0,195.0,0,0,False,True,
0.735,0.735,0.6,0.6,0.1,0.1,0.01,0.05,10,10.0,1.0,False,5,5,6,4,2.312905648997093,1.8376316984977241,1.8634511034475332,0.025819404949809055,0.012993392433616769,2.7851435928723265,2.255411110695937,2.838246118935468,2.2711011586727436,390.0,78.0,323.0,98.0,0,1,False,True,
0.735,0.735,0.6,0.6,0.1,0.1,0.01,0.1,10,10.0,1.0,False,5,5,7,3,2.312905648997093,1.6627279738194245,1.741920112973299,0.07919213915387457,0.04039044395384109,2.7851435928723265,1.893502980428062,2.8527626025332276,2.0009703821575626,390.0,39.0,275.0,65.0,0,1,False,True,
0.735,0.735,0.6,0.6,0.1,0.1,0.01,0.2,10,10.0,1.0,False,5,5,8,2,2.312905648997093,1.3797780262809687,1.5943795524483408,0.21460152616737216,0.11326903435983364,2.7851435928723265,1.4268633803610762,2.8432570559182144,1.7322641442346403,390.0,19.0,240.0,49.0,0,1,False,True,
0.735,0.735,0.6,0.6,0.1,0.1,0.02,0.01,10,10.0,1.0,False,5,5,5,5,2.312905648997093,1.9813404035954778,1.9813404035954778,0.0,0.0,2.603979813399953,2.7851435928723265,2.603979813399953,2.7851435928723265,195.0,390.0,195.0,390.0,0,0,False,True,
0.735,0.735,0.6,0.6,0.1,0.1,0.02,0.02,10,10.0,1.0,False,5,5,5,5,2.312905648997093,1.914081944331438,1.914081944331438,0.0,0.0,2.603979813399953,2.603979813399953,2.603979813399953,2.603979813399953,195.0,195.0,195.0,195.0,0,0,False,True,
0.735,0.735,0.6,0.6,0.1,0.1,0.02,0.05,10,10.0,1.0,False,5,5,6,4,2.312905648997093,1.7703732392336846,1.7807331559844553,0.010359916750770637,0.005193397554546785,2.603979813399953,2.255411110695937,2.6129199484316867,2.2711011586727436,195.0,78.0,161.0,98.0,0,1,False,True,
0.735,0.735,0.6,0.6,0.1,0.1,0.02,0.1,10,10.0,1.0,False,5,5,6,4,2.312905648997093,1.5954695145553848,1.6459471584918375,0.05047764393645271,0.025560017541794582,2.603979813399953,1.893502980428062,2.6129199484316867,1.9847219094065913,195.0,39.0,161.0,49.0,0,1,False,True,
0.735,0.735,0.6,0.6,0.1,0.1,0.02,0.2,10,10.0,1.0,False,5,5,7,3,2.312905648997093,1.3125195670169292,1.494638187393982,0.18211862037705284,0.09533396779610556,2.603979813399953,1.4268633803610762,2.587222241515349,1.7229766074926134,195.0,19.0,137.0,32.0,0,1,False,True,
0.735,0.735,0.6,0.6,0.1,0.1,0.05,0.01,10,10.0,1.0,False,5,5,4,6,2.312905648997093,1.8376316984977241,1.8634511034475332,0.025819404949809055,0.012993392433616769,2.255411110695937,2.7851435928723265,2.2711011586727436,2.838246118935468,78.0,390.0,98.0,323.0,0,-1,False,True,
0.735,0.735,0.6,0.6,0.1,0.1,0.05,0.02,10,10.0,1.0,False,5,5,4,6,2.312905648997093,1.7703732392336846,1.7807331559844553,0.010359916750770637,0.005193397554546785,2.255411110695937,2.603979813399953,2.2711011586727436,2.6129199484316867,78.0,195.0,98.0,161.0,0,-1,False,True,
0.735,0.735,0.6,0.6,0.1,0.1,0.05,0.05,10,10.0,1.0,False,5,5,5,5,2.312905648997093,1.6266645341359312,1.6266645341359312,0.0,0.0,2.255411110695937,2.255411110695937,2.255411110695937,2.255411110695937,78.0,78.0,78.0,78.0,0,0,False,True,
0.735,0.735,0.6,0.6,0.1,0.1,0.05,0.1,10,10.0,1.0,False,5,5,5,4,2.312905648997093,1.4517608094576313,1.4726637047256563,0.020902895268025024,0.010506254784442665,2.255411110695937,1.893502980428062,2.2310248792796448,1.9546333629376154,78.0,39.0,74.0,46.0,0,1,False,True,
0.735,0.735,0.6,0.6,0.1,0.1,0.05,0.2,10,10.0,1.0,False,5,5,5,3,2.312905648997093,1.1688108619191757,1.3084674694030176,0.1396566074838419,0.07232405142039004,2.255411110695937,1.4268633803610762,2.20473755055542,1.678430267900279,78.0,19.0,70.0,29.0,0,1,False,True,
0.735,0.735,0.6,0.6,0.1,0.1,0.1,0.01,10,10.0,1.0,False,5,5,3,7,2.312905648997093,1.6627279738194245,1.741920112973299,0.07919213915387457,0.04039044395384109,1.893502980428062,2.7851435928723265,2.0009703821575626,2.8527626025332276,39.0,390.0,65.0,275.0,0,-1,False,True,
0.735,0.735,0.6,0.6,0.1,0.1,0.1,0.02,10,10.0,1.0,False,5,5,4,6,2.312905648997093,1.5954695145553848,1.6459471584918375,0.05047764393645271,0.025560017541794582,1.893502980428062,2.603979813399953,1.9847219094065913,2.6129199484316867,39.0,195.0,49.0,161.0,0,-1,False,True,
0.735,0.735,0.6,0.6,0.1,0.1,0.1,0.05,10,10.0,1.0,False,5,5,4,5,2.312905648997093,1.4517608094576313,1.4726637047256563,0.020902895268025024,0.010506254784442665,1.893502980428062,2.255411110695937,1.9546333629376154,2.2310248792796448,39.0,78.0,46.0,74.0,0,-1,False,True,
0.735,0.735,0.6,0.6,0.1,0.1,0.1,0.1,10,10.0,1.0,False,5,5,4,4,2.312905648997093,1.2768570847793315,1.3182038325544652,0.041346747775133696,0.02088854831728274,1.893502980428062,1.893502980428062,1.9330555089236525,1.9330555089236525,39.0,39.0,44.0,44.0,0,0,False,True,
0.735,0.735,0.6,0.6,0.1,0.1,0.1,0.2,10,10.0,1.0,False,5,5,3,3,2.312905648997093,0.9939071372408759,1.1399969746287673,0.14608983738789139,0.07577885841072031,1.893502980428062,1.4268633803610762,1.9214172348489529,1.6273190688909394,39.0,19.0,52.0,26.0,0,0,False,True,
0.735,0.735,0.6,0.6,0.1,0.1,0.2,0.01,10,10.0,1.0,False,5,5,2,8,2.312905648997093,1.3797780262809687,1.5943795524483408,0.21460152616737216,0.11326903435983364,1.4268633803610762,2.7851435928723265,1.7322641442346403,2.8432570559182144,19.0,390.0,49.0,240.0,0,-1,False,True,
0.735,0.735,0.6,0.6,0.1,0.1,0.2,0.02,10,10.0,1.0,False,5,5,3,7,2.312905648997093,1.3125195670169292,1.494638187393982,0.18211862037705284,0.09533396779610556,1.4268633803610762,2.603979813399953,1.7229766074926134,2.587222241515349,19.0,195.0,32.0,137.0,0,-1,False,True,
0.735,0.735,0.6,0.6,0.1,0.1,0.2,0.05,10,10.0,1.0,False,5,5,3,5,2.312905648997093,1.1688108619191757,1.3084674694030176,0.1396566074838419,0.07232405142039004,1.4268633803610762,2.255411110695937,1.678430267900279,2.20473755055542,19.0,78.0,29.0,70.0,0,-1,False,True,
0.735,0.735,0.6,0.6,0.1,0.1,0.2,0.1,10,10.0,1.0,False,5,5,3,3,2.312905648997093,0.9939071372408759,1.1399969746287673,0.14608983738789139,0.07577885841072031,1.4268633803610762,1.893502980428062,1.6273190688909394,1.9214172348489529,19.0,39.0,26.0,52.0,0,0,False,True,
0.735,0.735,0.6,0.6,0.1,0.1,0.2,0.2,10,10.0,1.0,False,5,5,3,3,2.312905648997093,0.7109571897024202,0.9738678354644995,0.26291064576207934,0.1404869529128547,1.4268633803610762,1.4268633803610762,1.6273190688909394,1.6273190688909394,19.0,19.0,26.0,26.0,0,0,False,True,
0.735,0.8,0.6,0.6,0.1,0.1,0.01,0.01,10,10.0,1.0,False,5,5,5,5,2.4618841415609984,2.1953620740052258,2.1953620740052258,0.0,0.0,2.7851435928723265,3.2254182848805173,2.7851435928723265,3.2254182848805173,390.0,390.0,390.0,390.0,0,0,False,True,
0.735,0.8,0.6,0.6,0.1,0.1,0.01,0.02,10,10.0,1.0,False,5,5,5,5,2.4618841415609984,2.1267750231950684,2.1267750231950684,0.0,0.0,2.7851435928723265,3.0116123258158107,2.7851435928723265,3.0116123258158107,390.0,195.0,390.0,195.0,0,0,False,True,
0.735,0.8,0.6,0.6,0.1,0.1,0.01,0.05,10,10.0,1.0,False,5,5,6,4,2.4618841415609984,1.9797349023979574,1.9883549281594024,0.00862002576144505,0.004319314344580546,2.7851435928723265,2.599802474949467,2.838246118935468,2.5732472700094253,390.0,78.0,323.0,98.0,0,1,False,True,
0.735,0.8,0.6,0.6,0.1,0.1,0.01,0.1,10,10.0,1.0,False,5,5,6,4,2.4618841415609984,1.799775154221574,1.8523084975339927,0.05253334331241866,0.02661468101073934,2.7851435928723265,2.171624972984744,2.838246118935468,2.245935638582173,390.0,39.0,323.0,49.0,0,1,False,True,
0.735,0.8,0.6,0.6,0.1,0.1,0.01,0.2,10,10.0,1.0,False,5,5,7,3,2.4618841415609984,1.5058746455753025,1.6949075084740877,0.18903286289878518,0.09912722323795749,2.7851435928723265,1.6186220714870398,2.8527626025332276,1.9090765614624543,390.0,19.0,275.0,32.0,0,1,False,True,
0.735,0.8,0.6,0.6,0.1,0.1,0.02,0.01,10,10.0,1.0,False,5,5,4,6,2.4618841415609984,2.1281036147411863,2.1386935220026264,0.010589907261440157,0.005308996672507039,2.603979813399953,3.2254182848805173,2.5389091651540268,3.3433021818018878,195.0,390.0,245.0,323.0,0,-1,False,True,
0.735,0.8,0.6,0.6,0.1,0.1,0.02,0.02,10,10.0,1.0,False,5,5,5,5,2.4618841415609984,2.0595165639310284,2.0595165639310284,0.0,0.0,2.603979813399953,3.0116123258158107,2.603979813399953,3.0116123258158107,195.0,195.0,195.0,195.0,0,0,False,True,
0.735,0.8,0.6,0.6,0.1,0.1,0.02,0.05,10,10.0,1.0,False,5,5,5,5,2.4618841415609984,1.9124764431339176,1.9124764431339176,0.0,0.0,2.603979813399953,2.599802474949467,2.603979813399953,2.599802474949467,195.0,78.0,195.0,78.0,0,0,False,True,
0.735,0.8,0.6,0.6,0.1,0.1,0.02,0.1,10,10.0,1.0,False,5,5,6,4,2.4618841415609984,1.7325166949575346,1.7695905500709148,0.03707385511338024,0.018709802939003466,2.603979813399953,2.171624972984744,2.6129199484316867,2.245935638582173,195.0,39.0,161.0,49.0,0,1,False,True,
0.735,0.8,0.6,0.6,0.1,0.1,0.02,0.2,10,10.0,1.0,False,5,5,7,3,2.4618841415609984,1.438616186311263,1.5972044560275855,0.15858826971632256,0.08252268290330236,2.603979813399953,1.6186220714870398,2.587222241515349,1.9090765614624543,195.0,19.0,137.0,32.0,0,1,False,True,
0.735,0.8,0.6,0.6,0.1,0.1,0.05,0.01,10,10.0,1.0,False,5,5,4,6,2.4618841415609984,1.9843949096434326,2.0272238015559907,0.04282889191255812,0.021645380704743433,2.255411110695937,3.2254182848805173,2.2711011586727436,3.3433021818018878,78.0,390.0,98.0,323.0,0,-1,False,True,
0.735,0.8,0.6,0.6,0.1,0.1,0.05,0.02,10,10.0,1.0,False,5,5,4,6,2.4618841415609984,1.9158078588332752,1.941391576226504,0.025583717393228733,0.01287402449839181,2.255411110695937,3.0116123258158107,2.2711011586727436,3.0683095366872117,78.0,195.0,98.0,161.0,0,-1,False,True,
0.735,0.8,0.6,0.6,0.1,0.1,0.05,0.05,10,10.0,1.0,False,5,5,5,5,2.4618841415609984,1.7687677380361642,1.7687677380361642,0.0,0.0,2.255411110695937,2.599802474949467,2.255411110695937,2.599802474949467,78.0,78.0,78.0,78.0,0,0,False,True,
0.735,0.8,0.6,0.6,0.1,0.1,0.05,0.1,10,10.0,1.0,False,5,5,5,4,2.4618841415609984,1.588807989859781,1.596129309623933,0.007321319764152179,0.003667368280686394,2.255411110695937,2.171624972984744,2.2310248792796448,2.211493861509397,78.0,39.0,74.0,46.0,0,1,False,True,
0.735,0.8,0.6,0.6,0.1,0.1,0.05,0.2,10,10.0,1.0,False,5,5,5,3,2.4618841415609984,1.2949074812135093,1.4110531137147202,0.1161456325012109,0.05979216299246752,2.255411110695937,1.6186220714870398,2.20473755055542,1.859754773058252,78.0,19.0,70.0,29.0,0,1,False,True,
0.735,0.8,0.6,0.6,0.1,0.1,0.1,0.01,10,10.0,1.0,False,5,5,3,7,2.4618841415609984,1.809491184965133,1.9189763973981449,0.1094852124330119,0.056268702684997056,1.893502980428062,3.2254182848805173,2.0009703821575626,3.405337805779915,39.0,390.0,65.0,275.0,0,-1,False,True,
0.735,0.8,0.6,0.6,0.1,0.1,0.1,0.02,10,10.0,1.0,False,5,5,3,7,2.4618841415609984,1.7409041341549751,1.8157761806461221,0.07487204649114698,0.03814557777251368,1.893502980428062,3.0116123258158107,2.0009703821575626,3.0714320746904,39.0,195.0,65.0,137.0,0,-1,False,True,
0.735,0.8,0.6,0.6,0.1,0.1,0.1,0.05,10,10.0,1.0,False,5,5,4,6,2.4618841415609984,1.5938640133578643,1.6208324291202505,0.026968415762386178,0.0135755298186304,1.893502980428062,2.599802474949467,1.9847219094065913,2.548114364711351,39.0,78.0,49.0,64.0,0,-1,False,True,
0.735,0.8,0.6,0.6,0.1,0.1,0.1,0.1,10,10.0,1.0,False,5,5,4,4,2.4618841415609984,1.4139042651814813,1.4415356869168479,0.02763142173536659,0.013911588833004543,1.893502980428062,2.171624972984744,1.9330555089236525,2.186787934584951,39.0,39.0,44.0,44.0,0,0,False,True,
0.735,0.8,0.6,0.6,0.1,0.1,0.1,0.2,10,10.0,1.0,False,5,5,3,3,2.4618841415609984,1.1200037565352097,1.242582516790602,0.12257876025539227,0.0632065405190377,1.893502980428062,1.6186220714870398,1.9214172348489529,1.8031217348677062,39.0,19.0,52.0,26.0,0,0,False,True,
0.735,0.8,0.6,0.6,0.1,0.1,0.2,0.01,10,10.0,1.0,False,5,5,2,8,2.4618841415609984,1.5265412374266771,1.7814041012334845,0.25486286380680734,0.1359069785913874,1.4268633803610762,3.2254182848805173,1.7322641442346403,3.427992437042611,19.0,390.0,49.0,240.0,0,-1,False,True,
0.735,0.8,0.6,0.6,0.1,0.1,0.2,0.02,10,10.0,1.0,False,5,5,3,7,2.4618841415609984,1.4579541866165195,1.6661973075133072,0.20824312089678765,0.1097353466430034,1.4268633803610762,3.0116123258158107,1.7229766074926134,3.0714320746904,19.0,195.0,32.0,137.0,0,-1,False,True,
0.735,0.8,0.6,0.6,0.1,0.1,0.2,0.05,10,10.0,1.0,False,5,5,3,6,2.4618841415609984,1.3109140658194087,1.458297704815783,0.1473836389963743,0.07647500576427659,1.4268633803610762,2.599802474949467,1.708768544598329,2.5156337077660686,19.0,78.0,31.0,61.0,0,-1,False,True,
0.735,0.8,0.6,0.6,0.1,0.1,0.2,0.1,10,10.0,1.0,False,5,5,3,4,2.4618841415609984,1.1309543176430255,1.26180025214757,0.13084593450454451,0.06761049317600043,1.4268633803610762,2.171624972984744,1.645184487915076,2.1467342277567676,19.0,39.0,27.0,41.0,0,-1,False,True,
0.735,0.8,0.6,0.6,0.1,0.1,0.2,0.2,10,10.0,1.0,False,5,5,3,3,2.4618841415609984,0.8370538089967539,1.0764533776263343,0.23939956862958045,0.12715841014476245,1.4268633803610762,1.6186220714870398,1.6273190688909394,1.8031217348677062,19.0,19.0,26.0,26.0,0,0,False,True,
0.735,0.85,0.6,0.6,0.1,0.1,0.01,0.01,10,10.0,1.0,False,4,6,4,6,2.597193206335371,2.329239312161234,2.329239312161234,0.0,0.0,2.675104925981951,3.8391489249838733,2.675104925981951,3.8391489249838733,490.0,323.0,490.0,323.0,-1,-1,False,True,
0.735,0.85,0.6,0.6,0.1,0.1,0.01,0.02,10,10.0,1.0,False,4,6,5,5,2.597193206335371,2.2440862565352875,2.249105307735343,0.005019051200055635,0.0025126770950975297,2.675104925981951,3.5257657696580753,2.7851435928723265,3.403505317631585,490.0,161.0,390.0,195.0,-1,0,False,True,
0.735,0.85,0.6,0.6,0.1,0.1,0.01,0.05,10,10.0,1.0,False,4,6,5,5,2.597193206335371,2.0592879007222313,2.1045411438800716,0.045253243157840295,0.022884545220994548,2.675104925981951,2.9308699683326807,2.7851435928723265,2.9453914028034465,490.0,64.0,390.0,78.0,-1,0,False,True,
0.735,0.85,0.6,0.6,0.1,0.1,0.01,0.1,10,10.0,1.0,False,4,6,6,4,2.597193206335371,1.8304191630490325,1.9612001360093039,0.13078097296027136,0.0675758169259997,2.675104925981951,2.331310506966666,2.838246118935468,2.5043114797230586,490.0,32.0,323.0,49.0,-1,1,True,True,
0.735,0.85,0.6,0.6,0.1,0.1,0.01,0.2,10,10.0,1.0,False,4,6,7,3,2.597193206335371,1.4593248945322723,1.7848601857278812,0.32553529119560887,0.1767632318028743,2.675104925981951,1.6085550479787172,2.8527626025332276,2.0887636308065316,490.0,16.0,275.0,32.0,-1,1,True,True,
0.735,0.85,0.6,0.6,0.1,0.1,0.02,0.01,10,10.0,1.0,False,4,6,4,6,2.597193206335371,2.276985234163595,2.276985234163595,0.0,0.0,2.5389091651540268,3.8391489249838733,2.5389091651540268,3.8391489249838733,245.0,323.0,245.0,323.0,-1,-1,False,True,
0.735,0.85,0.6,0.6,0.1,0.1,0.02,0.02,10,10.0,1.0,False,4,6,4,6,2.597193206335371,2.191832178537648,2.191832178537648,0.0,0.0,2.5389091651540268,3.5257657696580753,2.5389091651540268,3.5257657696580753,245.0,161.0,245.0,161.0,-1,-1,False,True,
0.735,0.85,0.6,0.6,0.1,0.1,0.02,0.05,10,10.0,1.0,False,4,6,5,5,2.597193206335371,2.0070338227245923,2.037282684616032,0.030248861891439827,0.015239383953216083,2.5389091651540268,2.9308699683326807,2.603979813399953,2.9453914028034465,245.0,64.0,195.0,78.0,-1,0,False,True,
0.735,0.85,0.6,0.6,0.1,0.1,0.02,0.1,10,10.0,1.0,False,4,6,6,4,2.597193206335371,1.7781650850513933,1.878482188546226,0.1003171034948327,0.05143779045983269,2.5389091651540268,2.331310506966666,2.6129199484316867,2.5043114797230586,245.0,32.0,161.0,49.0,-1,1,True,True,
0.735,0.85,0.6,0.6,0.1,0.1,0.02,0.2,10,10.0,1.0,False,4,6,7,3,2.597193206335371,1.407070816534633,1.687157133281379,0.280086316746746,0.1503234438746109,2.5389091651540268,1.6085550479787172,2.587222241515349,2.0887636308065316,245.0,16.0,137.0,32.0,-1,1,True,True,
0.735,0.85,0.6,0.6,0.1,0.1,0.05,0.01,10,10.0,1.0,False,4,6,3,7,2.597193206335371,2.165515513716959,2.1698518156196056,0.0043363019026467775,0.002170503090220794,2.2711011586727436,3.8391489249838733,2.20672128036971,3.96832457904921,98.0,323.0,131.0,275.0,-1,-1,False,True,
0.735,0.85,0.6,0.6,0.1,0.1,0.05,0.02,10,10.0,1.0,False,4,6,4,6,2.597193206335371,2.0803624580910123,2.0803624580910123,0.0,0.0,2.2711011586727436,3.5257657696580753,2.2711011586727436,3.5257657696580753,98.0,161.0,98.0,161.0,-1,-1,False,True,
0.735,0.85,0.6,0.6,0.1,0.1,0.05,0.05,10,10.0,1.0,False,4,6,4,6,2.597193206335371,1.8955641022779564,1.8955641022779564,0.0,0.0,2.2711011586727436,2.9308699683326807,2.2711011586727436,2.9308699683326807,98.0,64.0,98.0,64.0,-1,-1,False,True,
0.735,0.85,0.6,0.6,0.1,0.1,0.05,0.1,10,10.0,1.0,False,4,6,5,5,2.597193206335371,1.6666953646047575,1.7161706370539016,0.04947527244914407,0.025046150263974054,2.2711011586727436,2.331310506966666,2.255411110695937,2.46659429189014,98.0,32.0,78.0,39.0,-1,0,False,True,
0.735,0.85,0.6,0.6,0.1,0.1,0.05,0.2,10,10.0,1.0,False,4,6,5,3,2.597193206335371,1.2956010960879973,1.5017266541782748,0.20612555809027744,0.1085610012926571,2.2711011586727436,1.6085550479787172,2.20473755055542,2.036266893045987,98.0,16.0,70.0,29.0,-1,1,True,True,
0.735,0.85,0.6,0.6,0.1,0.1,0.1,0.01,10,10.0,1.0,False,4,6,3,7,2.597193206335371,2.030729516224341,2.071976239204399,0.04124672298005816,0.020837492510084845,1.9847219094065913,3.8391489249838733,2.0009703821575626,3.96832457904921,49.0,323.0,65.0,275.0,-1,-1,False,True,
0.735,0.85,0.6,0.6,0.1,0.1,0.1,0.02,10,10.0,1.0,False,4,6,3,7,2.597193206335371,1.9455764605983945,1.9683266065507259,0.02275014595233138,0.011440015125741918,1.9847219094065913,3.5257657696580753,2.0009703821575626,3.577607756390256,49.0,161.0,65.0,137.0,-1,-1,False,True,
0.735,0.85,0.6,0.6,0.1,0.1,0.1,0.05,10,10.0,1.0,False,4,6,4,6,2.597193206335371,1.7607781047853384,1.7607781047853384,0.0,0.0,1.9847219094065913,2.9308699683326807,1.9847219094065913,2.9308699683326807,49.0,64.0,49.0,64.0,-1,-1,False,True,
0.735,0.85,0.6,0.6,0.1,0.1,0.1,0.1,10,10.0,1.0,False,4,6,4,5,2.597193206335371,1.5319093671121395,1.5561529837420391,0.0242436166298996,0.012195575194689456,1.9847219094065913,2.331310506966666,1.9546333629376154,2.425288159601471,49.0,32.0,46.0,37.0,-1,-1,False,True,
0.735,0.85,0.6,0.6,0.1,0.1,0.1,0.2,10,10.0,1.0,False,4,6,3,3,2.597193206335371,1.1608150985953793,1.3340988205331732,0.17328372193779384,0.09050605699116761,1.9847219094065913,1.6085550479787172,1.9214172348489529,1.9759232621685887,49.0,16.0,52.0,26.0,-1,0,False,True,
0.735,0.85,0.6,0.6,0.1,0.1,0.2,0.01,10,10.0,1.0,False,4,6,2,8,2.597193206335371,1.8186771778025976,1.9466456232824731,0.12796844547987551,0.0660755788771658,1.6054859283980851,3.8391489249838733,1.7322641442346403,4.043927270905668,24.0,323.0,49.0,240.0,-1,-1,False,True,
0.735,0.85,0.6,0.6,0.1,0.1,0.2,0.02,10,10.0,1.0,False,4,6,2,8,2.597193206335371,1.7335241221766509,1.8249172798096573,0.09139315763300648,0.04675675459422729,1.6054859283980851,3.5257657696580753,1.7322641442346403,3.5804481461929063,24.0,161.0,49.0,120.0,-1,-1,False,True,
0.735,0.85,0.6,0.6,0.1,0.1,0.2,0.05,10,10.0,1.0,False,4,6,3,6,2.597193206335371,1.548725766363595,1.598286294013098,0.04956052764950303,0.025089846452758236,1.6054859283980851,2.9308699683326807,1.708768544598329,2.8936345226844016,24.0,64.0,31.0,61.0,-1,-1,False,True,
0.735,0.85,0.6,0.6,0.1,0.1,0.2,0.1,10,10.0,1.0,False,4,6,3,5,2.597193206335371,1.3198570286903961,1.3853517557499315,0.06549472705953541,0.03328945966176519,1.6054859283980851,2.331310506966666,1.678430267900279,2.380933799514364,24.0,32.0,29.0,35.0,-1,-1,False,True,
0.735,0.85,0.6,0.6,0.1,0.1,0.2,0.2,10,10.0,1.0,False,4,6,3,3,2.597193206335371,0.9487627601736359,1.1679696813689056,0.21920692119526963,0.11583550997207279,1.6054859283980851,1.6085550479787172,1.6273190688909394,1.9759232621685887,24.0,16.0,26.0,26.0,-1,0,False,True,
0.8,0.65,0.6,0.6,0.1,0.1,0.01,0.01,10,10.0,1.0,False,6,4,6,4,2.3005670517578816,2.035557586161248,2.035557586161248,0.0,0.0,3.3433021818018878,2.2901071123078354,3.3433021818018878,2.2901071123078354,323.0,490.0,323.0,490.0,1,1,False,True,
0.8,0.65,0.6,0.6,0.1,0.1,0.01,0.02,10,10.0,1.0,False,6,4,6,4,2.3005670517578816,1.985841093634751,1.985841093634751,0.0,0.0,3.3433021818018878,2.1790349556172037,3.3433021818018878,2.1790349556172037,323.0,245.0,323.0,245.0,1,1,False,True,
0.8,0.65,0.6,0.6,0.1,0.1,0.01,0.05,10,10.0,1.0,False,6,4,7,3,2.3005670517578816,1.8801395484299255,1.8920569320735154,0.011917383643589963,0.0059764801400595405,3.3433021818018878,1.960462770310016,3.405337805779915,1.9478238764774216,323.0,98.0,275.0,131.0,1,1,False,True,
0.8,0.65,0.6,0.6,0.1,0.1,0.01,0.1,10,10.0,1.0,False,6,4,7,3,2.3005670517578816,1.7530494289899257,1.7972401797335587,0.04419075074363299,0.02234128600101766,3.3433021818018878,1.7264899783640548,3.405337805779915,1.7716229303925617,323.0,49.0,275.0,65.0,1,1,False,True,
0.8,0.65,0.6,0.6,0.1,0.1,0.01,0.2,10,10.0,1.0,False,6,4,8,2,2.3005670517578816,1.5549819364620576,1.6903949314020796,0.135412994940022,0.07005119965084612,3.3433021818018878,1.4162647394812726,3.427992437042611,1.5815733408146029,323.0,24.0,240.0,49.0,1,1,False,True,
0.8,0.65,0.6,0.6,0.1,0.1,0.02,0.01,10,10.0,1.0,False,6,4,5,5,2.3005670517578816,1.9497253608317608,1.9507059738991512,0.0009806130673903901,0.0004904267535910845,3.0683095366872117,2.2901071123078354,3.0116123258158107,2.335510232253862,161.0,490.0,195.0,390.0,1,0,False,True,
0.8,0.65,0.6,0.6,0.1,0.1,0.02,0.02,10,10.0,1.0,False,6,4,6,4,2.3005670517578816,1.9000088683052643,1.9000088683052643,0.0,0.0,3.0683095366872117,2.1790349556172037,3.0683095366872117,2.1790349556172037,161.0,245.0,161.0,245.0,1,1,False,True,
0.8,0.65,0.6,0.6,0.1,0.1,0.02,0.05,10,10.0,1.0,False,6,4,6,4,2.3005670517578816,1.7943073231004387,1.7943073231004387,0.0,0.0,3.0683095366872117,1.960462770310016,3.0683095366872117,1.960462770310016,161.0,98.0,161.0,98.0,1,1,False,True,
0.8,0.65,0.6,0.6,0.1,0.1,0.02,0.1,10,10.0,1.0,False,6,4,7,3,2.3005670517578816,1.6672172036604387,1.694039962981536,0.026822759321097234,0.013501715604216504,3.0683095366872117,1.7264899783640548,3.0714320746904,1.7716229303925617,161.0,49.0,137.0,65.0,1,1,False,True,
0.8,0.65,0.6,0.6,0.1,0.1,0.02,0.2,10,10.0,1.0,False,6,4,8,2,2.3005670517578816,1.4691497111325709,1.5707659969597672,0.10161628582719628,0.052121017045257276,3.0683095366872117,1.4162647394812726,3.0414849302621936,1.5815733408146029,161.0,24.0,120.0,49.0,1,1,False,True,
0.8,0.65,0.6,0.6,0.1,0.1,0.05,0.01,10,10.0,1.0,False,6,4,5,5,2.3005670517578816,1.7639522112181254,1.8036658531020402,0.039713641883914796,0.020055279016565432,2.548114364711351,2.2901071123078354,2.599802474949467,2.335510232253862,64.0,490.0,78.0,390.0,1,0,False,True,
0.8,0.65,0.6,0.6,0.1,0.1,0.05,0.02,10,10.0,1.0,False,6,4,5,5,2.3005670517578816,1.7142357186916286,1.7412166413366026,0.02698092264497398,0.013581868173521302,2.548114364711351,2.1790349556172037,2.599802474949467,2.194120253178131,64.0,245.0,78.0,195.0,1,0,False,True,
0.8,0.65,0.6,0.6,0.1,0.1,0.05,0.05,10,10.0,1.0,False,6,4,5,4,2.3005670517578816,1.608534173486803,1.609549618284652,0.0010154447978489856,0.0005078513117580655,2.548114364711351,1.960462770310016,2.570970333906008,1.9450082696412117,64.0,98.0,74.0,93.0,1,1,False,True,
0.8,0.65,0.6,0.6,0.1,0.1,0.05,0.1,10,10.0,1.0,False,6,4,6,3,2.3005670517578816,1.4814440540468032,1.4865385434410998,0.005094489394296575,0.002550491681290923,2.548114364711351,1.7264899783640548,2.5156337077660686,1.757713471263672,64.0,49.0,61.0,62.0,1,1,False,True,
0.8,0.65,0.6,0.6,0.1,0.1,0.05,0.2,10,10.0,1.0,False,6,4,5,2,2.3005670517578816,1.2833765615189352,1.3518821752313976,0.06850561371246244,0.034846189873663204,2.548114364711351,1.4162647394812726,2.5062445957958803,1.542025357335688,64.0,24.0,66.0,42.0,1,1,False,True,
0.8,0.65,0.6,0.6,0.1,0.1,0.1,0.01,10,10.0,1.0,False,6,4,4,6,2.3005670517578816,1.5347826537912743,1.6613456673136628,0.12656301352238852,0.06532669369095112,2.0262444669625257,2.2901071123078354,2.245935638582173,2.3448547681615337,32.0,490.0,49.0,323.0,1,-1,True,True,
0.8,0.65,0.6,0.6,0.1,0.1,0.1,0.02,10,10.0,1.0,False,6,4,4,6,2.3005670517578816,1.4850661612647775,1.586343741121353,0.10127757985657548,0.05194285229690467,2.0262444669625257,2.1790349556172037,2.245935638582173,2.1754195472678735,32.0,245.0,49.0,161.0,1,-1,True,True,
0.8,0.65,0.6,0.6,0.1,0.1,0.1,0.05,10,10.0,1.0,False,6,4,4,4,2.3005670517578816,1.379364616059952,1.4390826923224445,0.05971807626249248,0.03030928939395776,2.0262444669625257,1.960462770310016,2.186787934584951,1.9283195452310125,32.0,98.0,44.0,88.0,1,0,False,True,
0.8,0.65,0.6,0.6,0.1,0.1,0.1,0.1,10,10.0,1.0,False,6,4,4,3,2.3005670517578816,1.2522744966199522,1.3069860836767946,0.054711587056842426,0.027733398613482983,2.0262444669625257,1.7264899783640548,2.1467342277567676,1.7212286378806871,32.0,49.0,41.0,55.0,1,1,False,True,
0.8,0.65,0.6,0.6,0.1,0.1,0.1,0.2,10,10.0,1.0,False,6,4,4,2,2.3005670517578816,1.0542070040920841,1.170472446564713,0.11626544247262882,0.05985565172847297,2.0262444669625257,1.4162647394812726,2.11777078312306,1.5221265885860873,32.0,24.0,39.0,39.0,1,1,False,True,
0.8,0.65,0.6,0.6,0.1,0.1,0.2,0.01,10,10.0,1.0,False,6,4,3,7,2.3005670517578816,1.165303494109915,1.493872927250342,0.32856943314042697,0.17854981999112735,1.4003257718127338,2.2901071123078354,1.9090765614624543,2.333229309563939,16.0,490.0,32.0,275.0,1,-1,True,True,
0.8,0.65,0.6,0.6,0.1,0.1,0.2,0.02,10,10.0,1.0,False,6,4,3,6,2.3005670517578816,1.1155870015834184,1.4087842646543614,0.29319726307094296,0.15788912956931989,1.4003257718127338,2.1790349556172037,1.8933491239414637,2.160710235789028,16.0,245.0,31.0,153.0,1,-1,True,True,
0.8,0.65,0.6,0.6,0.1,0.1,0.2,0.05,10,10.0,1.0,False,6,4,3,5,2.3005670517578816,1.0098854563785928,1.252538975404636,0.24265351902604326,0.1289937615533015,1.4003257718127338,1.960462770310016,1.859754773058252,1.8815470526924478,16.0,98.0,29.0,70.0,1,-1,True,True,
0.8,0.65,0.6,0.6,0.1,0.1,0.2,0.1,10,10.0,1.0,False,6,4,3,3,2.3005670517578816,0.8827953369385929,1.1222270160940466,0.2394316791554537,0.12717650711468398,1.4003257718127338,1.7264899783640548,1.8031217348677062,1.7035384962660851,16.0,49.0,26.0,52.0,1,0,False,True,
0.8,0.65,0.6,0.6,0.1,0.1,0.2,0.2,10,10.0,1.0,False,6,4,3,2,2.3005670517578816,0.684727844410725,0.976047418217011,0.29131957380628604,0.15680256171420254,1.4003257718127338,1.4162647394812726,1.7603345173382352,1.5076370544698354,16.0,24.0,24.0,37.0,1,1,False,True,
0.8,0.7,0.6,0.6,0.1,0.1,0.01,0.01,10,10.0,1.0,False,6,4,6,4,2.394041848285459,2.125761790741156,2.125761790741156,0.0,0.0,3.3433021818018878,2.5062880524645803,3.3433021818018878,2.5062880524645803,323.0,490.0,323.0,490.0,1,1,False,True,
0.8,0.7,0.6,0.6,0.1,0.1,0.01,0.02,10,10.0,1.0,False,6,4,6,4,2.394041848285459,2.074298695261121,2.074298695261121,0.0,0.0,3.3433021818018878,2.3805693922370943,3.3433021818018878,2.3805693922370943,323.0,245.0,323.0,245.0,1,1,False,True,
0.8,0.7,0.6,0.6,0.1,0.1,0.01,0.05,10,10.0,1.0,False,6,4,6,4,2.394041848285459,1.964665811441003,1.964665811441003,0.0,0.0,3.3433021818018878,2.1333783769834134,3.3433021818018878,2.1333783769834134,323.0,98.0,323.0,98.0,1,1,False,True,
0.8,0.7,0.6,0.6,0.1,0.1,0.01,0.1,10,10.0,1.0,False,6,4,7,3,2.394041848285459,1.8323991083625781,1.8674270320327708,0.035027923670192695,0.017668230567591793,3.3433021818018878,1.8690683769967074,3.405337805779915,1.9004351544480809,323.0,49.0,275.0,65.0,1,1,False,True,
0.8,0.7,0.6,0.6,0.1,0.1,0.01,0.2,10,10.0,1.0,False,6,4,8,2,2.394041848285459,1.6250726726490141,1.7431848960083154,0.11811222335930127,0.06083476429061633,3.3433021818018878,1.5190933504005817,3.427992437042611,1.6673075861009026,323.0,24.0,240.0,49.0,1,1,False,True,
0.8,0.7,0.6,0.6,0.1,0.1,0.02,0.01,10,10.0,1.0,False,6,4,5,5,2.394041848285459,2.0399295654116694,2.0521953291445056,0.012265763732836277,0.006151726490666687,3.0683095366872117,2.5062880524645803,3.0116123258158107,2.5849850830906473,161.0,490.0,195.0,390.0,1,0,False,True,
0.8,0.7,0.6,0.6,0.1,0.1,0.02,0.02,10,10.0,1.0,False,6,4,6,4,2.394041848285459,1.9884664699316343,1.9884664699316343,0.0,0.0,3.0683095366872117,2.3805693922370943,3.0683095366872117,2.3805693922370943,161.0,245.0,161.0,245.0,1,1,False,True,
0.8,0.7,0.6,0.6,0.1,0.1,0.02,0.05,10,10.0,1.0,False,6,4,6,4,2.394041848285459,1.8788335861115162,1.8788335861115162,0.0,0.0,3.0683095366872117,2.1333783769834134,3.0683095366872117,2.1333783769834134,161.0,98.0,161.0,98.0,1,1,False,True,
0.8,0.7,0.6,0.6,0.1,0.1,0.02,0.1,10,10.0,1.0,False,6,4,7,3,2.394041848285459,1.7465668830330914,1.764226815280748,0.017659932247656718,0.008869065271354842,3.0683095366872117,1.8690683769967074,3.0714320746904,1.9004351544480809,161.0,49.0,137.0,65.0,1,1,False,True,
0.8,0.7,0.6,0.6,0.1,0.1,0.02,0.2,10,10.0,1.0,False,6,4,8,2,2.394041848285459,1.5392404473195274,1.623555961566003,0.08431551424647554,0.04305901576167303,3.0683095366872117,1.5190933504005817,3.0414849302621936,1.6673075861009026,161.0,24.0,120.0,49.0,1,1,False,True,
0.8,0.7,0.6,0.6,0.1,0.1,0.05,0.01,10,10.0,1.0,False,6,4,4,6,2.394041848285459,1.8541564157980335,1.90673843764693,0.0525820218488966,0.026639668364924252,2.548114364711351,2.5062880524645803,2.5732472700094253,2.6157995528592886,64.0,490.0,98.0,323.0,1,-1,True,True,
0.8,0.7,0.6,0.6,0.1,0.1,0.05,0.02,10,10.0,1.0,False,6,4,5,5,2.394041848285459,1.8026933203179984,1.8395624906335009,0.03686917031550241,0.01860555106873234,2.548114364711351,2.3805693922370943,2.599802474949467,2.4208700967636347,64.0,245.0,78.0,195.0,1,0,False,True,
0.8,0.7,0.6,0.6,0.1,0.1,0.05,0.05,10,10.0,1.0,False,6,4,5,5,2.394041848285459,1.6930604364978805,1.6996920805492763,0.006631644051395824,0.0033213254446557384,2.548114364711351,2.1333783769834134,2.599802474949467,2.104876108496384,64.0,98.0,78.0,78.0,1,0,False,True,
0.8,0.7,0.6,0.6,0.1,0.1,0.05,0.1,10,10.0,1.0,False,6,4,6,4,2.394041848285459,1.5607937334194557,1.5607937334194557,0.0,0.0,2.548114364711351,1.8690683769967074,2.548114364711351,1.8690683769967074,64.0,49.0,64.0,49.0,1,1,False,True,
0.8,0.7,0.6,0.6,0.1,0.1,0.05,0.2,10,10.0,1.0,False,6,4,6,3,2.394041848285459,1.3534672977058917,1.408398669354988,0.05493137164909623,0.02784634480230727,2.548114364711351,1.5190933504005817,2.5156337077660686,1.6255950384519346,64.0,24.0,61.0,31.0,1,1,False,True,
0.8,0.7,0.6,0.6,0.1,0.1,0.1,0.01,10,10.0,1.0,False,6,4,4,6,2.394041848285459,1.6249868583711824,1.7706920070215202,0.1457051486503378,0.07557195830392897,2.0262444669625257,2.5062880524645803,2.245935638582173,2.6157995528592886,32.0,490.0,49.0,323.0,1,-1,True,True,
0.8,0.7,0.6,0.6,0.1,0.1,0.1,0.02,10,10.0,1.0,False,6,4,4,6,2.394041848285459,1.5735237628911474,1.6908122457996722,0.11728848290852478,0.06039792800325364,2.0262444669625257,2.3805693922370943,2.245935638582173,2.414977682624679,32.0,245.0,49.0,161.0,1,-1,True,True,
0.8,0.7,0.6,0.6,0.1,0.1,0.1,0.05,10,10.0,1.0,False,6,4,4,5,2.394041848285459,1.4638908790710294,1.52736102566069,0.06347014658966055,0.032244000075427236,2.0262444669625257,2.1333783769834134,2.211493861509397,2.0827575961759264,32.0,98.0,46.0,74.0,1,-1,True,True,
0.8,0.7,0.6,0.6,0.1,0.1,0.1,0.1,10,10.0,1.0,False,6,4,4,4,2.394041848285459,1.3316241759926046,1.3820315359212885,0.05040735992868384,0.02552397794093001,2.0262444669625257,1.8690683769967074,2.186787934584951,1.821386028331137,32.0,49.0,44.0,44.0,1,0,False,True,
0.8,0.7,0.6,0.6,0.1,0.1,0.1,0.2,10,10.0,1.0,False,6,4,4,2,2.394041848285459,1.1242977402790406,1.2227971577922898,0.0984994175132492,0.05048263270368194,2.0262444669625257,1.5190933504005817,2.11777078312306,1.6038919426268636,32.0,24.0,39.0,39.0,1,1,False,True,
0.8,0.7,0.6,0.6,0.1,0.1,0.2,0.01,10,10.0,1.0,False,6,4,3,7,2.394041848285459,1.2555076986898233,1.608289230312183,0.3527815316223597,0.19290411372920477,1.4003257718127338,2.5062880524645803,1.9090765614624543,2.6160605538933472,16.0,490.0,32.0,275.0,1,-1,True,True,
0.8,0.7,0.6,0.6,0.1,0.1,0.2,0.02,10,10.0,1.0,False,6,4,3,7,2.394041848285459,1.2040446032097885,1.514831680828583,0.31078707761879465,0.16811757026000976,1.4003257718127338,2.3805693922370943,1.9090765614624543,2.3826469447661265,16.0,245.0,32.0,137.0,1,-1,True,True,
0.8,0.7,0.6,0.6,0.1,0.1,0.2,0.05,10,10.0,1.0,False,6,4,3,5,2.394041848285459,1.0944117193896703,1.3426228711961934,0.2482111518065231,0.13213539090636237,1.4003257718127338,2.1333783769834134,1.859754773058252,2.058913125538192,16.0,98.0,29.0,70.0,1,-1,True,True,
0.8,0.7,0.6,0.6,0.1,0.1,0.2,0.1,10,10.0,1.0,False,6,4,3,3,2.394041848285459,0.9621450163112455,1.1914167812928622,0.22927176498161672,0.12146501817106128,1.4003257718127338,1.8690683769967074,1.8031217348677062,1.8255792271143623,16.0,49.0,26.0,52.0,1,0,False,True,
0.8,0.7,0.6,0.6,0.1,0.1,0.2,0.2,10,10.0,1.0,False,6,4,3,2,2.394041848285459,0.7548185805976815,1.0282506056146477,0.2734320250169662,0.14650250991213318,1.4003257718127338,1.5190933504005817,1.7603345173382352,1.5884310180706511,16.0,24.0,24.0,37.0,1,1,False,True,
0.8,0.735,0.6,0.6,0.1,0.1,0.01,0.01,10,10.0,1.0,False,5,5,5,5,2.4618841415609984,2.1953620740052258,2.1953620740052258,0.0,0.0,3.2254182848805173,2.7851435928723265,3.2254182848805173,2.7851435928723265,390.0,390.0,390.0,390.0,0,0,False,True,
0.8,0.735,0.6,0.6,0.1,0.1,0.01,0.02,10,10.0,1.0,False,5,5,6,4,2.4618841415609984,2.1281036147411863,2.1386935220026264,0.010589907261440157,0.005308996672507039,3.2254182848805173,2.603979813399953,3.3433021818018878,2.5389091651540268,390.0,195.0,323.0,245.0,0,1,False,True,
0.8,0.735,0.6,0.6,0.1,0.1,0.01,0.05,10,10.0,1.0,False,5,5,6,4,2.4618841415609984,1.9843949096434326,2.0272238015559907,0.04282889191255812,0.021645380704743433,3.2254182848805173,2.255411110695937,3.3433021818018878,2.2711011586727436,390.0,78.0,323.0,98.0,0,1,False,True,
0.8,0.735,0.6,0.6,0.1,0.1,0.01,0.1,10,10.0,1.0,False,5,5,7,3,2.4618841415609984,1.809491184965133,1.9189763973981449,0.1094852124330119,0.056268702684997056,3.2254182848805173,1.893502980428062,3.405337805779915,2.0009703821575626,390.0,39.0,275.0,65.0,0,1,False,True,
0.8,0.735,0.6,0.6,0.1,0.1,0.01,0.2,10,10.0,1.0,False,5,5,8,2,2.4618841415609984,1.5265412374266771,1.7814041012334845,0.25486286380680734,0.1359069785913874,3.2254182848805173,1.4268633803610762,3.427992437042611,1.7322641442346403,390.0,19.0,240.0,49.0,0,1,False,True,
0.8,0.735,0.6,0.6,0.1,0.1,0.02,0.01,10,10.0,1.0,False,5,5,5,5,2.4618841415609984,2.1267750231950684,2.1267750231950684,0.0,0.0,3.0116123258158107,2.7851435928723265,3.0116123258158107,2.7851435928723265,195.0,390.0,195.0,390.0,0,0,False,True,
0.8,0.735,0.6,0.6,0.1,0.1,0.02,0.02,10,10.0,1.0,False,5,5,5,5,2.4618841415609984,2.0595165639310284,2.0595165639310284,0.0,0.0,3.0116123258158107,2.603979813399953,3.0116123258158107,2.603979813399953,195.0,195.0,195.0,195.0,0,0,False,True,
0.8,0.735,0.6,0.6,0.1,0.1,0.02,0.05,10,10.0,1.0,False,5,5,6,4,2.4618841415609984,1.9158078588332752,1.941391576226504,0.025583717393228733,0.01287402449839181,3.0116123258158107,2.255411110695937,3.0683095366872117,2.2711011586727436,195.0,78.0,161.0,98.0,0,1,False,True,
0.8,0.735,0.6,0.6,0.1,0.1,0.02,0.1,10,10.0,1.0,False,5,5,7,3,2.4618841415609984,1.7409041341549751,1.8157761806461221,0.07487204649114698,0.03814557777251368,3.0116123258158107,1.893502980428062,3.0714320746904,2.0009703821575626,195.0,39.0,137.0,65.0,0,1,False,True,
0.8,0.735,0.6,0.6,0.1,0.1,0.02,0.2,10,10.0,1.0,False,5,5,7,3,2.4618841415609984,1.4579541866165195,1.6661973075133072,0.20824312089678765,0.1097353466430034,3.0116123258158107,1.4268633803610762,3.0714320746904,1.7229766074926134,195.0,19.0,137.0,32.0,0,1,False,True,
0.8,0.735,0.6,0.6,0.1,0.1,0.05,0.01,10,10.0,1.0,False,5,5,4,6,2.4618841415609984,1.9797349023979574,1.9883549281594024,0.00862002576144505,0.004319314344580546,2.599802474949467,2.7851435928723265,2.5732472700094253,2.838246118935468,78.0,390.0,98.0,323.0,0,-1,False,True,
0.8,0.735,0.6,0.6,0.1,0.1,0.05,0.02,10,10.0,1.0,False,5,5,5,5,2.4618841415609984,1.9124764431339176,1.9124764431339176,0.0,0.0,2.599802474949467,2.603979813399953,2.599802474949467,2.603979813399953,78.0,195.0,78.0,195.0,0,0,False,True,
0.8,0.735,0.6,0.6,0.1,0.1,0.05,0.05,10,10.0,1.0,False,5,5,5,5,2.4618841415609984,1.7687677380361642,1.7687677380361642,0.0,0.0,2.599802474949467,2.255411110695937,2.599802474949467,2.255411110695937,78.0,78.0,78.0,78.0,0,0,False,True,
0.8,0.735,0.6,0.6,0.1,0.1,0.05,0.1,10,10.0,1.0,False,5,5,6,4,2.4618841415609984,1.5938640133578643,1.6208324291202505,0.026968415762386178,0.0135755298186304,2.599802474949467,1.893502980428062,2.548114364711351,1.9847219094065913,78.0,39.0,64.0,49.0,0,1,False,True,
0.8,0.735,0.6,0.6,0.1,0.1,0.05,0.2,10,10.0,1.0,False,5,5,6,3,2.4618841415609984,1.3109140658194087,1.458297704815783,0.1473836389963743,0.07647500576427659,2.599802474949467,1.4268633803610762,2.5156337077660686,1.708768544598329,78.0,19.0,61.0,31.0,0,1,False,True,
0.8,0.735,0.6,0.6,0.1,0.1,0.1,0.01,10,10.0,1.0,False,5,5,4,6,2.4618841415609984,1.799775154221574,1.8523084975339927,0.05253334331241866,0.02661468101073934,2.171624972984744,2.7851435928723265,2.245935638582173,2.838246118935468,39.0,390.0,49.0,323.0,0,-1,False,True,
0.8,0.735,0.6,0.6,0.1,0.1,0.1,0.02,10,10.0,1.0,False,5,5,4,6,2.4618841415609984,1.7325166949575346,1.7695905500709148,0.03707385511338024,0.018709802939003466,2.171624972984744,2.603979813399953,2.245935638582173,2.6129199484316867,39.0,195.0,49.0,161.0,0,-1,False,True,
0.8,0.735,0.6,0.6,0.1,0.1,0.1,0.05,10,10.0,1.0,False,5,5,4,5,2.4618841415609984,1.588807989859781,1.596129309623933,0.007321319764152179,0.003667368280686394,2.171624972984744,2.255411110695937,2.211493861509397,2.2310248792796448,39.0,78.0,46.0,74.0,0,-1,False,True,
0.8,0.735,0.6,0.6,0.1,0.1,0.1,0.1,10,10.0,1.0,False,5,5,4,4,2.4618841415609984,1.4139042651814813,1.4415356869168479,0.02763142173536659,0.013911588833004543,2.171624972984744,1.893502980428062,2.186787934584951,1.9330555089236525,39.0,39.0,44.0,44.0,0,0,False,True,
0.8,0.735,0.6,0.6,0.1,0.1,0.1,0.2,10,10.0,1.0,False,5,5,4,3,2.4618841415609984,1.1309543176430255,1.26180025214757,0.13084593450454451,0.06761049317600043,2.171624972984744,1.4268633803610762,2.1467342277567676,1.645184487915076,39.0,19.0,41.0,27.0,0,1,False,True,
0.8,0.735,0.6,0.6,0.1,0.1,0.2,0.01,10,10.0,1.0,False,5,5,3,7,2.4618841415609984,1.5058746455753025,1.6949075084740877,0.18903286289878518,0.09912722323795749,1.6186220714870398,2.7851435928723265,1.9090765614624543,2.8527626025332276,19.0,390.0,32.0,275.0,0,-1,False,True,
0.8,0.735,0.6,0.6,0.1,0.1,0.2,0.02,10,10.0,1.0,False,5,5,3,7,2.4618841415609984,1.438616186311263,1.5972044560275855,0.15858826971632256,0.08252268290330236,1.6186220714870398,2.603979813399953,1.9090765614624543,2.587222241515349,19.0,195.0,32.0,137.0,0,-1,False,True,
0.8,0.735,0.6,0.6,0.1,0.1,0.2,0.05,10,10.0,1.0,False,5,5,3,5,2.4618841415609984,1.2949074812135093,1.4110531137147202,0.1161456325012109,0.05979216299246752,1.6186220714870398,2.255411110695937,1.859754773058252,2.20473755055542,19.0,78.0,29.0,70.0,0,-1,False,True,
0.8,0.735,0.6,0.6,0.1,0.1,0.2,0.1,10,10.0,1.0,False,5,5,3,3,2.4618841415609984,1.1200037565352097,1.242582516790602,0.12257876025539227,0.0632065405190377,1.6186220714870398,1.893502980428062,1.8031217348677062,1.9214172348489529,19.0,39.0,26.0,52.0,0,0,False,True,
0.8,0.735,0.6,0.6,0.1,0.1,0.2,0.2,10,10.0,1.0,False,5,5,3,3,2.4618841415609984,0.8370538089967539,1.0764533776263343,0.23939956862958045,0.12715841014476245,1.6186220714870398,1.4268633803610762,1.8031217348677062,1.6273190688909394,19.0,19.0,26.0,26.0,0,0,False,True,
0.8,0.8,0.6,0.6,0.1,0.1,0.01,0.01,10,10.0,1.0,False,5,5,5,5,2.6108626341249037,2.342125285150934,2.342125285150934,0.0,0.0,3.2254182848805173,3.2254182848805173,3.2254182848805173,3.2254182848805173,390.0,390.0,390.0,390.0,0,0,False,True,
0.8,0.8,0.6,0.6,0.1,0.1,0.01,0.02,10,10.0,1.0,False,5,5,5,5,2.6108626341249037,2.2735382343407764,2.2735382343407764,0.0,0.0,3.2254182848805173,3.0116123258158107,3.2254182848805173,3.0116123258158107,390.0,195.0,390.0,195.0,0,0,False,True,
0.8,0.8,0.6,0.6,0.1,0.1,0.01,0.05,10,10.0,1.0,False,5,5,6,4,2.6108626341249037,2.126498113543666,2.15212762626786,0.025629512724194115,0.012897217214509395,3.2254182848805173,2.599802474949467,3.3433021818018878,2.5732472700094253,390.0,78.0,323.0,98.0,0,1,False,True,
0.8,0.8,0.6,0.6,0.1,0.1,0.01,0.1,10,10.0,1.0,False,5,5,7,3,2.6108626341249037,1.9465383653672825,2.0210895838579064,0.07455121849062385,0.03797905804393431,3.2254182848805173,2.171624972984744,3.405337805779915,2.2160923460707305,390.0,39.0,275.0,65.0,0,1,False,True,
0.8,0.8,0.6,0.6,0.1,0.1,0.01,0.2,10,10.0,1.0,False,5,5,7,3,2.6108626341249037,1.652637856721011,1.8719637928989332,0.2193259361779223,0.11590191251970898,3.2254182848805173,1.6186220714870398,3.405337805779915,1.9090765614624543,390.0,19.0,275.0,32.0,0,1,False,True,
0.8,0.8,0.6,0.6,0.1,0.1,0.02,0.01,10,10.0,1.0,False,5,5,5,5,2.6108626341249037,2.2735382343407764,2.2735382343407764,0.0,0.0,3.0116123258158107,3.2254182848805173,3.0116123258158107,3.2254182848805173,195.0,390.0,195.0,390.0,0,0,False,True,
0.8,0.8,0.6,0.6,0.1,0.1,0.02,0.02,10,10.0,1.0,False,5,5,5,5,2.6108626341249037,2.204951183530619,2.204951183530619,0.0,0.0,3.0116123258158107,3.0116123258158107,3.0116123258158107,3.0116123258158107,195.0,195.0,195.0,195.0,0,0,False,True,
0.8,0.8,0.6,0.6,0.1,0.1,0.02,0.05,10,10.0,1.0,False,5,5,6,4,2.6108626341249037,2.057911062733508,2.0662954009383734,0.008384338204865394,0.004200968535264345,3.0116123258158107,2.599802474949467,3.0683095366872117,2.5732472700094253,195.0,78.0,161.0,98.0,0,1,False,True,
0.8,0.8,0.6,0.6,0.1,0.1,0.02,0.1,10,10.0,1.0,False,5,5,6,4,2.6108626341249037,1.877951314557125,1.9302489703129635,0.05229765575583856,0.026493707985980153,3.0116123258158107,2.171624972984744,3.0683095366872117,2.245935638582173,195.0,39.0,161.0,49.0,0,1,False,True,
0.8,0.8,0.6,0.6,0.1,0.1,0.02,0.2,10,10.0,1.0,False,5,5,7,3,2.6108626341249037,1.5840508059108533,1.7687635761469105,0.18471277023605714,0.09675561982044963,3.0116123258158107,1.6186220714870398,3.0714320746904,1.9090765614624543,195.0,19.0,137.0,32.0,0,1,False,True,
0.8,0.8,0.6,0.6,0.1,0.1,0.05,0.01,10,10.0,1.0,False,5,5,4,6,2.6108626341249037,2.126498113543666,2.15212762626786,0.025629512724194115,0.012897217214509395,2.599802474949467,3.2254182848805173,2.5732472700094253,3.3433021818018878,78.0,390.0,98.0,323.0,0,-1,False,True,
0.8,0.8,0.6,0.6,0.1,0.1,0.05,0.02,10,10.0,1.0,False,5,5,4,6,2.6108626341249037,2.057911062733508,2.0662954009383734,0.008384338204865394,0.004200968535264345,2.599802474949467,3.0116123258158107,2.5732472700094253,3.0683095366872117,78.0,195.0,98.0,161.0,0,-1,False,True,
0.8,0.8,0.6,0.6,0.1,0.1,0.05,0.05,10,10.0,1.0,False,5,5,5,5,2.6108626341249037,1.9108709419363972,1.9108709419363972,0.0,0.0,2.599802474949467,2.599802474949467,2.599802474949467,2.599802474949467,78.0,78.0,78.0,78.0,0,0,False,True,
0.8,0.8,0.6,0.6,0.1,0.1,0.05,0.1,10,10.0,1.0,False,5,5,6,4,2.6108626341249037,1.7309111937600141,1.7444758206993278,0.013564626939313706,0.00680536544342613,2.599802474949467,2.171624972984744,2.548114364711351,2.245935638582173,78.0,39.0,64.0,49.0,0,1,False,True,
0.8,0.8,0.6,0.6,0.1,0.1,0.05,0.2,10,10.0,1.0,False,5,5,6,3,2.6108626341249037,1.4370106851137425,1.560872027231126,0.12386134211738353,0.06388858390199138,2.599802474949467,1.6186220714870398,2.5156337077660686,1.8933491239414637,78.0,19.0,61.0,31.0,0,1,False,True,
0.8,0.8,0.6,0.6,0.1,0.1,0.1,0.01,10,10.0,1.0,False,5,5,3,7,2.6108626341249037,1.9465383653672825,2.0210895838579064,0.07455121849062385,0.03797905804393431,2.171624972984744,3.2254182848805173,2.2160923460707305,3.405337805779915,39.0,390.0,65.0,275.0,0,-1,False,True,
0.8,0.8,0.6,0.6,0.1,0.1,0.1,0.02,10,10.0,1.0,False,5,5,4,6,2.6108626341249037,1.877951314557125,1.9302489703129635,0.05229765575583856,0.026493707985980153,2.171624972984744,3.0116123258158107,2.245935638582173,3.0683095366872117,39.0,195.0,49.0,161.0,0,-1,False,True,
0.8,0.8,0.6,0.6,0.1,0.1,0.1,0.05,10,10.0,1.0,False,5,5,4,6,2.6108626341249037,1.7309111937600141,1.7444758206993278,0.013564626939313706,0.00680536544342613,2.171624972984744,2.599802474949467,2.245935638582173,2.548114364711351,39.0,78.0,49.0,64.0,0,-1,False,True,
0.8,0.8,0.6,0.6,0.1,0.1,0.1,0.1,10,10.0,1.0,False,5,5,4,4,2.6108626341249037,1.5509514455836308,1.5648675412792308,0.013916095695599928,0.0069823113055136185,2.171624972984744,2.171624972984744,2.186787934584951,2.186787934584951,39.0,39.0,44.0,44.0,0,0,False,True,
0.8,0.8,0.6,0.6,0.1,0.1,0.1,0.2,10,10.0,1.0,False,5,5,4,3,2.6108626341249037,1.2570509369373593,1.3643886731155201,0.10733773617816089,0.055135155381504236,2.171624972984744,1.6186220714870398,2.1467342277567676,1.822922440125309,39.0,19.0,41.0,27.0,0,1,False,True,
0.8,0.8,0.6,0.6,0.1,0.1,0.2,0.01,10,10.0,1.0,False,5,5,3,7,2.6108626341249037,1.652637856721011,1.8719637928989332,0.2193259361779223,0.11590191251970898,1.6186220714870398,3.2254182848805173,1.9090765614624543,3.405337805779915,19.0,390.0,32.0,275.0,0,-1,False,True,
0.8,0.8,0.6,0.6,0.1,0.1,0.2,0.02,10,10.0,1.0,False,5,5,3,7,2.6108626341249037,1.5840508059108533,1.7687635761469105,0.18471277023605714,0.09675561982044963,1.6186220714870398,3.0116123258158107,1.9090765614624543,3.0714320746904,19.0,195.0,32.0,137.0,0,-1,False,True,
0.8,0.8,0.6,0.6,0.1,0.1,0.2,0.05,10,10.0,1.0,False,5,5,3,6,2.6108626341249037,1.4370106851137425,1.560872027231126,0.12386134211738353,0.06388858390199138,1.6186220714870398,2.599802474949467,1.8933491239414637,2.5156337077660686,19.0,78.0,31.0,61.0,0,-1,False,True,
0.8,0.8,0.6,0.6,0.1,0.1,0.2,0.1,10,10.0,1.0,False,5,5,3,4,2.6108626341249037,1.2570509369373593,1.3643886731155201,0.10733773617816089,0.055135155381504236,1.6186220714870398,2.171624972984744,1.822922440125309,2.1467342277567676,19.0,39.0,27.0,41.0,0,-1,False,True,
0.8,0.8,0.6,0.6,0.1,0.1,0.2,0.2,10,10.0,1.0,False,5,5,3,3,2.6108626341249037,0.9631504282910877,1.1790389197881692,0.21588849149708156,0.11398563421983063,1.6186220714870398,1.6186220714870398,1.8031217348677062,1.8031217348677062,19.0,19.0,26.0,26.0,0,0,False,True,
0.8,0.85,0.6,0.6,0.1,0.1,0.01,0.01,10,10.0,1.0,False,5,5,5,5,2.729102519973198,2.4631664115574097,2.4631664115574097,0.0,0.0,3.2254182848805173,3.640437144140399,3.2254182848805173,3.640437144140399,390.0,390.0,390.0,390.0,0,0,False,True,
0.8,0.85,0.6,0.6,0.1,0.1,0.01,0.02,10,10.0,1.0,False,5,5,5,5,2.729102519973198,2.395868518881051,2.395868518881051,0.0,0.0,3.2254182848805173,3.403505317631585,3.2254182848805173,3.403505317631585,390.0,195.0,390.0,195.0,0,0,False,True,
0.8,0.85,0.6,0.6,0.1,0.1,0.01,0.05,10,10.0,1.0,False,5,5,6,4,2.729102519973198,2.25130435502578,2.2577389348898786,0.006434579864098566,0.0032224709641068047,3.2254182848805173,2.9453914028034465,3.3433021818018878,2.859880781390607,390.0,78.0,323.0,98.0,0,1,False,True,
0.8,0.85,0.6,0.6,0.1,0.1,0.01,0.1,10,10.0,1.0,False,5,5,6,4,2.729102519973198,2.0739010125614032,2.124972834117761,0.05107182155635792,0.02586474521028993,3.2254182848805173,2.46659429189014,3.3433021818018878,2.5043114797230586,390.0,39.0,323.0,49.0,0,1,False,True,
0.8,0.85,0.6,0.6,0.1,0.1,0.01,0.2,10,10.0,1.0,False,5,5,7,3,2.729102519973198,1.7832429185385088,1.961916470152727,0.17867355161421816,0.09344884144103952,3.2254182848805173,1.8444484246432138,3.405337805779915,2.0887636308065316,390.0,19.0,275.0,32.0,0,1,False,True,
0.8,0.85,0.6,0.6,0.1,0.1,0.02,0.01,10,10.0,1.0,False,5,5,4,6,2.729102519973198,2.394579360747252,2.4025252016064584,0.007945840859206577,0.00398082293985566,3.0116123258158107,3.640437144140399,2.8785148777279015,3.8391489249838733,195.0,390.0,245.0,323.0,0,-1,False,True,
0.8,0.85,0.6,0.6,0.1,0.1,0.02,0.02,10,10.0,1.0,False,5,5,5,5,2.729102519973198,2.3272814680708938,2.3272814680708938,0.0,0.0,3.0116123258158107,3.403505317631585,3.0116123258158107,3.403505317631585,195.0,195.0,195.0,195.0,0,0,False,True,
0.8,0.85,0.6,0.6,0.1,0.1,0.02,0.05,10,10.0,1.0,False,5,5,5,5,2.729102519973198,2.1827173042156227,2.1827173042156227,0.0,0.0,3.0116123258158107,2.9453914028034465,3.0116123258158107,2.9453914028034465,195.0,78.0,195.0,78.0,0,0,False,True,
0.8,0.85,0.6,0.6,0.1,0.1,0.02,0.1,10,10.0,1.0,False,5,5,6,4,2.729102519973198,2.005313961751246,2.0391406087882746,0.033826647037028756,0.017057163568242665,3.0116123258158107,2.46659429189014,3.0683095366872117,2.5043114797230586,195.0,39.0,161.0,49.0,0,1,False,True,
0.8,0.85,0.6,0.6,0.1,0.1,0.02,0.2,10,10.0,1.0,False,5,5,7,3,2.729102519973198,1.714655867728351,1.8587162534007042,0.14406038567235324,0.07468779144640006,3.0116123258158107,1.8444484246432138,3.0714320746904,2.0887636308065316,195.0,19.0,137.0,32.0,0,1,False,True,
0.8,0.85,0.6,0.6,0.1,0.1,0.05,0.01,10,10.0,1.0,False,5,5,4,6,2.729102519973198,2.2475392399501413,2.290419338428828,0.04288009847868679,0.021671538515478473,2.599802474949467,3.640437144140399,2.5732472700094253,3.8391489249838733,78.0,390.0,98.0,323.0,0,-1,False,True,
0.8,0.85,0.6,0.6,0.1,0.1,0.05,0.02,10,10.0,1.0,False,5,5,4,6,2.729102519973198,2.1802413472737827,2.2052662828028815,0.02502493552909879,0.01259107620905651,2.599802474949467,3.403505317631585,2.5732472700094253,3.5257657696580753,78.0,195.0,98.0,161.0,0,-1,False,True,
0.8,0.85,0.6,0.6,0.1,0.1,0.05,0.05,10,10.0,1.0,False,5,5,5,5,2.729102519973198,2.0356771834185117,2.0356771834185117,0.0,0.0,2.599802474949467,2.9453914028034465,2.599802474949467,2.9453914028034465,78.0,78.0,78.0,78.0,0,0,False,True,
0.8,0.85,0.6,0.6,0.1,0.1,0.05,0.1,10,10.0,1.0,False,5,5,5,5,2.729102519973198,1.8582738409541348,1.8582738409541348,0.0,0.0,2.599802474949467,2.46659429189014,2.599802474949467,2.46659429189014,78.0,39.0,78.0,39.0,0,0,False,True,
0.8,0.85,0.6,0.6,0.1,0.1,0.05,0.2,10,10.0,1.0,False,5,5,6,3,2.729102519973198,1.5676157469312402,1.651053306121561,0.08343755919032092,0.042601236777989764,2.599802474949467,1.8444484246432138,2.5156337077660686,2.072029502658232,78.0,19.0,61.0,31.0,0,1,False,True,
0.8,0.85,0.6,0.6,0.1,0.1,0.1,0.01,10,10.0,1.0,False,5,5,3,7,2.729102519973198,2.067579491773758,2.1740894256641607,0.10650993389040275,0.05469852410107145,2.171624972984744,3.640437144140399,2.2160923460707305,3.96832457904921,39.0,390.0,65.0,275.0,0,-1,False,True,
0.8,0.85,0.6,0.6,0.1,0.1,0.1,0.02,10,10.0,1.0,False,5,5,3,7,2.729102519973198,2.0002815990973994,2.070439793010488,0.07015819391308842,0.03570162640640049,2.171624972984744,3.403505317631585,2.2160923460707305,3.577607756390256,39.0,195.0,65.0,137.0,0,-1,False,True,
0.8,0.85,0.6,0.6,0.1,0.1,0.1,0.05,10,10.0,1.0,False,5,5,4,6,2.729102519973198,1.8557174352421284,1.884421496364416,0.028704061122287516,0.014455515431758959,2.171624972984744,2.9453914028034465,2.245935638582173,2.9308699683326807,39.0,78.0,49.0,64.0,0,-1,False,True,
0.8,0.85,0.6,0.6,0.1,0.1,0.1,0.1,10,10.0,1.0,False,5,5,4,5,2.729102519973198,1.6783140927777516,1.6796185886403157,0.0013044958625640923,0.0006524606912188722,2.171624972984744,2.46659429189014,2.211493861509397,2.425288159601471,39.0,39.0,46.0,37.0,0,-1,False,True,
0.8,0.85,0.6,0.6,0.1,0.1,0.1,0.2,10,10.0,1.0,False,5,5,4,4,2.729102519973198,1.3876559987548571,1.457147703137227,0.06949170438236996,0.035356541762945566,2.171624972984744,1.8444484246432138,2.186787934584951,1.963471210317083,39.0,19.0,44.0,22.0,0,0,False,True,
0.8,0.85,0.6,0.6,0.1,0.1,0.2,0.01,10,10.0,1.0,False,5,5,3,7,2.729102519973198,1.7736789831274864,2.0249636347051876,0.2512846515777012,0.13387653734945,1.6186220714870398,3.640437144140399,1.9090765614624543,3.96832457904921,19.0,390.0,32.0,275.0,0,-1,False,True,
0.8,0.85,0.6,0.6,0.1,0.1,0.2,0.02,10,10.0,1.0,False,5,5,3,7,2.729102519973198,1.706381090451128,1.9213140020515145,0.2149329116003864,0.11345351021307057,1.6186220714870398,3.403505317631585,1.9090765614624543,3.577607756390256,19.0,195.0,32.0,137.0,0,-1,False,True,
0.8,0.85,0.6,0.6,0.1,0.1,0.2,0.05,10,10.0,1.0,False,5,5,3,6,2.729102519973198,1.5618169265958568,1.7008606164284412,0.13904368983258442,0.0719954786004901,1.6186220714870398,2.9453914028034465,1.8933491239414637,2.8936345226844016,19.0,78.0,31.0,61.0,0,-1,False,True,
0.8,0.85,0.6,0.6,0.1,0.1,0.2,0.1,10,10.0,1.0,False,5,5,3,5,2.729102519973198,1.38441358413148,1.487937400061634,0.10352381593015414,0.0531249719937076,1.6186220714870398,2.46659429189014,1.859754773058252,2.380933799514364,19.0,39.0,29.0,35.0,0,-1,False,True,
0.8,0.85,0.6,0.6,0.1,0.1,0.2,0.2,10,10.0,1.0,False,5,5,3,3,2.729102519973198,1.0937554901085855,1.2705552235307405,0.17679973342215494,0.09242485903956543,1.6186220714870398,1.8444484246432138,1.8031217348677062,1.9759232621685887,19.0,19.0,26.0,26.0,0,0,False,True,
0.85,0.65,0.6,0.6,0.1,0.1,0.01,0.01,10,10.0,1.0,False,6,4,6,4,2.4370995160041735,2.173849298322216,2.173849298322216,0.0,0.0,3.8391489249838733,2.2901071123078354,3.8391489249838733,2.2901071123078354,323.0,490.0,323.0,490.0,1,1,False,True,
0.85,0.65,0.6,0.6,0.1,0.1,0.01,0.02,10,10.0,1.0,False,6,4,6,4,2.4370995160041735,2.1241328057957194,2.1241328057957194,0.0,0.0,3.8391489249838733,2.1790349556172037,3.8391489249838733,2.1790349556172037,323.0,245.0,323.0,245.0,1,1,False,True,
0.85,0.65,0.6,0.6,0.1,0.1,0.01,0.05,10,10.0,1.0,False,6,4,7,3,2.4370995160041735,2.018431260590894,2.04505677387977,0.026625513288875968,0.013401765936940153,3.8391489249838733,1.960462770310016,3.96832457904921,1.9478238764774216,323.0,98.0,275.0,131.0,1,1,False,True,
0.85,0.65,0.6,0.6,0.1,0.1,0.01,0.1,10,10.0,1.0,False,6,4,7,3,2.4370995160041735,1.8913411411508938,1.950240021539813,0.05889888038891922,0.029887363250707663,3.8391489249838733,1.7264899783640548,3.96832457904921,1.7716229303925617,323.0,49.0,275.0,65.0,1,1,False,True,
0.85,0.65,0.6,0.6,0.1,0.1,0.01,0.2,10,10.0,1.0,False,6,4,8,2,2.4370995160041735,1.693273648623026,1.8556364534510683,0.16236280482804233,0.08456762190777826,3.8391489249838733,1.4162647394812726,4.043927270905668,1.5815733408146029,323.0,24.0,240.0,49.0,1,1,False,True,
0.85,0.65,0.6,0.6,0.1,0.1,0.02,0.01,10,10.0,1.0,False,6,4,6,4,2.4370995160041735,2.0886962426962694,2.0886962426962694,0.0,0.0,3.5257657696580753,2.2901071123078354,3.5257657696580753,2.2901071123078354,161.0,490.0,161.0,490.0,1,1,False,True,
0.85,0.65,0.6,0.6,0.1,0.1,0.02,0.02,10,10.0,1.0,False,6,4,6,4,2.4370995160041735,2.038979750169773,2.038979750169773,0.0,0.0,3.5257657696580753,2.1790349556172037,3.5257657696580753,2.1790349556172037,161.0,245.0,161.0,245.0,1,1,False,True,
0.85,0.65,0.6,0.6,0.1,0.1,0.02,0.05,10,10.0,1.0,False,6,4,7,3,2.4370995160041735,1.933278204964947,1.9414071412260965,0.008128936261149411,0.004072739283315962,3.5257657696580753,1.960462770310016,3.577607756390256,1.9478238764774216,161.0,98.0,137.0,131.0,1,1,False,True,
0.85,0.65,0.6,0.6,0.1,0.1,0.02,0.1,10,10.0,1.0,False,6,4,7,3,2.4370995160041735,1.8061880855249473,1.8465903888861401,0.04040230336119288,0.020406575881925505,3.5257657696580753,1.7264899783640548,3.577607756390256,1.7716229303925617,161.0,49.0,137.0,65.0,1,1,False,True,
0.85,0.65,0.6,0.6,0.1,0.1,0.02,0.2,10,10.0,1.0,False,6,4,8,2,2.4370995160041735,1.6081205929970792,1.7339081099782525,0.1257875169811733,0.06491369518274347,3.5257657696580753,1.4162647394812726,3.5804481461929063,1.5815733408146029,161.0,24.0,120.0,49.0,1,1,False,True,
0.85,0.65,0.6,0.6,0.1,0.1,0.05,0.01,10,10.0,1.0,False,6,4,5,5,2.4370995160041735,1.9038978868832133,1.9284720945841547,0.02457420770094143,0.01236290043301962,2.9308699683326807,2.2901071123078354,2.9453914028034465,2.335510232253862,64.0,490.0,78.0,390.0,1,0,False,True,
0.85,0.65,0.6,0.6,0.1,0.1,0.05,0.02,10,10.0,1.0,False,6,4,5,5,2.4370995160041735,1.8541813943567167,1.866022882818717,0.011841488462000394,0.005938306480545794,2.9308699683326807,2.1790349556172037,2.9453914028034465,2.194120253178131,64.0,245.0,78.0,195.0,1,0,False,True,
0.85,0.65,0.6,0.6,0.1,0.1,0.05,0.05,10,10.0,1.0,False,6,4,6,4,2.4370995160041735,1.7484798491518911,1.7484798491518911,0.0,0.0,2.9308699683326807,1.960462770310016,2.9308699683326807,1.960462770310016,64.0,98.0,64.0,98.0,1,1,False,True,
0.85,0.65,0.6,0.6,0.1,0.1,0.05,0.1,10,10.0,1.0,False,6,4,6,3,2.4370995160041735,1.621389729711891,1.6265271326384148,0.005137402926523649,0.0025720034034931107,2.9308699683326807,1.7264899783640548,2.8936345226844016,1.757713471263672,64.0,49.0,61.0,62.0,1,1,False,True,
0.85,0.65,0.6,0.6,0.1,0.1,0.05,0.2,10,10.0,1.0,False,6,4,7,2,2.4370995160041735,1.4233222371840233,1.4849061571180284,0.06158391993400514,0.03127093592839422,2.9308699683326807,1.4162647394812726,2.809802268102092,1.5711251888631461,64.0,24.0,52.0,47.0,1,1,False,True,
0.85,0.65,0.6,0.6,0.1,0.1,0.1,0.01,10,10.0,1.0,False,6,4,4,6,2.4370995160041735,1.6750291492100144,1.770237305788974,0.09520815657895954,0.04875534810398447,2.331310506966666,2.2901071123078354,2.5043114797230586,2.3448547681615337,32.0,490.0,49.0,323.0,1,-1,True,True,
0.85,0.65,0.6,0.6,0.1,0.1,0.1,0.02,10,10.0,1.0,False,6,4,4,6,2.4370995160041735,1.6253126566835179,1.6952353795966641,0.06992272291314627,0.03557969473557864,2.331310506966666,2.1790349556172037,2.5043114797230586,2.1754195472678735,32.0,245.0,49.0,161.0,1,-1,True,True,
0.85,0.65,0.6,0.6,0.1,0.1,0.1,0.05,10,10.0,1.0,False,6,4,5,5,2.4370995160041735,1.5196111114786923,1.555837988080489,0.036226876601796576,0.01827848161910758,2.331310506966666,1.960462770310016,2.46659429189014,1.9212953463077722,32.0,98.0,39.0,78.0,1,0,False,True,
0.85,0.65,0.6,0.6,0.1,0.1,0.1,0.1,10,10.0,1.0,False,6,4,5,3,2.4370995160041735,1.3925209920386923,1.420009239509092,0.027488247470399685,0.013839008407711503,2.331310506966666,1.7264899783640548,2.380933799514364,1.7376202002062202,32.0,49.0,35.0,58.0,1,1,False,True,
0.85,0.65,0.6,0.6,0.1,0.1,0.1,0.2,10,10.0,1.0,False,6,4,4,2,2.4370995160041735,1.1944534995108245,1.2807038124120715,0.08625031290124707,0.04406855858873778,2.331310506966666,1.4162647394812726,2.364568100478018,1.5221265885860873,32.0,24.0,39.0,39.0,1,1,False,True,
0.85,0.65,0.6,0.6,0.1,0.1,0.2,0.01,10,10.0,1.0,False,6,4,3,7,2.4370995160041735,1.3039348806932543,1.5838256045041357,0.2798907238108814,0.15021095180557345,1.6085550479787172,2.2901071123078354,2.0887636308065316,2.333229309563939,16.0,490.0,32.0,275.0,1,-1,True,True,
0.85,0.65,0.6,0.6,0.1,0.1,0.2,0.02,10,10.0,1.0,False,6,4,3,6,2.4370995160041735,1.2542183881667577,1.4989655435447964,0.2447471553780387,0.13017623155104463,1.6085550479787172,2.1790349556172037,2.072029502658232,2.160710235789028,16.0,245.0,31.0,153.0,1,-1,True,True,
0.85,0.65,0.6,0.6,0.1,0.1,0.2,0.05,10,10.0,1.0,False,6,4,3,5,2.4370995160041735,1.1485168429619321,1.3432125158681907,0.19469567290625855,0.10224370749009636,1.6085550479787172,1.960462770310016,2.036266893045987,1.8815470526924478,16.0,98.0,29.0,70.0,1,-1,True,True,
0.85,0.65,0.6,0.6,0.1,0.1,0.2,0.1,10,10.0,1.0,False,6,4,3,3,2.4370995160041735,1.021426723521932,1.2137433198366177,0.19231659631468556,0.10093332591779434,1.6085550479787172,1.7264899783640548,1.9759232621685887,1.7035384962660851,16.0,49.0,26.0,52.0,1,0,False,True,
0.85,0.65,0.6,0.6,0.1,0.1,0.2,0.2,10,10.0,1.0,False,6,4,3,2,2.4370995160041735,0.8233592309940643,1.0682119864888908,0.24485275549482655,0.1302359064974724,1.6085550479787172,1.4162647394812726,1.9302864776768527,1.5076370544698354,16.0,24.0,24.0,37.0,1,1,False,True,
0.85,0.7,0.6,0.6,0.1,0.1,0.01,0.01,10,10.0,1.0,False,6,4,6,4,2.5305743125317504,2.264053502902124,2.264053502902124,0.0,0.0,3.8391489249838733,2.5062880524645803,3.8391489249838733,2.5062880524645803,323.0,490.0,323.0,490.0,1,1,False,True,
0.85,0.7,0.6,0.6,0.1,0.1,0.01,0.02,10,10.0,1.0,False,6,4,6,4,2.5305743125317504,2.2125904074220895,2.2125904074220895,0.0,0.0,3.8391489249838733,2.3805693922370943,3.8391489249838733,2.3805693922370943,323.0,245.0,323.0,245.0,1,1,False,True,
0.85,0.7,0.6,0.6,0.1,0.1,0.01,0.05,10,10.0,1.0,False,6,4,7,3,2.5305743125317504,2.1029575236019715,2.1174870565997486,0.01452953299777704,0.00729121893315097,3.8391489249838733,2.1333783769834134,3.96832457904921,2.0941402166698713,323.0,98.0,275.0,131.0,1,1,False,True,
0.85,0.7,0.6,0.6,0.1,0.1,0.01,0.1,10,10.0,1.0,False,6,4,7,3,2.5305743125317504,1.9706908205235465,2.020426873839025,0.0497360533154787,0.025179815189647865,3.8391489249838733,1.8690683769967074,3.96832457904921,1.9004351544480809,323.0,49.0,275.0,65.0,1,1,False,True,
0.85,0.7,0.6,0.6,0.1,0.1,0.01,0.2,10,10.0,1.0,False,6,4,8,2,2.5305743125317504,1.7633643848099825,1.9084264180573043,0.1450620332473218,0.07522615545797412,3.8391489249838733,1.5190933504005817,4.043927270905668,1.6673075861009026,323.0,24.0,240.0,49.0,1,1,False,True,
0.85,0.7,0.6,0.6,0.1,0.1,0.02,0.01,10,10.0,1.0,False,6,4,6,4,2.5305743125317504,2.1789004472761775,2.1789004472761775,0.0,0.0,3.5257657696580753,2.5062880524645803,3.5257657696580753,2.5062880524645803,161.0,490.0,161.0,490.0,1,1,False,True,
0.85,0.7,0.6,0.6,0.1,0.1,0.02,0.02,10,10.0,1.0,False,6,4,6,4,2.5305743125317504,2.1274373517961425,2.1274373517961425,0.0,0.0,3.5257657696580753,2.3805693922370943,3.5257657696580753,2.3805693922370943,161.0,245.0,161.0,245.0,1,1,False,True,
0.85,0.7,0.6,0.6,0.1,0.1,0.02,0.05,10,10.0,1.0,False,6,4,6,4,2.5305743125317504,2.0178044679760245,2.0178044679760245,0.0,0.0,3.5257657696580753,2.1333783769834134,3.5257657696580753,2.1333783769834134,161.0,98.0,161.0,98.0,1,1,False,True,
0.85,0.7,0.6,0.6,0.1,0.1,0.02,0.1,10,10.0,1.0,False,6,4,7,3,2.5305743125317504,1.8855377648975997,1.916777241185352,0.031239476287752366,0.01574236388244661,3.5257657696580753,1.8690683769967074,3.577607756390256,1.9004351544480809,161.0,49.0,137.0,65.0,1,1,False,True,
0.85,0.7,0.6,0.6,0.1,0.1,0.02,0.2,10,10.0,1.0,False,6,4,8,2,2.5305743125317504,1.6782113291840357,1.7866980745844883,0.10848674540045256,0.05574150955360937,3.5257657696580753,1.5190933504005817,3.5804481461929063,1.6673075861009026,161.0,24.0,120.0,49.0,1,1,False,True,
0.85,0.7,0.6,0.6,0.1,0.1,0.05,0.01,10,10.0,1.0,False,6,4,5,5,2.5305743125317504,1.9941020914631216,2.0299614498295093,0.03585935836638776,0.01809138085501003,2.9308699683326807,2.5062880524645803,2.9453914028034465,2.5849850830906473,64.0,490.0,78.0,390.0,1,0,False,True,
0.85,0.7,0.6,0.6,0.1,0.1,0.05,0.02,10,10.0,1.0,False,6,4,5,5,2.5305743125317504,1.9426389959830868,1.9643687321156151,0.021729736132528377,0.010924105085063163,2.9308699683326807,2.3805693922370943,2.9453914028034465,2.4208700967636347,64.0,245.0,78.0,195.0,1,0,False,True,
0.85,0.7,0.6,0.6,0.1,0.1,0.05,0.05,10,10.0,1.0,False,6,4,6,4,2.5305743125317504,1.8330061121629686,1.8330061121629686,0.0,0.0,2.9308699683326807,2.1333783769834134,2.9308699683326807,2.1333783769834134,64.0,98.0,64.0,98.0,1,1,False,True,
0.85,0.7,0.6,0.6,0.1,0.1,0.05,0.1,10,10.0,1.0,False,6,4,6,4,2.5305743125317504,1.7007394090845438,1.7007394090845438,0.0,0.0,2.9308699683326807,1.8690683769967074,2.9308699683326807,1.8690683769967074,64.0,49.0,64.0,49.0,1,1,False,True,
0.85,0.7,0.6,0.6,0.1,0.1,0.05,0.2,10,10.0,1.0,False,6,4,6,3,2.5305743125317504,1.4934129733709798,1.5483872585523029,0.05497428518132308,0.027868399297536463,2.9308699683326807,1.5190933504005817,2.8936345226844016,1.6255950384519346,64.0,24.0,61.0,31.0,1,1,False,True,
0.85,0.7,0.6,0.6,0.1,0.1,0.1,0.01,10,10.0,1.0,False,6,4,4,6,2.5305743125317504,1.7652333537899227,1.8795836454968313,0.11435029170690858,0.05884124580957405,2.331310506966666,2.5062880524645803,2.5043114797230586,2.6157995528592886,32.0,490.0,49.0,323.0,1,-1,True,True,
0.85,0.7,0.6,0.6,0.1,0.1,0.1,0.02,10,10.0,1.0,False,6,4,4,6,2.5305743125317504,1.713770258309888,1.7997038842749833,0.08593362596509535,0.04390325024035586,2.331310506966666,2.3805693922370943,2.5043114797230586,2.414977682624679,32.0,245.0,49.0,161.0,1,-1,True,True,
0.85,0.7,0.6,0.6,0.1,0.1,0.1,0.05,10,10.0,1.0,False,6,4,5,5,2.5305743125317504,1.6041373744897698,1.6470949795670138,0.042957605077244,0.021711132425567364,2.331310506966666,2.1333783769834134,2.46659429189014,2.104876108496384,32.0,98.0,39.0,78.0,1,0,False,True,
0.85,0.7,0.6,0.6,0.1,0.1,0.1,0.1,10,10.0,1.0,False,6,4,5,4,2.5305743125317504,1.471870671411345,1.4964221347830753,0.02455146337173031,0.012351387740937572,2.331310506966666,1.8690683769967074,2.425288159601471,1.841299898471687,32.0,49.0,37.0,46.0,1,1,False,True,
0.85,0.7,0.6,0.6,0.1,0.1,0.1,0.2,10,10.0,1.0,False,6,4,5,3,2.5305743125317504,1.264544235697781,1.3356675149611434,0.07112327926336248,0.03620151723948049,2.331310506966666,1.5190933504005817,2.380933799514364,1.5970764697967288,32.0,24.0,35.0,29.0,1,1,False,True,
0.85,0.7,0.6,0.6,0.1,0.1,0.2,0.01,10,10.0,1.0,False,6,4,3,7,2.5305743125317504,1.3941390852731625,1.6982419075659765,0.30410282229281393,0.16422008878299452,1.6085550479787172,2.5062880524645803,2.0887636308065316,2.6160605538933472,16.0,490.0,32.0,275.0,1,-1,True,True,
0.85,0.7,0.6,0.6,0.1,0.1,0.2,0.02,10,10.0,1.0,False,6,4,3,7,2.5305743125317504,1.3426759897931275,1.6047843580823766,0.2621083682892491,0.14002955116457844,1.6085550479787172,2.3805693922370943,2.0887636308065316,2.3826469447661265,16.0,245.0,32.0,137.0,1,-1,True,True,
0.85,0.7,0.6,0.6,0.1,0.1,0.2,0.05,10,10.0,1.0,False,6,4,3,5,2.5305743125317504,1.2330431059730096,1.4332964116597477,0.20025330568673816,0.10531089997919665,1.6085550479787172,2.1333783769834134,2.036266893045987,2.058913125538192,16.0,98.0,29.0,70.0,1,-1,True,True,
0.85,0.7,0.6,0.6,0.1,0.1,0.2,0.1,10,10.0,1.0,False,6,4,3,3,2.5305743125317504,1.1007764028945848,1.2829330850354332,0.18215668214084846,0.0953548131658376,1.6085550479787172,1.8690683769967074,1.9759232621685887,1.8255792271143623,16.0,49.0,26.0,52.0,1,0,False,True,
0.85,0.7,0.6,0.6,0.1,0.1,0.2,0.2,10,10.0,1.0,False,6,4,3,2,2.5305743125317504,0.8934499671810207,1.1204151738865273,0.22696520670550668,0.12017240147874918,1.6085550479787172,1.5190933504005817,1.9302864776768527,1.5884310180706511,16.0,24.0,24.0,37.0,1,1,False,True,
0.85,0.735,0.6,0.6,0.1,0.1,0.01,0.01,10,10.0,1.0,False,6,4,6,4,2.597193206335371,2.329239312161234,2.329239312161234,0.0,0.0,3.8391489249838733,2.675104925981951,3.8391489249838733,2.675104925981951,323.0,490.0,323.0,490.0,1,1,False,True,
0.85,0.735,0.6,0.6,0.1,0.1,0.01,0.02,10,10.0,1.0,False,6,4,6,4,2.597193206335371,2.276985234163595,2.276985234163595,0.0,0.0,3.8391489249838733,2.5389091651540268,3.8391489249838733,2.5389091651540268,323.0,245.0,323.0,245.0,1,1,False,True,
0.85,0.735,0.6,0.6,0.1,0.1,0.01,0.05,10,10.0,1.0,False,6,4,7,3,2.597193206335371,2.165515513716959,2.1698518156196056,0.0043363019026467775,0.002170503090220794,3.8391489249838733,2.2711011586727436,3.96832457904921,2.20672128036971,323.0,98.0,275.0,131.0,1,1,False,True,
0.85,0.735,0.6,0.6,0.1,0.1,0.01,0.1,10,10.0,1.0,False,6,4,7,3,2.597193206335371,2.030729516224341,2.071976239204399,0.04124672298005816,0.020837492510084845,3.8391489249838733,1.9847219094065913,3.96832457904921,2.0009703821575626,323.0,49.0,275.0,65.0,1,1,False,True,
0.85,0.735,0.6,0.6,0.1,0.1,0.01,0.2,10,10.0,1.0,False,6,4,8,2,2.597193206335371,1.8186771778025976,1.9466456232824731,0.12796844547987551,0.0660755788771658,3.8391489249838733,1.6054859283980851,4.043927270905668,1.7322641442346403,323.0,24.0,240.0,49.0,1,1,False,True,
0.85,0.735,0.6,0.6,0.1,0.1,0.02,0.01,10,10.0,1.0,False,6,4,5,5,2.597193206335371,2.2440862565352875,2.249105307735343,0.005019051200055635,0.0025126770950975297,3.5257657696580753,2.675104925981951,3.403505317631585,2.7851435928723265,161.0,490.0,195.0,390.0,1,0,False,True,
0.85,0.735,0.6,0.6,0.1,0.1,0.02,0.02,10,10.0,1.0,False,6,4,6,4,2.597193206335371,2.191832178537648,2.191832178537648,0.0,0.0,3.5257657696580753,2.5389091651540268,3.5257657696580753,2.5389091651540268,161.0,245.0,161.0,245.0,1,1,False,True,
0.85,0.735,0.6,0.6,0.1,0.1,0.02,0.05,10,10.0,1.0,False,6,4,6,4,2.597193206335371,2.0803624580910123,2.0803624580910123,0.0,0.0,3.5257657696580753,2.2711011586727436,3.5257657696580753,2.2711011586727436,161.0,98.0,161.0,98.0,1,1,False,True,
0.85,0.735,0.6,0.6,0.1,0.1,0.02,0.1,10,10.0,1.0,False,6,4,7,3,2.597193206335371,1.9455764605983945,1.9683266065507259,0.02275014595233138,0.011440015125741918,3.5257657696580753,1.9847219094065913,3.577607756390256,2.0009703821575626,161.0,49.0,137.0,65.0,1,1,False,True,
0.85,0.735,0.6,0.6,0.1,0.1,0.02,0.2,10,10.0,1.0,False,6,4,8,2,2.597193206335371,1.7335241221766509,1.8249172798096573,0.09139315763300648,0.04675675459422729,3.5257657696580753,1.6054859283980851,3.5804481461929063,1.7322641442346403,161.0,24.0,120.0,49.0,1,1,False,True,
0.85,0.735,0.6,0.6,0.1,0.1,0.05,0.01,10,10.0,1.0,False,6,4,5,5,2.597193206335371,2.0592879007222313,2.1045411438800716,0.045253243157840295,0.022884545220994548,2.9308699683326807,2.675104925981951,2.9453914028034465,2.7851435928723265,64.0,490.0,78.0,390.0,1,0,False,True,
0.85,0.735,0.6,0.6,0.1,0.1,0.05,0.02,10,10.0,1.0,False,6,4,5,5,2.597193206335371,2.0070338227245923,2.037282684616032,0.030248861891439827,0.015239383953216083,2.9308699683326807,2.5389091651540268,2.9453914028034465,2.603979813399953,64.0,245.0,78.0,195.0,1,0,False,True,
0.85,0.735,0.6,0.6,0.1,0.1,0.05,0.05,10,10.0,1.0,False,6,4,6,4,2.597193206335371,1.8955641022779564,1.8955641022779564,0.0,0.0,2.9308699683326807,2.2711011586727436,2.9308699683326807,2.2711011586727436,64.0,98.0,64.0,98.0,1,1,False,True,
0.85,0.735,0.6,0.6,0.1,0.1,0.05,0.1,10,10.0,1.0,False,6,4,6,4,2.597193206335371,1.7607781047853384,1.7607781047853384,0.0,0.0,2.9308699683326807,1.9847219094065913,2.9308699683326807,1.9847219094065913,64.0,49.0,64.0,49.0,1,1,False,True,
0.85,0.735,0.6,0.6,0.1,0.1,0.05,0.2,10,10.0,1.0,False,6,4,6,3,2.597193206335371,1.548725766363595,1.598286294013098,0.04956052764950303,0.025089846452758236,2.9308699683326807,1.6054859283980851,2.8936345226844016,1.708768544598329,64.0,24.0,61.0,31.0,1,1,False,True,
0.85,0.735,0.6,0.6,0.1,0.1,0.1,0.01,10,10.0,1.0,False,6,4,4,6,2.597193206335371,1.8304191630490325,1.9612001360093039,0.13078097296027136,0.0675758169259997,2.331310506966666,2.675104925981951,2.5043114797230586,2.838246118935468,32.0,490.0,49.0,323.0,1,-1,True,True,
0.85,0.735,0.6,0.6,0.1,0.1,0.1,0.02,10,10.0,1.0,False,6,4,4,6,2.597193206335371,1.7781650850513933,1.878482188546226,0.1003171034948327,0.05143779045983269,2.331310506966666,2.5389091651540268,2.5043114797230586,2.6129199484316867,32.0,245.0,49.0,161.0,1,-1,True,True,
0.85,0.735,0.6,0.6,0.1,0.1,0.1,0.05,10,10.0,1.0,False,6,4,5,5,2.597193206335371,1.6666953646047575,1.7161706370539016,0.04947527244914407,0.025046150263974054,2.331310506966666,2.2711011586727436,2.46659429189014,2.255411110695937,32.0,98.0,39.0,78.0,1,0,False,True,
0.85,0.735,0.6,0.6,0.1,0.1,0.1,0.1,10,10.0,1.0,False,6,4,5,4,2.597193206335371,1.5319093671121395,1.5561529837420391,0.0242436166298996,0.012195575194689456,2.331310506966666,1.9847219094065913,2.425288159601471,1.9546333629376154,32.0,49.0,37.0,46.0,1,1,False,True,
0.85,0.735,0.6,0.6,0.1,0.1,0.1,0.2,10,10.0,1.0,False,6,4,5,3,2.597193206335371,1.3198570286903961,1.3853517557499315,0.06549472705953541,0.03328945966176519,2.331310506966666,1.6054859283980851,2.380933799514364,1.678430267900279,32.0,24.0,35.0,29.0,1,1,False,True,
0.85,0.735,0.6,0.6,0.1,0.1,0.2,0.01,10,10.0,1.0,False,6,4,3,7,2.597193206335371,1.4593248945322723,1.7848601857278812,0.32553529119560887,0.1767632318028743,1.6085550479787172,2.675104925981951,2.0887636308065316,2.8527626025332276,16.0,490.0,32.0,275.0,1,-1,True,True,
0.85,0.735,0.6,0.6,0.1,0.1,0.2,0.02,10,10.0,1.0,False,6,4,3,7,2.597193206335371,1.407070816534633,1.687157133281379,0.280086316746746,0.1503234438746109,1.6085550479787172,2.5389091651540268,2.0887636308065316,2.587222241515349,16.0,245.0,32.0,137.0,1,-1,True,True,
0.85,0.735,0.6,0.6,0.1,0.1,0.2,0.05,10,10.0,1.0,False,6,4,3,5,2.597193206335371,1.2956010960879973,1.5017266541782748,0.20612555809027744,0.1085610012926571,1.6085550479787172,2.2711011586727436,2.036266893045987,2.20473755055542,16.0,98.0,29.0,70.0,1,-1,True,True,
0.85,0.735,0.6,0.6,0.1,0.1,0.2,0.1,10,10.0,1.0,False,6,4,3,3,2.597193206335371,1.1608150985953793,1.3340988205331732,0.17328372193779384,0.09050605699116761,1.6085550479787172,1.9847219094065913,1.9759232621685887,1.9214172348489529,16.0,49.0,26.0,52.0,1,0,False,True,
0.85,0.735,0.6,0.6,0.1,0.1,0.2,0.2,10,10.0,1.0,False,6,4,3,3,2.597193206335371,0.9487627601736359,1.1679696813689056,0.21920692119526963,0.11583550997207279,1.6085550479787172,1.6054859283980851,1.9759232621685887,1.6273190688909394,16.0,24.0,26.0,26.0,1,0,False,True,
0.85,0.8,0.6,0.6,0.1,0.1,0.01,0.01,10,10.0,1.0,False,5,5,5,5,2.729102519973198,2.4631664115574097,2.4631664115574097,0.0,0.0,3.640437144140399,3.2254182848805173,3.640437144140399,3.2254182848805173,390.0,390.0,390.0,390.0,0,0,False,True,
0.85,0.8,0.6,0.6,0.1,0.1,0.01,0.02,10,10.0,1.0,False,5,5,6,4,2.729102519973198,2.394579360747252,2.4025252016064584,0.007945840859206577,0.00398082293985566,3.640437144140399,3.0116123258158107,3.8391489249838733,2.8785148777279015,390.0,195.0,323.0,245.0,0,1,False,True,
0.85,0.8,0.6,0.6,0.1,0.1,0.01,0.05,10,10.0,1.0,False,5,5,6,4,2.729102519973198,2.2475392399501413,2.290419338428828,0.04288009847868679,0.021671538515478473,3.640437144140399,2.599802474949467,3.8391489249838733,2.5732472700094253,390.0,78.0,323.0,98.0,0,1,False,True,
0.85,0.8,0.6,0.6,0.1,0.1,0.01,0.1,10,10.0,1.0,False,5,5,7,3,2.729102519973198,2.067579491773758,2.1740894256641607,0.10650993389040275,0.05469852410107145,3.640437144140399,2.171624972984744,3.96832457904921,2.2160923460707305,390.0,39.0,275.0,65.0,0,1,False,True,
0.85,0.8,0.6,0.6,0.1,0.1,0.01,0.2,10,10.0,1.0,False,5,5,7,3,2.729102519973198,1.7736789831274864,2.0249636347051876,0.2512846515777012,0.13387653734945,3.640437144140399,1.6186220714870398,3.96832457904921,1.9090765614624543,390.0,19.0,275.0,32.0,0,1,False,True,
0.85,0.8,0.6,0.6,0.1,0.1,0.02,0.01,10,10.0,1.0,False,5,5,5,5,2.729102519973198,2.395868518881051,2.395868518881051,0.0,0.0,3.403505317631585,3.2254182848805173,3.403505317631585,3.2254182848805173,195.0,390.0,195.0,390.0,0,0,False,True,
0.85,0.8,0.6,0.6,0.1,0.1,0.02,0.02,10,10.0,1.0,False,5,5,5,5,2.729102519973198,2.3272814680708938,2.3272814680708938,0.0,0.0,3.403505317631585,3.0116123258158107,3.403505317631585,3.0116123258158107,195.0,195.0,195.0,195.0,0,0,False,True,
0.85,0.8,0.6,0.6,0.1,0.1,0.02,0.05,10,10.0,1.0,False,5,5,6,4,2.729102519973198,2.1802413472737827,2.2052662828028815,0.02502493552909879,0.01259107620905651,3.403505317631585,2.599802474949467,3.5257657696580753,2.5732472700094253,195.0,78.0,161.0,98.0,0,1,False,True,
0.85,0.8,0.6,0.6,0.1,0.1,0.02,0.1,10,10.0,1.0,False,5,5,7,3,2.729102519973198,2.0002815990973994,2.070439793010488,0.07015819391308842,0.03570162640640049,3.403505317631585,2.171624972984744,3.577607756390256,2.2160923460707305,195.0,39.0,137.0,65.0,0,1,False,True,
0.85,0.8,0.6,0.6,0.1,0.1,0.02,0.2,10,10.0,1.0,False,5,5,7,3,2.729102519973198,1.706381090451128,1.9213140020515145,0.2149329116003864,0.11345351021307057,3.403505317631585,1.6186220714870398,3.577607756390256,1.9090765614624543,195.0,19.0,137.0,32.0,0,1,False,True,
0.85,0.8,0.6,0.6,0.1,0.1,0.05,0.01,10,10.0,1.0,False,5,5,4,6,2.729102519973198,2.25130435502578,2.2577389348898786,0.006434579864098566,0.0032224709641068047,2.9453914028034465,3.2254182848805173,2.859880781390607,3.3433021818018878,78.0,390.0,98.0,323.0,0,-1,False,True,
0.85,0.8,0.6,0.6,0.1,0.1,0.05,0.02,10,10.0,1.0,False,5,5,5,5,2.729102519973198,2.1827173042156227,2.1827173042156227,0.0,0.0,2.9453914028034465,3.0116123258158107,2.9453914028034465,3.0116123258158107,78.0,195.0,78.0,195.0,0,0,False,True,
0.85,0.8,0.6,0.6,0.1,0.1,0.05,0.05,10,10.0,1.0,False,5,5,5,5,2.729102519973198,2.0356771834185117,2.0356771834185117,0.0,0.0,2.9453914028034465,2.599802474949467,2.9453914028034465,2.599802474949467,78.0,78.0,78.0,78.0,0,0,False,True,
0.85,0.8,0.6,0.6,0.1,0.1,0.05,0.1,10,10.0,1.0,False,5,5,6,4,2.729102519973198,1.8557174352421284,1.884421496364416,0.028704061122287516,0.014455515431758959,2.9453914028034465,2.171624972984744,2.9308699683326807,2.245935638582173,78.0,39.0,64.0,49.0,0,1,False,True,
0.85,0.8,0.6,0.6,0.1,0.1,0.05,0.2,10,10.0,1.0,False,5,5,6,3,2.729102519973198,1.5618169265958568,1.7008606164284412,0.13904368983258442,0.0719954786004901,2.9453914028034465,1.6186220714870398,2.8936345226844016,1.8933491239414637,78.0,19.0,61.0,31.0,0,1,False,True,
0.85,0.8,0.6,0.6,0.1,0.1,0.1,0.01,10,10.0,1.0,False,5,5,4,6,2.729102519973198,2.0739010125614032,2.124972834117761,0.05107182155635792,0.02586474521028993,2.46659429189014,3.2254182848805173,2.5043114797230586,3.3433021818018878,39.0,390.0,49.0,323.0,0,-1,False,True,
0.85,0.8,0.6,0.6,0.1,0.1,0.1,0.02,10,10.0,1.0,False,5,5,4,6,2.729102519973198,2.005313961751246,2.0391406087882746,0.033826647037028756,0.017057163568242665,2.46659429189014,3.0116123258158107,2.5043114797230586,3.0683095366872117,39.0,195.0,49.0,161.0,0,-1,False,True,
0.85,0.8,0.6,0.6,0.1,0.1,0.1,0.05,10,10.0,1.0,False,5,5,5,5,2.729102519973198,1.8582738409541348,1.8582738409541348,0.0,0.0,2.46659429189014,2.599802474949467,2.46659429189014,2.599802474949467,39.0,78.0,39.0,78.0,0,0,False,True,
0.85,0.8,0.6,0.6,0.1,0.1,0.1,0.1,10,10.0,1.0,False,5,5,5,4,2.729102519973198,1.6783140927777516,1.6796185886403157,0.0013044958625640923,0.0006524606912188722,2.46659429189014,2.171624972984744,2.425288159601471,2.211493861509397,39.0,39.0,37.0,46.0,0,1,False,True,
0.85,0.8,0.6,0.6,0.1,0.1,0.1,0.2,10,10.0,1.0,False,5,5,5,3,2.729102519973198,1.38441358413148,1.487937400061634,0.10352381593015414,0.0531249719937076,2.46659429189014,1.6186220714870398,2.380933799514364,1.859754773058252,39.0,19.0,35.0,29.0,0,1,False,True,
0.85,0.8,0.6,0.6,0.1,0.1,0.2,0.01,10,10.0,1.0,False,5,5,3,7,2.729102519973198,1.7832429185385088,1.961916470152727,0.17867355161421816,0.09344884144103952,1.8444484246432138,3.2254182848805173,2.0887636308065316,3.405337805779915,19.0,390.0,32.0,275.0,0,-1,False,True,
0.85,0.8,0.6,0.6,0.1,0.1,0.2,0.02,10,10.0,1.0,False,5,5,3,7,2.729102519973198,1.714655867728351,1.8587162534007042,0.14406038567235324,0.07468779144640006,1.8444484246432138,3.0116123258158107,2.0887636308065316,3.0714320746904,19.0,195.0,32.0,137.0,0,-1,False,True,
0.85,0.8,0.6,0.6,0.1,0.1,0.2,0.05,10,10.0,1.0,False,5,5,3,6,2.729102519973198,1.5676157469312402,1.651053306121561,0.08343755919032092,0.042601236777989764,1.8444484246432138,2.599802474949467,2.072029502658232,2.5156337077660686,19.0,78.0,31.0,61.0,0,-1,False,True,
0.85,0.8,0.6,0.6,0.1,0.1,0.2,0.1,10,10.0,1.0,False,5,5,4,4,2.729102519973198,1.3876559987548571,1.457147703137227,0.06949170438236996,0.035356541762945566,1.8444484246432138,2.171624972984744,1.963471210317083,2.186787934584951,19.0,39.0,22.0,44.0,0,0,False,True,
0.85,0.8,0.6,0.6,0.1,0.1,0.2,0.2,10,10.0,1.0,False,5,5,3,3,2.729102519973198,1.0937554901085855,1.2705552235307405,0.17679973342215494,0.09242485903956543,1.8444484246432138,1.6186220714870398,1.9759232621685887,1.8031217348677062,19.0,19.0,26.0,26.0,0,0,False,True,
0.85,0.85,0.6,0.6,0.1,0.1,0.01,0.01,10,10.0,1.0,False,5,5,5,5,2.8473424058214922,2.584207537963885,2.584207537963885,0.0,0.0,3.640437144140399,3.640437144140399,3.640437144140399,3.640437144140399,390.0,390.0,390.0,390.0,0,0,False,True,
0.85,0.85,0.6,0.6,0.1,0.1,0.01,0.02,10,10.0,1.0,False,5,5,5,5,2.8473424058214922,2.5169096452875266,2.5169096452875266,0.0,0.0,3.640437144140399,3.403505317631585,3.640437144140399,3.403505317631585,390.0,195.0,390.0,195.0,0,0,False,True,
0.85,0.85,0.6,0.6,0.1,0.1,0.01,0.05,10,10.0,1.0,False,5,5,6,4,2.8473424058214922,2.3723454814322555,2.3960306470508472,0.023685165618591686,0.011912983828579632,3.640437144140399,2.9453914028034465,3.8391489249838733,2.859880781390607,390.0,78.0,323.0,98.0,0,1,False,True,
0.85,0.85,0.6,0.6,0.1,0.1,0.01,0.1,10,10.0,1.0,False,5,5,6,4,2.8473424058214922,2.1949421389678787,2.2632645462787297,0.06832240731085104,0.03475139899196956,3.640437144140399,2.46659429189014,3.8391489249838733,2.5043114797230586,390.0,39.0,323.0,49.0,0,1,False,True,
0.85,0.85,0.6,0.6,0.1,0.1,0.01,0.2,10,10.0,1.0,False,5,5,7,3,2.8473424058214922,1.9042840449449843,2.1149163119589813,0.21063226701399707,0.1110617987044948,3.640437144140399,1.8444484246432138,3.96832457904921,2.0887636308065316,390.0,19.0,275.0,32.0,0,1,False,True,
0.85,0.85,0.6,0.6,0.1,0.1,0.02,0.01,10,10.0,1.0,False,5,5,5,5,2.8473424058214922,2.5169096452875266,2.5169096452875266,0.0,0.0,3.403505317631585,3.640437144140399,3.403505317631585,3.640437144140399,195.0,390.0,195.0,390.0,0,0,False,True,
0.85,0.85,0.6,0.6,0.1,0.1,0.02,0.02,10,10.0,1.0,False,5,5,5,5,2.8473424058214922,2.4496117526111685,2.4496117526111685,0.0,0.0,3.403505317631585,3.403505317631585,3.403505317631585,3.403505317631585,195.0,195.0,195.0,195.0,0,0,False,True,
0.85,0.85,0.6,0.6,0.1,0.1,0.02,0.05,10,10.0,1.0,False,5,5,6,4,2.8473424058214922,2.3050475887558974,2.3108775914249002,0.005830002669002798,0.002919254082142499,3.403505317631585,2.9453914028034465,3.5257657696580753,2.859880781390607,195.0,78.0,161.0,98.0,0,1,False,True,
0.85,0.85,0.6,0.6,0.1,0.1,0.02,0.1,10,10.0,1.0,False,5,5,6,4,2.8473424058214922,2.1276442462915206,2.1781114906527828,0.050467244361262154,0.02555468486140157,3.403505317631585,2.46659429189014,3.5257657696580753,2.5043114797230586,195.0,39.0,161.0,49.0,0,1,False,True,
0.85,0.85,0.6,0.6,0.1,0.1,0.02,0.2,10,10.0,1.0,False,5,5,7,3,2.8473424058214922,1.8369861522686257,2.011266679305308,0.1742805270366823,0.09104970345629476,3.403505317631585,1.8444484246432138,3.577607756390256,2.0887636308065316,195.0,19.0,137.0,32.0,0,1,False,True,
0.85,0.85,0.6,0.6,0.1,0.1,0.05,0.01,10,10.0,1.0,False,5,5,4,6,2.8473424058214922,2.3723454814322555,2.3960306470508472,0.023685165618591686,0.011912983828579632,2.9453914028034465,3.640437144140399,2.859880781390607,3.8391489249838733,78.0,390.0,98.0,323.0,0,-1,False,True,
0.85,0.85,0.6,0.6,0.1,0.1,0.05,0.02,10,10.0,1.0,False,5,5,4,6,2.8473424058214922,2.3050475887558974,2.3108775914249002,0.005830002669002798,0.002919254082142499,2.9453914028034465,3.403505317631585,2.859880781390607,3.5257657696580753,78.0,195.0,98.0,161.0,0,-1,False,True,
0.85,0.85,0.6,0.6,0.1,0.1,0.05,0.05,10,10.0,1.0,False,5,5,5,5,2.8473424058214922,2.160483424900626,2.160483424900626,0.0,0.0,2.9453914028034465,2.9453914028034465,2.9453914028034465,2.9453914028034465,78.0,78.0,78.0,78.0,0,0,False,True,
0.85,0.85,0.6,0.6,0.1,0.1,0.05,0.1,10,10.0,1.0,False,5,5,6,4,2.8473424058214922,1.9830800824362491,1.993313134839727,0.010233052403477938,0.005129637974630692,2.9453914028034465,2.46659429189014,2.9308699683326807,2.5043114797230586,78.0,39.0,64.0,49.0,0,1,False,True,
0.85,0.85,0.6,0.6,0.1,0.1,0.05,0.2,10,10.0,1.0,False,5,5,6,3,2.8473424058214922,1.6924219884133547,1.7910418953188763,0.09861990690552158,0.05054592061704693,2.9453914028034465,1.8444484246432138,2.8936345226844016,2.072029502658232,78.0,19.0,61.0,31.0,0,1,False,True,
0.85,0.85,0.6,0.6,0.1,0.1,0.1,0.01,10,10.0,1.0,False,5,5,4,6,2.8473424058214922,2.1949421389678787,2.2632645462787297,0.06832240731085104,0.03475139899196956,2.46659429189014,3.640437144140399,2.5043114797230586,3.8391489249838733,39.0,390.0,49.0,323.0,0,-1,False,True,
0.85,0.85,0.6,0.6,0.1,0.1,0.1,0.02,10,10.0,1.0,False,5,5,4,6,2.8473424058214922,2.1276442462915206,2.1781114906527828,0.050467244361262154,0.02555468486140157,2.46659429189014,3.403505317631585,2.5043114797230586,3.5257657696580753,39.0,195.0,49.0,161.0,0,-1,False,True,
0.85,0.85,0.6,0.6,0.1,0.1,0.1,0.05,10,10.0,1.0,False,5,5,4,6,2.8473424058214922,1.9830800824362491,1.993313134839727,0.010233052403477938,0.005129637974630692,2.46659429189014,2.9453914028034465,2.5043114797230586,2.9308699683326807,39.0,78.0,49.0,64.0,0,-1,False,True,
0.85,0.85,0.6,0.6,0.1,0.1,0.1,0.1,10,10.0,1.0,False,5,5,5,5,2.8473424058214922,1.8056767399718723,1.8056767399718723,0.0,0.0,2.46659429189014,2.46659429189014,2.46659429189014,2.46659429189014,39.0,39.0,39.0,39.0,0,0,False,True,
0.85,0.85,0.6,0.6,0.1,0.1,0.1,0.2,10,10.0,1.0,False,5,5,5,3,2.8473424058214922,1.5150186459489778,1.5786109405251887,0.06359229457621085,0.03230704526373726,2.46659429189014,1.8444484246432138,2.380933799514364,2.036266893045987,39.0,19.0,35.0,29.0,0,1,False,True,
0.85,0.85,0.6,0.6,0.1,0.1,0.2,0.01,10,10.0,1.0,False,5,5,3,7,2.8473424058214922,1.9042840449449843,2.1149163119589813,0.21063226701399707,0.1110617987044948,1.8444484246432138,3.640437144140399,2.0887636308065316,3.96832457904921,19.0,390.0,32.0,275.0,0,-1,False,True,
0.85,0.85,0.6,0.6,0.1,0.1,0.2,0.02,10,10.0,1.0,False,5,5,3,7,2.8473424058214922,1.8369861522686257,2.011266679305308,0.1742805270366823,0.09104970345629476,1.8444484246432138,3.403505317631585,2.0887636308065316,3.577607756390256,19.0,195.0,32.0,137.0,0,-1,False,True,
0.85,0.85,0.6,0.6,0.1,0.1,0.2,0.05,10,10.0,1.0,False,5,5,3,6,2.8473424058214922,1.6924219884133547,1.7910418953188763,0.09861990690552158,0.05054592061704693,1.8444484246432138,2.9453914028034465,2.072029502658232,2.8936345226844016,19.0,78.0,31.0,61.0,0,-1,False,True,
0.85,0.85,0.6,0.6,0.1,0.1,0.2,0.1,10,10.0,1.0,False,5,5,3,5,2.8473424058214922,1.5150186459489778,1.5786109405251887,0.06359229457621085,0.03230704526373726,1.8444484246432138,2.46659429189014,2.036266893045987,2.380933799514364,19.0,39.0,29.0,35.0,0,-1,False,True,
0.85,0.85,0.6,0.6,0.1,0.1,0.2,0.2,10,10.0,1.0,False,5,5,3,3,2.8473424058214922,1.2243605519260832,1.3620715272733115,0.13771097534722831,0.07128138459648568,1.8444484246432138,1.8444484246432138,1.9759232621685887,1.9759232621685887,19.0,19.0,26.0,26.0,0,0,False,True,
