alpha1,alpha2,r1,r2,a1,a2,b1,b2,capacity,t_v_base,t_v_slope,continuous_budget,k1_gs,k2_gs,k1_ssd,k2_ssd,gs_utility_gs_model,gs_utility_ssd_model,ssd_utility,utility_gap_abs,utility_gap_pct,gs_mu1_ssd_model,gs_mu2_ssd_model,ssd_mu1,ssd_mu2,gs_budget1_ssd_model,gs_budget2_ssd_model,ssd_budget1,ssd_budget2,gs_order,ssd_order,reversal,valid,invalid_reason
0.7,0.8,0.6,0.6,2.628523,2.628523,0.0038445,0.07689,8,19.61302,0.09437,False,3,5,5,3,2.23483568808199,1.3280245054342534,1.7092459331529266,0.3812214277186732,0.20998832869962042,2.3989711822434314,1.5729998583929514,2.5771361627798264,2.143772580743598,1082.0,18.0,375.0,54.0,-1,1,True,True,
0.8,0.7,0.6,0.6,2.628523,2.628523,0.07689,0.0038445,8,19.61302,0.09437,False,5,3,3,5,2.23483568808199,1.3280245054342534,1.7092459331529266,0.3812214277186732,0.20998832869962042,1.5729998583929514,2.3989711822434314,2.143772580743598,2.5771361627798264,18.0,1082.0,54.0,375.0,1,-1,True,True,
0.65,0.75,0.6,0.6,2.628523,2.628523,0.0038445,0.07689,8,19.61302,0.09437,False,3,5,5,3,2.0434967884924595,1.1532311680133525,1.5283559024072835,0.375124734393931,0.20630548096649803,2.2251629457753332,1.4239020436048027,2.32875288467856,1.9798538339623184,1082.0,18.0,375.0,54.0,-1,1,True,True,
0.75,0.65,0.6,0.6,2.628523,2.628523,0.07689,0.0038445,8,19.61302,0.09437,False,5,3,3,5,2.0434967884924595,1.1532311680133525,1.5283559024072835,0.375124734393931,0.20630548096649803,1.4239020436048027,2.2251629457753332,1.9798538339623184,2.32875288467856,18.0,1082.0,54.0,375.0,1,-1,True,True,
0.75,0.85,0.6,0.6,2.628523,2.628523,0.0038445,0.07689,8,19.61302,0.09437,False,3,5,5,3,2.4295740934745886,1.535119039250107,1.9032788789187256,0.36815983966861854,0.20211189184056838,2.588988389997563,1.7929312007284866,2.8692424937405754,2.3378479423570604,1082.0,18.0,375.0,54.0,-1,1,True,True,
0.85,0.75,0.6,0.6,2.628523,2.628523,0.07689,0.0038445,8,19.61302,0.09437,False,5,3,3,5,2.4295740934745886,1.535119039250107,1.9032788789187256,0.36815983966861854,0.20211189184056838,1.7929312007284866,2.588988389997563,2.3378479423570604,2.8692424937405754,18.0,1082.0,54.0,375.0,1,-1,True,True,
0.7,0.8,0.6,0.6,2.628523,2.628523,0.005126,0.07689,8,19.61302,0.09437,False,3,5,5,3,2.23483568808199,1.3178332206658325,1.6845762414752632,0.36674302080943066,0.2012606060060188,2.3746467429500786,1.5729998583929514,2.5143368134339785,2.143772580743598,811.0,18.0,281.0,54.0,-1,1,True,True,
0.8,0.7,0.6,0.6,2.628523,2.628523,0.07689,0.005126,8,19.61302,0.09437,False,5,3,3,5,2.23483568808199,1.3178332206658325,1.6845762414752632,0.36674302080943066,0.2012606060060188,1.5729998583929514,2.3746467429500786,2.143772580743598,2.5143368134339785,18.0,811.0,54.0,281.0,1,-1,True,True,
0.65,0.75,0.6,0.6,2.628523,2.628523,0.005126,0.07689,8,19.61302,0.09437,False,3,5,4,3,2.0434967884924595,1.1432346312945798,1.5062259743456958,0.362991343051116,0.19900934681716823,2.2030298342283343,1.4239020436048027,2.2859347146797724,1.972794307909477,811.0,18.0,475.0,53.0,-1,1,True,True,
0.75,0.65,0.6,0.6,2.628523,2.628523,0.07689,0.005126,8,19.61302,0.09437,False,5,3,3,4,2.0434967884924595,1.1432346312945798,1.5062259743456958,0.362991343051116,0.19900934681716823,1.4239020436048027,2.2030298342283343,1.972794307909477,2.2859347146797724,18.0,811.0,53.0,475.0,1,-1,True,True,
0.6,0.7,0.6,0.6,2.628523,2.628523,0.0038445,0.07689,8,19.61302,0.09437,False,3,5,4,3,1.856295790363206,1.0015198272566659,1.3606031101720106,0.35908328291534475,0.196668734060414,2.066209133448274,1.317589901350582,2.127755798714186,1.8322327433958219,1082.0,18.0,634.0,53.0,-1,1,True,True,
0.7,0.6,0.6,0.6,2.628523,2.628523,0.07689,0.0038445,8,19.61302,0.09437,False,5,3,3,4,1.856295790363206,1.0015198272566659,1.3606031101720106,0.35908328291534475,0.196668734060414,1.317589901350582,2.066209133448274,1.8322327433958219,2.127755798714186,18.0,1082.0,53.0,634.0,1,-1,True,True,
0.735,0.85,0.6,0.6,2.628523,2.628523,0.0038445,0.07689,8,19.61302,0.09437,False,3,5,5,3,2.4066071259590753,1.512146227875824,1.8704137766219437,0.35826754874611977,0.19618075179532263,2.530190015923355,1.7929312007284866,2.7764772646502527,2.3378479423570604,1082.0,18.0,375.0,54.0,-1,1,True,True,
0.85,0.735,0.6,0.6,2.628523,2.628523,0.07689,0.0038445,8,19.61302,0.09437,False,5,3,3,5,2.4066071259590753,1.512146227875824,1.8704137766219437,0.35826754874611977,0.19618075179532263,1.7929312007284866,2.530190015923355,2.3378479423570604,2.7764772646502527,18.0,1082.0,54.0,375.0,1,-1,True,True,
0.6,0.735,0.6,0.6,2.628523,2.628523,0.0038445,0.07689,8,19.61302,0.09437,False,3,5,4,3,1.9339411534922428,1.0538711823643878,1.4118047138975145,0.3579335315331267,0.19598099599578048,2.066209133448274,1.3884049781543946,2.127755798714186,1.9284892131202882,1082.0,18.0,634.0,53.0,-1,1,True,True,
0.735,0.6,0.6,0.6,2.628523,2.628523,0.07689,0.0038445,8,19.61302,0.09437,False,5,3,3,4,1.9339411534922428,1.0538711823643878,1.4118047138975145,0.3579335315331267,0.19598099599578048,1.3884049781543946,2.066209133448274,1.9284892131202882,2.127755798714186,18.0,1082.0,53.0,634.0,1,-1,True,True,
0.6,0.75,0.6,0.6,2.628523,2.628523,0.0038445,0.07689,8,19.61302,0.09437,False,3,5,4,3,1.9677939425553177,1.0791166128523517,1.4345187767897039,0.35540216393735213,0.1944682197766927,2.066209133448274,1.4239020436048027,2.127755798714186,1.972794307909477,1082.0,18.0,634.0,53.0,-1,1,True,True,
0.75,0.6,0.6,0.6,2.628523,2.628523,0.07689,0.0038445,8,19.61302,0.09437,False,5,3,3,4,1.9677939425553177,1.0791166128523517,1.4345187767897039,0.35540216393735213,0.1944682197766927,1.4239020436048027,2.066209133448274,1.972794307909477,2.127755798714186,18.0,1082.0,53.0,634.0,1,-1,True,True,
0.65,0.8,0.6,0.6,2.628523,2.628523,0.0038445,0.07689,8,19.61302,0.09437,False,3,5,5,3,2.15862249199329,1.2528146810456344,1.6079000468250257,0.3550853657793913,0.19427903209478156,2.2251629457753332,1.5729998583929514,2.32875288467856,2.143772580743598,1082.0,18.0,375.0,54.0,-1,1,True,True,
0.8,0.65,0.6,0.6,2.628523,2.628523,0.07689,0.0038445,8,19.61302,0.09437,False,5,3,3,5,2.15862249199329,1.2528146810456344,1.6079000468250257,0.3550853657793913,0.19427903209478156,1.5729998583929514,2.2251629457753332,2.143772580743598,2.32875288467856,18.0,1082.0,54.0,375.0,1,-1,True,True,
0.6,0.7,0.6,0.6,2.628523,2.628523,0.005126,0.07689,8,19.61302,0.09437,False,3,5,4,3,1.856295790363206,0.9918269927945573,1.345598542127704,0.3537715493331466,0.1934947580041486,2.046278458760951,1.317589901350582,2.0960680669193263,1.8322327433958219,811.0,18.0,475.0,53.0,-1,1,True,True,
0.7,0.6,0.6,0.6,2.628523,2.628523,0.07689,0.005126,8,19.61302,0.09437,False,5,3,3,4,1.856295790363206,0.9918269927945573,1.345598542127704,0.3537715493331466,0.1934947580041486,1.317589901350582,2.046278458760951,1.8322327433958219,2.0960680669193263,18.0,811.0,53.0,475.0,1,-1,True,True,
0.65,0.75,0.6,0.6,2.628523,2.628523,0.007689,0.07689,8,19.61302,0.09437,False,3,5,4,3,2.0434967884924595,1.1259875608343735,1.479205242527386,0.3532176816930126,0.19316428470331343,2.165359806043735,1.4239020436048027,2.224994123272216,1.972794307909477,541.0,18.0,317.0,53.0,-1,1,True,True,
0.75,0.65,0.6,0.6,2.628523,2.628523,0.07689,0.007689,8,19.61302,0.09437,False,5,3,3,4,2.0434967884924595,1.1259875608343735,1.479205242527386,0.3532176816930126,0.19316428470331343,1.4239020436048027,2.165359806043735,1.972794307909477,2.224994123272216,18.0,541.0,53.0,317.0,1,-1,True,True,
0.75,0.85,0.6,0.6,2.628523,2.628523,0.005126,0.07689,8,19.61302,0.09437,False,3,5,5,3,2.4295740934745886,1.5248698299534207,1.8777919886370007,0.35292215868358,0.19298799397804411,2.562588824555199,1.7929312007284866,2.7970384617236657,2.3378479423570604,811.0,18.0,281.0,54.0,-1,1,True,True,
0.85,0.75,0.6,0.6,2.628523,2.628523,0.07689,0.005126,8,19.61302,0.09437,False,5,3,3,5,2.4295740934745886,1.5248698299534207,1.8777919886370007,0.35292215868358,0.19298799397804411,1.7929312007284866,2.562588824555199,2.3378479423570604,2.7970384617236657,18.0,811.0,54.0,281.0,1,-1,True,True,
0.6,0.735,0.6,0.6,2.628523,2.628523,0.005126,0.07689,8,19.61302,0.09437,False,3,5,4,3,1.9339411534922428,1.0441783479022793,1.3968001458532076,0.3526217979509283,0.19280884405682325,2.046278458760951,1.3884049781543946,2.0960680669193263,1.9284892131202882,811.0,18.0,475.0,53.0,-1,1,True,True,
0.735,0.6,0.6,0.6,2.628523,2.628523,0.07689,0.005126,8,19.61302,0.09437,False,5,3,3,4,1.9339411534922428,1.0441783479022793,1.3968001458532076,0.3526217979509283,0.19280884405682325,1.3884049781543946,2.046278458760951,1.9284892131202882,2.0960680669193263,18.0,811.0,53.0,475.0,1,-1,True,True,
0.6,0.75,0.6,0.6,2.628523,2.628523,0.005126,0.07689,8,19.61302,0.09437,False,3,5,4,3,1.9677939425553177,1.0694237783902432,1.419514208745397,0.35009043035515375,0.1913000802392976,2.046278458760951,1.4239020436048027,2.0960680669193263,1.972794307909477,811.0,18.0,475.0,53.0,-1,1,True,True,
0.75,0.6,0.6,0.6,2.628523,2.628523,0.07689,0.005126,8,19.61302,0.09437,False,5,3,3,4,1.9677939425553177,1.0694237783902432,1.419514208745397,0.35009043035515375,0.1913000802392976,1.4239020436048027,2.046278458760951,1.972794307909477,2.0960680669193263,18.0,811.0,53.0,475.0,1,-1,True,True,
0.7,0.8,0.6,0.6,2.628523,2.628523,0.007689,0.07689,8,19.61302,0.09437,False,3,5,4,3,2.23483568808199,1.300244991969233,1.6479687844346098,0.3477237924653769,0.18989122601164732,2.333246062534121,1.5729998583929514,2.43258051194524,2.1361735151186734,541.0,18.0,317.0,53.0,-1,1,True,True,
0.8,0.7,0.6,0.6,2.628523,2.628523,0.07689,0.007689,8,19.61302,0.09437,False,5,3,3,4,2.23483568808199,1.300244991969233,1.6479687844346098,0.3477237924653769,0.18989122601164732,1.5729998583929514,2.333246062534121,2.1361735151186734,2.43258051194524,18.0,541.0,53.0,317.0,1,-1,True,True,
0.6,0.7,0.6,0.6,2.628523,2.628523,0.007689,0.07689,8,19.61302,0.09437,False,3,5,4,3,1.856295790363206,0.9751086460643198,1.3198152725329741,0.34470662646865435,0.1880975296482838,2.0123524495715994,1.317589901350582,2.0427153383591974,1.8322327433958219,541.0,18.0,317.0,53.0,-1,1,True,True,
0.7,0.6,0.6,0.6,2.628523,2.628523,0.07689,0.007689,8,19.61302,0.09437,False,5,3,3,4,1.856295790363206,0.9751086460643198,1.3198152725329741,0.34470662646865435,0.1880975296482838,1.317589901350582,2.0123524495715994,1.8322327433958219,2.0427153383591974,18.0,541.0,53.0,317.0,1,-1,True,True,
0.6,0.735,0.6,0.6,2.628523,2.628523,0.007689,0.07689,8,19.61302,0.09437,False,3,5,4,3,1.9339411534922428,1.0274600011720418,1.3710168762584778,0.34355687508643595,0.18741471754466685,2.0123524495715994,1.3884049781543946,2.0427153383591974,1.9284892131202882,541.0,18.0,317.0,53.0,-1,1,True,True,
0.735,0.6,0.6,0.6,2.628523,2.628523,0.07689,0.007689,8,19.61302,0.09437,False,5,3,3,4,1.9339411534922428,1.0274600011720418,1.3710168762584778,0.34355687508643595,0.18741471754466685,1.3884049781543946,2.0123524495715994,1.9284892131202882,2.0427153383591974,18.0,541.0,53.0,317.0,1,-1,True,True,
0.735,0.85,0.6,0.6,2.628523,2.628523,0.005126,0.07689,8,19.61302,0.09437,False,3,5,5,3,2.4066071259590753,1.5018980685458287,1.8451254672754573,0.3432273987296286,0.18721912111863065,2.504392639098907,1.7929312007284866,2.7071451889515803,2.3378479423570604,811.0,18.0,281.0,54.0,-1,1,True,True,
0.85,0.735,0.6,0.6,2.628523,2.628523,0.07689,0.005126,8,19.61302,0.09437,False,5,3,3,5,2.4066071259590753,1.5018980685458287,1.8451254672754573,0.3432273987296286,0.18721912111863065,1.7929312007284866,2.504392639098907,2.3378479423570604,2.7071451889515803,18.0,811.0,54.0,281.0,1,-1,True,True,
0.65,0.8,0.6,0.6,2.628523,2.628523,0.005126,0.07689,8,19.61302,0.09437,False,3,5,4,3,2.15862249199329,1.242818144326862,1.5857911576755184,0.3429730133486564,0.18706812512741577,2.2030298342283343,1.5729998583929514,2.2859347146797724,2.1361735151186734,811.0,18.0,475.0,53.0,-1,1,True,True,
0.8,0.65,0.6,0.6,2.628523,2.628523,0.07689,0.005126,8,19.61302,0.09437,False,5,3,3,4,2.15862249199329,1.242818144326862,1.5857911576755184,0.3429730133486564,0.18706812512741577,1.5729998583929514,2.2030298342283343,2.1361735151186734,2.2859347146797724,18.0,811.0,53.0,475.0,1,-1,True,True,
0.6,0.75,0.6,0.6,2.628523,2.628523,0.007689,0.07689,8,19.61302,0.09437,False,3,5,4,3,1.9677939425553177,1.0527054316600057,1.3937309391506671,0.3410255074906614,0.18591277666691838,2.0123524495715994,1.4239020436048027,2.0427153383591974,1.972794307909477,541.0,18.0,317.0,53.0,-1,1,True,True,
0.75,0.6,0.6,0.6,2.628523,2.628523,0.07689,0.007689,8,19.61302,0.09437,False,5,3,3,4,1.9677939425553177,1.0527054316600057,1.3937309391506671,0.3410255074906614,0.18591277666691838,1.4239020436048027,2.0123524495715994,1.972794307909477,2.0427153383591974,18.0,541.0,53.0,317.0,1,-1,True,True,
0.65,0.75,0.6,0.6,2.628523,2.628523,0.0115335,0.07689,8,19.61302,0.09437,False,3,5,4,3,2.0434967884924595,1.1039481109653064,1.4447087224430155,0.3407606114777091,0.1857557152852573,2.1181585229100155,1.4239020436048027,2.1495483585981705,1.972794307909477,360.0,18.0,211.0,53.0,-1,1,True,True,
0.75,0.65,0.6,0.6,2.628523,2.628523,0.07689,0.0115335,8,19.61302,0.09437,False,5,3,3,4,2.0434967884924595,1.1039481109653064,1.4447087224430155,0.3407606114777091,0.1857557152852573,1.4239020436048027,2.1181585229100155,1.972794307909477,2.1495483585981705,18.0,360.0,53.0,211.0,1,-1,True,True,
0.7,0.85,0.6,0.6,2.628523,2.628523,0.0038445,0.07689,8,19.61302,0.09437,False,3,5,5,3,2.353075573930284,1.4588917942302666,1.7959095914333745,0.33701779720310787,0.18353875863783625,2.3989711822434314,1.7929312007284866,2.5771361627798264,2.3378479423570604,1082.0,18.0,375.0,54.0,-1,1,True,True,
0.85,0.7,0.6,0.6,2.628523,2.628523,0.07689,0.0038445,8,19.61302,0.09437,False,5,3,3,5,2.353075573930284,1.4588917942302666,1.7959095914333745,0.33701779720310787,0.18353875863783625,1.7929312007284866,2.3989711822434314,2.3378479423570604,2.5771361627798264,18.0,1082.0,54.0,375.0,1,-1,True,True,
0.6,0.8,0.6,0.6,2.628523,2.628523,0.0038445,0.07689,8,19.61302,0.09437,False,3,5,4,3,2.082919646056148,1.178700125884634,1.5140839601195264,0.3353838342348925,0.18257222426041053,2.066209133448274,1.5729998583929514,2.127755798714186,2.1361735151186734,1082.0,18.0,634.0,53.0,-1,1,True,True,
0.8,0.6,0.6,0.6,2.628523,2.628523,0.07689,0.0038445,8,19.61302,0.09437,False,5,3,3,4,2.082919646056148,1.178700125884634,1.5140839601195264,0.3353838342348925,0.18257222426041053,1.5729998583929514,2.066209133448274,2.1361735151186734,2.127755798714186,18.0,1082.0,53.0,634.0,1,-1,True,True,
0.7,0.8,0.6,0.6,2.628523,2.628523,0.0115335,0.07689,8,19.61302,0.09437,False,3,5,4,3,2.23483568808199,1.2777599311225043,1.6122419395571916,0.33448200843468734,0.18203910739285784,2.2813683057754313,1.5729998583929514,2.3472062428142393,2.1361735151186734,360.0,18.0,211.0,53.0,-1,1,True,True,
0.8,0.7,0.6,0.6,2.628523,2.628523,0.07689,0.0115335,8,19.61302,0.09437,False,5,3,3,4,2.23483568808199,1.2777599311225043,1.6122419395571916,0.33448200843468734,0.18203910739285784,1.5729998583929514,2.2813683057754313,2.1361735151186734,2.3472062428142393,18.0,360.0,53.0,211.0,1,-1,True,True,
0.65,0.8,0.6,0.6,2.628523,2.628523,0.007689,0.07689,8,19.61302,0.09437,False,3,5,4,3,2.15862249199329,1.2255710738666554,1.5587704258572086,0.33319935199055317,0.18128127538920039,2.165359806043735,1.5729998583929514,2.224994123272216,2.1361735151186734,541.0,18.0,317.0,53.0,-1,1,True,True,
0.8,0.65,0.6,0.6,2.628523,2.628523,0.07689,0.007689,8,19.61302,0.09437,False,5,3,3,4,2.15862249199329,1.2255710738666554,1.5587704258572086,0.33319935199055317,0.18128127538920039,1.5729998583929514,2.165359806043735,2.1361735151186734,2.224994123272216,18.0,541.0,53.0,317.0,1,-1,True,True,
0.6,0.7,0.6,0.6,2.628523,2.628523,0.0115335,0.07689,8,19.61302,0.09437,False,3,5,4,3,1.856295790363206,0.9537537818299506,1.2869225124954398,0.33316873066548913,0.18126318932869265,1.9698345341505725,1.317589901350582,1.9766178171814526,1.8322327433958219,360.0,18.0,211.0,53.0,-1,1,True,True,
0.7,0.6,0.6,0.6,2.628523,2.628523,0.07689,0.0115335,8,19.61302,0.09437,False,5,3,3,4,1.856295790363206,0.9537537818299506,1.2869225124954398,0.33316873066548913,0.18126318932869265,1.317589901350582,1.9698345341505725,1.8322327433958219,1.9766178171814526,18.0,360.0,53.0,211.0,1,-1,True,True,
0.6,0.735,0.6,0.6,2.628523,2.628523,0.0115335,0.07689,8,19.61302,0.09437,False,3,5,4,3,1.9339411534922428,1.0061051369376726,1.3381241162209436,0.33201897928327107,0.18058430499209333,1.9698345341505725,1.3884049781543946,1.9766178171814526,1.9284892131202882,360.0,18.0,211.0,53.0,-1,1,True,True,
0.735,0.6,0.6,0.6,2.628523,2.628523,0.07689,0.0115335,8,19.61302,0.09437,False,5,3,3,4,1.9339411534922428,1.0061051369376726,1.3381241162209436,0.33201897928327107,0.18058430499209333,1.3884049781543946,1.9698345341505725,1.9284892131202882,1.9766178171814526,18.0,360.0,53.0,211.0,1,-1,True,True,
0.6,0.8,0.6,0.6,2.628523,2.628523,0.005126,0.07689,8,19.61302,0.09437,False,3,5,4,3,2.082919646056148,1.1690072914225254,1.4990793920752195,0.3300721006526941,0.17943563698460582,2.046278458760951,1.5729998583929514,2.0960680669193263,2.1361735151186734,811.0,18.0,475.0,53.0,-1,1,True,True,
0.8,0.6,0.6,0.6,2.628523,2.628523,0.07689,0.005126,8,19.61302,0.09437,False,5,3,3,4,2.082919646056148,1.1690072914225254,1.4990793920752195,0.3300721006526941,0.17943563698460582,1.5729998583929514,2.046278458760951,2.1361735151186734,2.0960680669193263,18.0,811.0,53.0,475.0,1,-1,True,True,
0.65,0.75,0.6,0.6,2.628523,2.628523,0.015378,0.07689,8,19.61302,0.09437,False,3,5,4,3,2.0434967884924595,1.0848846501393774,1.4147014546600916,0.32981680452071416,0.17928509391505532,2.0781615426053515,1.4239020436048027,2.0860044430655584,1.972794307909477,270.0,18.0,158.0,53.0,-1,1,True,True,
0.75,0.65,0.6,0.6,2.628523,2.628523,0.07689,0.015378,8,19.61302,0.09437,False,5,3,3,4,2.0434967884924595,1.0848846501393774,1.4147014546600916,0.32981680452071416,0.17928509391505532,1.4239020436048027,2.0781615426053515,1.972794307909477,2.0860044430655584,18.0,270.0,53.0,158.0,1,-1,True,True,
0.6,0.75,0.6,0.6,2.628523,2.628523,0.0115335,0.07689,8,19.61302,0.09437,False,3,5,4,3,1.9677939425553177,1.0313505674256365,1.360838179113133,0.3294876116874965,0.1790910037881446,1.9698345341505725,1.4239020436048027,1.9766178171814526,1.972794307909477,360.0,18.0,211.0,53.0,-1,1,True,True,
0.75,0.6,0.6,0.6,2.628523,2.628523,0.07689,0.0115335,8,19.61302,0.09437,False,5,3,3,4,1.9677939425553177,1.0313505674256365,1.360838179113133,0.3294876116874965,0.1790910037881446,1.4239020436048027,1.9698345341505725,1.972794307909477,1.9766178171814526,18.0,360.0,53.0,211.0,1,-1,True,True,
0.75,0.85,0.6,0.6,2.628523,2.628523,0.007689,0.07689,8,19.61302,0.09437,False,3,5,5,3,2.4295740934745886,1.5071763417757194,1.8335691475032008,0.3263928057274814,0.1772678857680926,2.5176464555842566,1.7929312007284866,2.6760406267748427,2.3378479423570604,541.0,18.0,187.0,54.0,-1,1,True,True,
0.85,0.75,0.6,0.6,2.628523,2.628523,0.07689,0.007689,8,19.61302,0.09437,False,5,3,3,5,2.4295740934745886,1.5071763417757194,1.8335691475032008,0.3263928057274814,0.1772678857680926,1.7929312007284866,2.5176464555842566,2.3378479423570604,2.6760406267748427,18.0,541.0,54.0,187.0,1,-1,True,True,
0.8,0.9,0.6,0.6,2.628523,2.628523,0.0038445,0.07689,8,19.61302,0.09437,False,3,5,5,3,2.6269747483309893,1.7882963181300457,2.1135431535735663,0.3252468354435205,0.1765935219800823,2.796872721005317,2.1378366585127444,3.2151939784635784,2.5745003134520257,1082.0,18.0,375.0,54.0,-1,1,True,True,
0.9,0.8,0.6,0.6,2.628523,2.628523,0.07689,0.0038445,8,19.61302,0.09437,False,5,3,3,5,2.6269747483309893,1.7882963181300457,2.1135431535735663,0.3252468354435205,0.1765935219800823,2.1378366585127444,2.796872721005317,2.5745003134520257,3.2151939784635784,18.0,1082.0,54.0,375.0,1,-1,True,True,
0.7,0.8,0.6,0.6,2.628523,2.628523,0.015378,0.07689,8,19.61302,0.09437,False,3,5,4,3,2.23483568808199,1.2583021270280055,1.581139043667136,0.3228369166391305,0.1751766283742823,2.237406970730634,1.5729998583929514,2.2753249837451044,2.1361735151186734,270.0,18.0,158.0,53.0,-1,1,True,True,
0.8,0.7,0.6,0.6,2.628523,2.628523,0.07689,0.015378,8,19.61302,0.09437,False,5,3,3,4,2.23483568808199,1.2583021270280055,1.581139043667136,0.3228369166391305,0.1751766283742823,1.5729998583929514,2.237406970730634,2.1361735151186734,2.2753249837451044,18.0,270.0,53.0,158.0,1,-1,True,True,
0.7,0.85,0.6,0.6,2.628523,2.628523,0.005126,0.07689,8,19.61302,0.09437,False,3,5,5,3,2.353075573930284,1.4487005094618457,1.7712398997557108,0.32253939029386514,0.1750018183736091,2.3746467429500786,1.7929312007284866,2.5143368134339785,2.3378479423570604,811.0,18.0,281.0,54.0,-1,1,True,True,
0.85,0.7,0.6,0.6,2.628523,2.628523,0.07689,0.005126,8,19.61302,0.09437,False,5,3,3,5,2.353075573930284,1.4487005094618457,1.7712398997557108,0.32253939029386514,0.1750018183736091,1.7929312007284866,2.3746467429500786,2.3378479423570604,2.5143368134339785,18.0,811.0,54.0,281.0,1,-1,True,True,
0.6,0.8,0.6,0.6,2.628523,2.628523,0.007689,0.07689,8,19.61302,0.09437,False,3,5,4,3,2.082919646056148,1.1522889446922877,1.4732961224804897,0.321007177788202,0.1741019868607495,2.0123524495715994,1.5729998583929514,2.0427153383591974,2.1361735151186734,541.0,18.0,317.0,53.0,-1,1,True,True,
0.8,0.6,0.6,0.6,2.628523,2.628523,0.07689,0.007689,8,19.61302,0.09437,False,5,3,3,4,2.082919646056148,1.1522889446922877,1.4732961224804897,0.321007177788202,0.1741019868607495,1.5729998583929514,2.0123524495715994,2.1361735151186734,2.0427153383591974,18.0,541.0,53.0,317.0,1,-1,True,True,
0.65,0.8,0.6,0.6,2.628523,2.628523,0.0115335,0.07689,8,19.61302,0.09437,False,3,5,4,3,2.15862249199329,1.2035316239975886,1.524273905772838,0.32074228177524944,0.17394648969106236,2.1181585229100155,1.5729998583929514,2.1495483585981705,2.1361735151186734,360.0,18.0,211.0,53.0,-1,1,True,True,
0.8,0.65,0.6,0.6,2.628523,2.628523,0.07689,0.0115335,8,19.61302,0.09437,False,5,3,3,4,2.15862249199329,1.2035316239975886,1.524273905772838,0.32074228177524944,0.17394648969106236,1.5729998583929514,2.1181585229100155,2.1361735151186734,2.1495483585981705,18.0,360.0,53.0,211.0,1,-1,True,True,
0.735,0.85,0.6,0.6,2.628523,2.628523,0.007689,0.07689,8,19.61302,0.09437,False,3,5,5,3,2.4066071259590753,1.4842079884187478,1.8012583250055507,0.3170503365868029,0.17178141559254476,2.460479293125042,1.7929312007284866,2.5909575078888887,2.3378479423570604,541.0,18.0,187.0,54.0,-1,1,True,True,
0.85,0.735,0.6,0.6,2.628523,2.628523,0.07689,0.007689,8,19.61302,0.09437,False,5,3,3,5,2.4066071259590753,1.4842079884187478,1.8012583250055507,0.3170503365868029,0.17178141559254476,1.7929312007284866,2.460479293125042,2.3378479423570604,2.5909575078888887,18.0,541.0,54.0,187.0,1,-1,True,True,
0.65,0.85,0.6,0.6,2.628523,2.628523,0.0038445,0.07689,8,19.61302,0.09437,False,3,5,5,3,2.276862377841584,1.3836819698416476,1.6945637051054736,0.310881735263826,0.16817285719749253,2.2251629457753332,1.7929312007284866,2.32875288467856,2.3378479423570604,1082.0,18.0,375.0,54.0,-1,1,True,True,
0.85,0.65,0.6,0.6,2.628523,2.628523,0.07689,0.0038445,8,19.61302,0.09437,False,5,3,3,5,2.276862377841584,1.3836819698416476,1.6945637051054736,0.310881735263826,0.16817285719749253,1.7929312007284866,2.2251629457753332,2.3378479423570604,2.32875288467856,18.0,1082.0,54.0,375.0,1,-1,True,True,
0.65,0.8,0.6,0.6,2.628523,2.628523,0.015378,0.07689,8,19.61302,0.09437,False,3,5,4,3,2.15862249199329,1.1844681631716596,1.494266637989914,0.3097984748182545,0.1675403107911857,2.0781615426053515,1.5729998583929514,2.0860044430655584,2.1361735151186734,270.0,18.0,158.0,53.0,-1,1,True,True,
0.8,0.65,0.6,0.6,2.628523,2.628523,0.07689,0.015378,8,19.61302,0.09437,False,5,3,3,4,2.15862249199329,1.1844681631716596,1.494266637989914,0.3097984748182545,0.1675403107911857,1.5729998583929514,2.0781615426053515,2.1361735151186734,2.0860044430655584,18.0,270.0,53.0,158.0,1,-1,True,True,
0.8,0.9,0.6,0.6,2.628523,2.628523,0.005126,0.07689,8,19.61302,0.09437,False,3,5,5,3,2.6269747483309893,1.7781627049116495,2.0877693735505374,0.30960666863888786,0.16742834543704851,2.768673416368087,2.1378366585127444,3.1333850672433825,2.5745003134520257,811.0,18.0,281.0,54.0,-1,1,True,True,
0.9,0.8,0.6,0.6,2.628523,2.628523,0.07689,0.005126,8,19.61302,0.09437,False,5,3,3,5,2.6269747483309893,1.7781627049116495,2.0877693735505374,0.30960666863888786,0.16742834543704851,2.1378366585127444,2.768673416368087,2.5745003134520257,3.1333850672433825,18.0,811.0,54.0,281.0,1,-1,True,True,
0.6,0.8,0.6,0.6,2.628523,2.628523,0.0115335,0.07689,8,19.61302,0.09437,False,3,5,4,3,2.082919646056148,1.1309340804579187,1.4404033624429555,0.30946928198503687,0.16734815365440503,1.9698345341505725,1.5729998583929514,1.9766178171814526,2.1361735151186734,360.0,18.0,211.0,53.0,-1,1,True,True,
0.8,0.6,0.6,0.6,2.628523,2.628523,0.07689,0.0115335,8,19.61302,0.09437,False,5,3,3,4,2.082919646056148,1.1309340804579187,1.4404033624429555,0.30946928198503687,0.16734815365440503,1.5729998583929514,1.9698345341505725,2.1361735151186734,1.9766178171814526,18.0,360.0,53.0,211.0,1,-1,True,True,
0.75,0.85,0.6,0.6,2.628523,2.628523,0.0115335,0.07689,8,19.61302,0.09437,False,3,5,4,3,2.4295740934745886,1.484546903502656,1.7913766475373456,0.30682974403468966,0.16580853996864753,2.461313327996642,1.7929312007284866,2.574340899713577,2.329801585378337,360.0,18.0,211.0,53.0,-1,1,True,True,
0.85,0.75,0.6,0.6,2.628523,2.628523,0.07689,0.0115335,8,19.61302,0.09437,False,5,3,3,4,2.4295740934745886,1.484546903502656,1.7913766475373456,0.30682974403468966,0.16580853996864753,1.7929312007284866,2.461313327996642,2.329801585378337,2.574340899713577,18.0,360.0,53.0,211.0,1,-1,True,True,
0.7,0.85,0.6,0.6,2.628523,2.628523,0.007689,0.07689,8,19.61302,0.09437,False,3,5,4,3,2.353075573930284,1.4311122807652459,1.7347357404277517,0.3036234596625058,0.16394108041886774,2.333246062534121,1.7929312007284866,2.43258051194524,2.329801585378337,541.0,18.0,317.0,53.0,-1,1,True,True,
0.85,0.7,0.6,0.6,2.628523,2.628523,0.07689,0.007689,8,19.61302,0.09437,False,5,3,3,4,2.353075573930284,1.4311122807652459,1.7347357404277517,0.3036234596625058,0.16394108041886774,1.7929312007284866,2.333246062534121,2.329801585378337,2.43258051194524,18.0,541.0,53.0,317.0,1,-1,True,True,
0.735,0.85,0.6,0.6,2.628523,2.628523,0.0115335,0.07689,8,19.61302,0.09437,False,3,5,4,3,2.4066071259590753,1.4615858547266622,1.7631790878730889,0.3015932331464266,0.16276014788810017,2.4054428693815657,1.7929312007284866,2.5027646488739475,2.329801585378337,360.0,18.0,211.0,53.0,-1,1,True,True,
0.85,0.735,0.6,0.6,2.628523,2.628523,0.07689,0.0115335,8,19.61302,0.09437,False,5,3,3,4,2.4066071259590753,1.4615858547266622,1.7631790878730889,0.3015932331464266,0.16276014788810017,1.7929312007284866,2.4054428693815657,2.329801585378337,2.5027646488739475,18.0,360.0,53.0,211.0,1,-1,True,True,
0.65,0.85,0.6,0.6,2.628523,2.628523,0.005126,0.07689,8,19.61302,0.09437,False,3,5,4,3,2.276862377841584,1.373685433122875,1.6725581136686603,0.2988726805457853,0.16117954808591836,2.2030298342283343,1.7929312007284866,2.2859347146797724,2.329801585378337,811.0,18.0,475.0,53.0,-1,1,True,True,
0.85,0.65,0.6,0.6,2.628523,2.628523,0.07689,0.005126,8,19.61302,0.09437,False,5,3,3,4,2.276862377841584,1.373685433122875,1.6725581136686603,0.2988726805457853,0.16117954808591836,1.7929312007284866,2.2030298342283343,2.329801585378337,2.2859347146797724,18.0,811.0,53.0,475.0,1,-1,True,True,
0.7,0.8,0.6,0.6,2.628523,2.628523,0.0038445,0.061512,8,19.61302,0.09437,False,3,5,5,3,2.23483568808199,1.449181024165402,1.7475107353347719,0.2983297111693699,0.16086434840623243,2.3989711822434314,1.7756047209821904,2.5771361627798264,2.22739327632058,1082.0,23.0,375.0,67.0,-1,1,True,True,
0.8,0.7,0.6,0.6,2.628523,2.628523,0.061512,0.0038445,8,19.61302,0.09437,False,5,3,3,5,2.23483568808199,1.449181024165402,1.7475107353347719,0.2983297111693699,0.16086434840623243,1.7756047209821904,2.3989711822434314,2.22739327632058,2.5771361627798264,23.0,1082.0,67.0,375.0,1,-1,True,True,
0.65,0.75,0.6,0.6,2.628523,2.628523,0.0038445,0.061512,8,19.61302,0.09437,False,3,5,5,3,2.0434967884924595,1.2709333874252278,1.5668633024677436,0.29592991504251587,0.15947226486887028,2.2251629457753332,1.6017603455687701,2.32875288467856,2.057579765146013,1082.0,23.0,375.0,67.0,-1,1,True,True,
0.75,0.65,0.6,0.6,2.628523,2.628523,0.061512,0.0038445,8,19.61302,0.09437,False,5,3,3,5,2.0434967884924595,1.2709333874252278,1.5668633024677436,0.29592991504251587,0.15947226486887028,1.6017603455687701,2.2251629457753332,2.057579765146013,2.32875288467856,23.0,1082.0,67.0,375.0,1,-1,True,True,
0.75,0.85,0.6,0.6,2.628523,2.628523,0.015378,0.07689,8,19.61302,0.09437,False,3,5,4,3,2.4295740934745886,1.464955214575491,1.7596302245565056,0.2946750099810147,0.1587449792544037,2.4135613413505848,1.7929312007284866,2.4938984210422945,2.329801585378337,270.0,18.0,158.0,53.0,-1,1,True,True,
0.85,0.75,0.6,0.6,2.628523,2.628523,0.07689,0.015378,8,19.61302,0.09437,False,5,3,3,4,2.4295740934745886,1.464955214575491,1.7596302245565056,0.2946750099810147,0.1587449792544037,1.7929312007284866,2.4135613413505848,2.329801585378337,2.4938984210422945,18.0,270.0,53.0,158.0,1,-1,True,True,
0.6,0.85,0.6,0.6,2.628523,2.628523,0.0038445,0.07689,8,19.61302,0.09437,False,3,5,4,3,2.2011595319044424,1.309567414680647,1.6008509161126683,0.2912835014320212,0.15678169759487934,2.066209133448274,1.7929312007284866,2.127755798714186,2.329801585378337,1082.0,18.0,634.0,53.0,-1,1,True,True,
0.85,0.6,0.6,0.6,2.628523,2.628523,0.07689,0.0038445,8,19.61302,0.09437,False,5,3,3,4,2.2011595319044424,1.309567414680647,1.6008509161126683,0.2912835014320212,0.15678169759487934,1.7929312007284866,2.066209133448274,2.329801585378337,2.127755798714186,18.0,1082.0,53.0,634.0,1,-1,True,True,
0.7,0.85,0.6,0.6,2.628523,2.628523,0.0115335,0.07689,8,19.61302,0.09437,False,3,5,4,3,2.353075573930284,1.4086272199185172,1.6990088955503335,0.29038167563181627,0.15626020738699828,2.2813683057754313,1.7929312007284866,2.3472062428142393,2.329801585378337,360.0,18.0,211.0,53.0,-1,1,True,True,
0.85,0.7,0.6,0.6,2.628523,2.628523,0.07689,0.0115335,8,19.61302,0.09437,False,5,3,3,4,2.353075573930284,1.4086272199185172,1.6990088955503335,0.29038167563181627,0.15626020738699828,1.7929312007284866,2.2813683057754313,2.329801585378337,2.3472062428142393,18.0,360.0,53.0,211.0,1,-1,True,True,
0.735,0.85,0.6,0.6,2.628523,2.628523,0.015378,0.07689,8,19.61302,0.09437,False,3,5,4,3,2.4066071259590753,1.4420031624007628,1.7315690792942706,0.28956591689350786,0.15578868887090563,2.358796047616792,1.7929312007284866,2.4248895375657478,2.329801585378337,270.0,18.0,158.0,53.0,-1,1,True,True,
0.85,0.735,0.6,0.6,2.628523,2.628523,0.07689,0.015378,8,19.61302,0.09437,False,5,3,3,4,2.4066071259590753,1.4420031624007628,1.7315690792942706,0.28956591689350786,0.15578868887090563,1.7929312007284866,2.358796047616792,2.329801585378337,2.4248895375657478,18.0,270.0,53.0,158.0,1,-1,True,True,
0.6,0.7,0.6,0.6,2.628523,2.628523,0.0038445,0.061512,8,19.61302,0.09437,False,3,5,4,3,1.856295790363206,1.1129253188189119,1.4022166391685968,0.28929132034968497,0.15563001197450999,2.066209133448274,1.4728653584967981,2.127755798714186,1.9100870759414956,1082.0,23.0,634.0,67.0,-1,1,True,True,
0.7,0.6,0.6,0.6,2.628523,2.628523,0.061512,0.0038445,8,19.61302,0.09437,False,5,3,3,4,1.856295790363206,1.1129253188189119,1.4022166391685968,0.28929132034968497,0.15563001197450999,1.4728653584967981,2.066209133448274,1.9100870759414956,2.127755798714186,23.0,1082.0,67.0,634.0,1,-1,True,True,
0.65,0.85,0.6,0.6,2.628523,2.628523,0.007689,0.07689,8,19.61302,0.09437,False,3,5,4,3,2.276862377841584,1.3564383626626686,1.6455373818503505,0.2890990191876819,0.15551890281912634,2.165359806043735,1.7929312007284866,2.224994123272216,2.329801585378337,541.0,18.0,317.0,53.0,-1,1,True,True,
0.85,0.65,0.6,0.6,2.628523,2.628523,0.07689,0.007689,8,19.61302,0.09437,False,5,3,3,4,2.276862377841584,1.3564383626626686,1.6455373818503505,0.2890990191876819,0.15551890281912634,1.7929312007284866,2.165359806043735,2.329801585378337,2.224994123272216,18.0,541.0,53.0,317.0,1,-1,True,True,
0.75,0.9,0.6,0.6,2.628523,2.628523,0.0038445,0.07689,8,19.61302,0.09437,False,3,5,5,3,2.5503947321566054,1.7110616268868926,1.9997035177268,0.28864189083990754,0.15525482277646052,2.588988389997563,2.1378366585127444,2.8692424937405754,2.5745003134520257,1082.0,18.0,375.0,54.0,-1,1,True,True,
0.9,0.75,0.6,0.6,2.628523,2.628523,0.07689,0.0038445,8,19.61302,0.09437,False,5,3,3,5,2.5503947321566054,1.7110616268868926,1.9997035177268,0.28864189083990754,0.15525482277646052,2.1378366585127444,2.588988389997563,2.5745003134520257,2.8692424937405754,18.0,1082.0,54.0,375.0,1,-1,True,True,
0.65,0.75,0.6,0.6,2.628523,2.628523,0.005126,0.061512,8,19.61302,0.09437,False,3,5,4,3,2.0434967884924595,1.2609368507064551,1.5483054270178855,0.2873685763114304,0.15451955548296067,2.2030298342283343,1.6017603455687701,2.2859347146797724,2.057579765146013,811.0,23.0,475.0,67.0,-1,1,True,True,
0.75,0.65,0.6,0.6,2.628523,2.628523,0.061512,0.005126,8,19.61302,0.09437,False,5,3,3,4,2.0434967884924595,1.2609368507064551,1.5483054270178855,0.2873685763114304,0.15451955548296067,1.6017603455687701,2.2030298342283343,2.057579765146013,2.2859347146797724,23.0,811.0,67.0,475.0,1,-1,True,True,
0.6,0.85,0.6,0.6,2.628523,2.628523,0.005126,0.07689,8,19.61302,0.09437,False,3,5,4,3,2.2011595319044424,1.2998745802185385,1.5858463480683613,0.2859717678498228,0.15371351564444577,2.046278458760951,1.7929312007284866,2.0960680669193263,2.329801585378337,811.0,18.0,475.0,53.0,-1,1,True,True,
0.85,0.6,0.6,0.6,2.628523,2.628523,0.07689,0.005126,8,19.61302,0.09437,False,5,3,3,4,2.2011595319044424,1.2998745802185385,1.5858463480683613,0.2859717678498228,0.15371351564444577,1.7929312007284866,2.046278458760951,2.329801585378337,2.0960680669193263,18.0,811.0,53.0,475.0,1,-1,True,True,
0.75,0.85,0.6,0.6,2.628523,2.628523,0.0038445,0.061512,8,19.61302,0.09437,False,3,5,5,3,2.4295740934745886,1.655103386583527,1.9404191523687464,0.28531576578521944,0.15333515847449725,2.588988389997563,2.0214926419218395,2.8692424937405754,2.426308816403573,1082.0,23.0,375.0,67.0,-1,1,True,True,
0.85,0.75,0.6,0.6,2.628523,2.628523,0.061512,0.0038445,8,19.61302,0.09437,False,5,3,3,5,2.4295740934745886,1.655103386583527,1.9404191523687464,0.28531576578521944,0.15333515847449725,2.0214926419218395,2.588988389997563,2.426308816403573,2.8692424937405754,23.0,1082.0,67.0,375.0,1,-1,True,True,
0.6,0.7,0.6,0.6,2.628523,2.628523,0.005126,0.061512,8,19.61302,0.09437,False,3,5,4,3,1.856295790363206,1.1032324843568033,1.3872120711242901,0.2839795867674868,0.1525648846894817,2.046278458760951,1.4728653584967981,2.0960680669193263,1.9100870759414956,811.0,23.0,475.0,67.0,-1,1,True,True,
0.7,0.6,0.6,0.6,2.628523,2.628523,0.061512,0.005126,8,19.61302,0.09437,False,5,3,3,4,1.856295790363206,1.1032324843568033,1.3872120711242901,0.2839795867674868,0.1525648846894817,1.4728653584967981,2.046278458760951,1.9100870759414956,2.0960680669193263,23.0,811.0,67.0,475.0,1,-1,True,True,
0.6,0.735,0.6,0.6,2.628523,2.628523,0.0038445,0.061512,8,19.61302,0.09437,False,3,5,4,3,1.9339411534922428,1.169914874425385,1.4538124195935638,0.28389754516817867,0.1525176065259592,2.066209133448274,1.5592411842893092,2.127755798714186,2.011226250532015,1082.0,23.0,634.0,67.0,-1,1,True,True,
0.735,0.6,0.6,0.6,2.628523,2.628523,0.061512,0.0038445,8,19.61302,0.09437,False,5,3,3,4,1.9339411534922428,1.169914874425385,1.4538124195935638,0.28389754516817867,0.1525176065259592,1.5592411842893092,2.066209133448274,2.011226250532015,2.127755798714186,23.0,1082.0,67.0,634.0,1,-1,True,True,
0.7,0.8,0.6,0.6,2.628523,2.628523,0.005126,0.061512,8,19.61302,0.09437,False,3,5,5,3,2.23483568808199,1.4389897393969808,1.7228410436571084,0.2838513042601276,0.15249096010366378,2.3746467429500786,1.7756047209821904,2.5143368134339785,2.22739327632058,811.0,23.0,281.0,67.0,-1,1,True,True,
0.8,0.7,0.6,0.6,2.628523,2.628523,0.061512,0.005126,8,19.61302,0.09437,False,5,3,3,5,2.23483568808199,1.4389897393969808,1.7228410436571084,0.2838513042601276,0.15249096010366378,1.7756047209821904,2.3746467429500786,2.22739327632058,2.5143368134339785,23.0,811.0,67.0,281.0,1,-1,True,True,
0.8,0.9,0.6,0.6,2.628523,2.628523,0.007689,0.07689,8,19.61302,0.09437,False,3,5,5,3,2.6269747483309893,1.7606634809036925,2.0430128604349935,0.282349379531301,0.15162580765642122,2.7206452336187907,2.1378366585127444,2.996237689668199,2.5745003134520257,541.0,18.0,187.0,54.0,-1,1,True,True,
0.9,0.8,0.6,0.6,2.628523,2.628523,0.07689,0.007689,8,19.61302,0.09437,False,5,3,3,5,2.6269747483309893,1.7606634809036925,2.0430128604349935,0.282349379531301,0.15162580765642122,2.1378366585127444,2.7206452336187907,2.5745003134520257,2.996237689668199,18.0,541.0,54.0,187.0,1,-1,True,True,
0.6,0.75,0.6,0.6,2.628523,2.628523,0.0038445,0.061512,8,19.61302,0.09437,False,3,5,4,3,1.9677939425553177,1.196818832264227,1.4765982294618931,0.2797793971976661,0.15014692904257548,2.066209133448274,1.6017603455687701,2.127755798714186,2.057579765146013,1082.0,23.0,634.0,67.0,-1,1,True,True,
0.75,0.6,0.6,0.6,2.628523,2.628523,0.061512,0.0038445,8,19.61302,0.09437,False,5,3,3,4,1.9677939425553177,1.196818832264227,1.4765982294618931,0.2797793971976661,0.15014692904257548,1.6017603455687701,2.066209133448274,2.057579765146013,2.127755798714186,23.0,1082.0,67.0,634.0,1,-1,True,True,
0.735,0.9,0.6,0.6,2.628523,2.628523,0.0038445,0.07689,8,19.61302,0.09437,False,3,5,5,3,2.5274277646410925,1.6880888155126095,1.9668384154300182,0.2787495999174088,0.14955487239052634,2.530190015923355,2.1378366585127444,2.7764772646502527,2.5745003134520257,1082.0,18.0,375.0,54.0,-1,1,True,True,
0.9,0.735,0.6,0.6,2.628523,2.628523,0.07689,0.0038445,8,19.61302,0.09437,False,5,3,3,5,2.5274277646410925,1.6880888155126095,1.9668384154300182,0.2787495999174088,0.14955487239052634,2.1378366585127444,2.530190015923355,2.5745003134520257,2.7764772646502527,18.0,1082.0,54.0,375.0,1,-1,True,True,
0.7,0.85,0.6,0.6,2.628523,2.628523,0.015378,0.07689,8,19.61302,0.09437,False,3,5,4,3,2.353075573930284,1.3891694158240186,1.6679059996602779,0.2787365838362592,0.1495473910651183,2.237406970730634,1.7929312007284866,2.2753249837451044,2.329801585378337,270.0,18.0,158.0,53.0,-1,1,True,True,
0.85,0.7,0.6,0.6,2.628523,2.628523,0.07689,0.015378,8,19.61302,0.09437,False,5,3,3,4,2.353075573930284,1.3891694158240186,1.6679059996602779,0.2787365838362592,0.1495473910651183,1.7929312007284866,2.237406970730634,2.329801585378337,2.2753249837451044,18.0,270.0,53.0,158.0,1,-1,True,True,
0.6,0.735,0.6,0.6,2.628523,2.628523,0.005126,0.061512,8,19.61302,0.09437,False,3,5,4,3,1.9339411534922428,1.1602220399632766,1.438807851549257,0.2785858115859805,0.14946073440803767,2.046278458760951,1.5592411842893092,2.0960680669193263,2.011226250532015,811.0,23.0,475.0,67.0,-1,1,True,True,
0.735,0.6,0.6,0.6,2.628523,2.628523,0.061512,0.005126,8,19.61302,0.09437,False,5,3,3,4,1.9339411534922428,1.1602220399632766,1.438807851549257,0.2785858115859805,0.14946073440803767,1.5592411842893092,2.046278458760951,2.011226250532015,2.0960680669193263,23.0,811.0,67.0,475.0,1,-1,True,True,
0.65,0.75,0.6,0.6,2.628523,2.628523,0.007689,0.061512,8,19.61302,0.09437,False,3,5,4,3,2.0434967884924595,1.2436897802462488,1.5212846951995758,0.277594914953327,0.1488913770777035,2.165359806043735,1.6017603455687701,2.224994123272216,2.057579765146013,541.0,23.0,317.0,67.0,-1,1,True,True,
0.75,0.65,0.6,0.6,2.628523,2.628523,0.061512,0.007689,8,19.61302,0.09437,False,5,3,3,4,2.0434967884924595,1.2436897802462488,1.5212846951995758,0.277594914953327,0.1488913770777035,1.6017603455687701,2.165359806043735,2.057579765146013,2.224994123272216,23.0,541.0,67.0,317.0,1,-1,True,True,
0.6,0.85,0.6,0.6,2.628523,2.628523,0.007689,0.07689,8,19.61302,0.09437,False,3,5,4,3,2.2011595319044424,1.2831562334883009,1.5600630784736316,0.2769068449853307,0.1484961862348105,2.0123524495715994,1.7929312007284866,2.0427153383591974,2.329801585378337,541.0,18.0,317.0,53.0,-1,1,True,True,
0.85,0.6,0.6,0.6,2.628523,2.628523,0.07689,0.007689,8,19.61302,0.09437,False,5,3,3,4,2.2011595319044424,1.2831562334883009,1.5600630784736316,0.2769068449853307,0.1484961862348105,1.7929312007284866,2.0123524495715994,2.329801585378337,2.0427153383591974,18.0,541.0,53.0,317.0,1,-1,True,True,
0.65,0.85,0.6,0.6,2.628523,2.628523,0.0115335,0.07689,8,19.61302,0.09437,False,3,5,4,3,2.276862377841584,1.3343989127936018,1.61104086176598,0.27664194897237815,0.14834408027778584,2.1181585229100155,1.7929312007284866,2.1495483585981705,2.329801585378337,360.0,18.0,211.0,53.0,-1,1,True,True,
0.85,0.65,0.6,0.6,2.628523,2.628523,0.07689,0.0115335,8,19.61302,0.09437,False,5,3,3,4,2.276862377841584,1.3343989127936018,1.61104086176598,0.27664194897237815,0.14834408027778584,1.7929312007284866,2.1181585229100155,2.329801585378337,2.1495483585981705,18.0,360.0,53.0,211.0,1,-1,True,True,
0.735,0.85,0.6,0.6,2.628523,2.628523,0.0038445,0.061512,8,19.61302,0.09437,False,3,5,5,3,2.4066071259590753,1.6321305752092437,1.9075540500719645,0.2754234748627209,0.14764467958442984,2.530190015923355,2.0214926419218395,2.7764772646502527,2.426308816403573,1082.0,23.0,375.0,67.0,-1,1,True,True,
0.85,0.735,0.6,0.6,2.628523,2.628523,0.061512,0.0038445,8,19.61302,0.09437,False,5,3,3,5,2.4066071259590753,1.6321305752092437,1.9075540500719645,0.2754234748627209,0.14764467958442984,2.0214926419218395,2.530190015923355,2.426308816403573,2.7764772646502527,23.0,1082.0,67.0,375.0,1,-1,True,True,
0.6,0.7,0.6,0.6,2.628523,2.628523,0.007689,0.061512,8,19.61302,0.09437,False,3,5,4,3,1.856295790363206,1.086514137626566,1.3614288015295604,0.27491466390299446,0.14735274962487294,2.0123524495715994,1.4728653584967981,2.0427153383591974,1.9100870759414956,541.0,23.0,317.0,67.0,-1,1,True,True,
0.7,0.6,0.6,0.6,2.628523,2.628523,0.061512,0.007689,8,19.61302,0.09437,False,5,3,3,4,1.856295790363206,1.086514137626566,1.3614288015295604,0.27491466390299446,0.14735274962487294,1.4728653584967981,2.0123524495715994,1.9100870759414956,2.0427153383591974,23.0,541.0,67.0,317.0,1,-1,True,True,
0.6,0.75,0.6,0.6,2.628523,2.628523,0.005126,0.061512,8,19.61302,0.09437,False,3,5,4,3,1.9677939425553177,1.1871259978021185,1.4615936614175864,0.2744676636154679,0.14709634477471237,2.046278458760951,1.6017603455687701,2.0960680669193263,2.057579765146013,811.0,23.0,475.0,67.0,-1,1,True,True,
0.75,0.6,0.6,0.6,2.628523,2.628523,0.061512,0.005126,8,19.61302,0.09437,False,5,3,3,4,1.9677939425553177,1.1871259978021185,1.4615936614175864,0.2744676636154679,0.14709634477471237,1.6017603455687701,2.046278458760951,2.057579765146013,2.0960680669193263,23.0,811.0,67.0,475.0,1,-1,True,True,
0.75,0.85,0.6,0.6,2.628523,2.628523,0.023067,0.07689,8,19.61302,0.09437,False,3,5,4,3,2.4295740934745886,1.431064704672548,1.7044935529233936,0.27342884825084557,0.14650068882841413,2.3331350584437542,1.7929312007284866,2.360115233174465,2.329801585378337,180.0,18.0,105.0,53.0,-1,1,True,True,
0.85,0.75,0.6,0.6,2.628523,2.628523,0.07689,0.023067,8,19.61302,0.09437,False,5,3,3,4,2.4295740934745886,1.431064704672548,1.7044935529233936,0.27342884825084557,0.14650068882841413,1.7929312007284866,2.3331350584437542,2.329801585378337,2.360115233174465,18.0,180.0,53.0,105.0,1,-1,True,True,
0.75,0.9,0.6,0.6,2.628523,2.628523,0.005126,0.07689,8,19.61302,0.09437,False,3,5,5,3,2.5503947321566054,1.7008124175902062,1.9742166274450752,0.273404209854869,0.1464865649464324,2.562588824555199,2.1378366585127444,2.7970384617236657,2.5745003134520257,811.0,18.0,281.0,54.0,-1,1,True,True,
0.9,0.75,0.6,0.6,2.628523,2.628523,0.07689,0.005126,8,19.61302,0.09437,False,5,3,3,5,2.5503947321566054,1.7008124175902062,1.9742166274450752,0.273404209854869,0.1464865649464324,2.1378366585127444,2.562588824555199,2.5745003134520257,2.7970384617236657,18.0,811.0,54.0,281.0,1,-1,True,True,
0.65,0.8,0.6,0.6,2.628523,2.628523,0.0038445,0.061512,8,19.61302,0.09437,False,3,5,5,3,2.15862249199329,1.3739711997767827,1.646164849006871,0.27219364923008826,0.14579282917373285,2.2251629457753332,1.7756047209821904,2.32875288467856,2.22739327632058,1082.0,23.0,375.0,67.0,-1,1,True,True,
0.8,0.65,0.6,0.6,2.628523,2.628523,0.061512,0.0038445,8,19.61302,0.09437,False,5,3,3,5,2.15862249199329,1.3739711997767827,1.646164849006871,0.27219364923008826,0.14579282917373285,1.7756047209821904,2.2251629457753332,2.22739327632058,2.32875288467856,23.0,1082.0,67.0,375.0,1,-1,True,True,
0.75,0.85,0.6,0.6,2.628523,2.628523,0.005126,0.061512,8,19.61302,0.09437,False,3,5,5,3,2.4295740934745886,1.6448541772868404,1.9149322620870213,0.2700780848001809,0.14458147068669258,2.562588824555199,2.0214926419218395,2.7970384617236657,2.426308816403573,811.0,23.0,281.0,67.0,-1,1,True,True,
0.85,0.75,0.6,0.6,2.628523,2.628523,0.061512,0.005126,8,19.61302,0.09437,False,5,3,3,5,2.4295740934745886,1.6448541772868404,1.9149322620870213,0.2700780848001809,0.14458147068669258,2.0214926419218395,2.562588824555199,2.426308816403573,2.7970384617236657,23.0,811.0,67.0,281.0,1,-1,True,True,
0.6,0.735,0.6,0.6,2.628523,2.628523,0.007689,0.061512,8,19.61302,0.09437,False,3,5,4,3,1.9339411534922428,1.1435036932330391,1.4130245819545273,0.26952088872148816,0.14426263694837652,2.0123524495715994,1.5592411842893092,2.0427153383591974,2.011226250532015,541.0,23.0,317.0,67.0,-1,1,True,True,
0.735,0.6,0.6,0.6,2.628523,2.628523,0.061512,0.007689,8,19.61302,0.09437,False,5,3,3,4,1.9339411534922428,1.1435036932330391,1.4130245819545273,0.26952088872148816,0.14426263694837652,1.5592411842893092,2.0123524495715994,2.011226250532015,2.0427153383591974,23.0,541.0,67.0,317.0,1,-1,True,True,
0.735,0.85,0.6,0.6,2.628523,2.628523,0.023067,0.07689,8,19.61302,0.09437,False,3,5,4,3,2.4066071259590753,1.4081340809186935,1.6766861398867792,0.26855205896808565,0.14370847333757047,2.2802435514437978,1.7929312007284866,2.295390616792948,2.329801585378337,180.0,18.0,105.0,53.0,-1,1,True,True,
0.85,0.735,0.6,0.6,2.628523,2.628523,0.07689,0.023067,8,19.61302,0.09437,False,5,3,3,4,2.4066071259590753,1.4081340809186935,1.6766861398867792,0.26855205896808565,0.14370847333757047,1.7929312007284866,2.2802435514437978,2.329801585378337,2.295390616792948,18.0,180.0,53.0,105.0,1,-1,True,True,
0.7,0.8,0.6,0.6,2.628523,2.628523,0.007689,0.061512,8,19.61302,0.09437,False,3,5,4,3,2.23483568808199,1.4214015107003812,1.6897846003161041,0.2683830896157229,0.1436118515791411,2.333246062534121,1.7756047209821904,2.43258051194524,2.22739327632058,541.0,23.0,317.0,67.0,-1,1,True,True,
0.8,0.7,0.6,0.6,2.628523,2.628523,0.061512,0.007689,8,19.61302,0.09437,False,5,3,3,4,2.23483568808199,1.4214015107003812,1.6897846003161041,0.2683830896157229,0.1436118515791411,1.7756047209821904,2.333246062534121,2.22739327632058,2.43258051194524,23.0,541.0,67.0,317.0,1,-1,True,True,
0.65,0.85,0.6,0.6,2.628523,2.628523,0.015378,0.07689,8,19.61302,0.09437,False,3,5,4,3,2.276862377841584,1.3153354519676728,1.581033593983056,0.2656981420153832,0.14207761269900399,2.0781615426053515,1.7929312007284866,2.0860044430655584,2.329801585378337,270.0,18.0,158.0,53.0,-1,1,True,True,
0.85,0.65,0.6,0.6,2.628523,2.628523,0.07689,0.015378,8,19.61302,0.09437,False,5,3,3,4,2.276862377841584,1.3153354519676728,1.581033593983056,0.2656981420153832,0.14207761269900399,1.7929312007284866,2.0781615426053515,2.329801585378337,2.0860044430655584,18.0,270.0,53.0,158.0,1,-1,True,True,
0.6,0.75,0.6,0.6,2.628523,2.628523,0.007689,0.061512,8,19.61302,0.09437,False,3,5,4,3,1.9677939425553177,1.1704076510718808,1.4358103918228566,0.2654027407509758,0.14190893957045314,2.0123524495715994,1.6017603455687701,2.0427153383591974,2.057579765146013,541.0,23.0,317.0,67.0,-1,1,True,True,
0.75,0.6,0.6,0.6,2.628523,2.628523,0.061512,0.007689,8,19.61302,0.09437,False,5,3,3,4,1.9677939425553177,1.1704076510718808,1.4358103918228566,0.2654027407509758,0.14190893957045314,1.6017603455687701,2.0123524495715994,2.057579765146013,2.0427153383591974,23.0,541.0,67.0,317.0,1,-1,True,True,
0.6,0.85,0.6,0.6,2.628523,2.628523,0.0115335,0.07689,8,19.61302,0.09437,False,3,5,4,3,2.2011595319044424,1.2618013692539316,1.5271703184360974,0.2653689491821658,0.14188964628618805,1.9698345341505725,1.7929312007284866,1.9766178171814526,2.329801585378337,360.0,18.0,211.0,53.0,-1,1,True,True,
0.85,0.6,0.6,0.6,2.628523,2.628523,0.07689,0.0115335,8,19.61302,0.09437,False,5,3,3,4,2.2011595319044424,1.2618013692539316,1.5271703184360974,0.2653689491821658,0.14188964628618805,1.7929312007284866,1.9698345341505725,2.329801585378337,1.9766178171814526,18.0,360.0,53.0,211.0,1,-1,True,True,
0.65,0.75,0.6,0.6,2.628523,2.628523,0.0115335,0.061512,8,19.61302,0.09437,False,3,5,4,3,2.0434967884924595,1.2216503303771817,1.4867881751152052,0.2651378447380235,0.14175770602334173,2.1181585229100155,1.6017603455687701,2.1495483585981705,2.057579765146013,360.0,23.0,211.0,67.0,-1,1,True,True,
0.75,0.65,0.6,0.6,2.628523,2.628523,0.061512,0.0115335,8,19.61302,0.09437,False,5,3,3,4,2.0434967884924595,1.2216503303771817,1.4867881751152052,0.2651378447380235,0.14175770602334173,1.6017603455687701,2.1181585229100155,2.057579765146013,2.1495483585981705,23.0,360.0,67.0,211.0,1,-1,True,True,
0.735,0.9,0.6,0.6,2.628523,2.628523,0.005126,0.07689,8,19.61302,0.09437,False,3,5,5,3,2.5274277646410925,1.6778406561826142,1.9415501060835316,0.2637094499009174,0.14094255674049272,2.504392639098907,2.1378366585127444,2.7071451889515803,2.5745003134520257,811.0,18.0,281.0,54.0,-1,1,True,True,
0.9,0.735,0.6,0.6,2.628523,2.628523,0.07689,0.005126,8,19.61302,0.09437,False,5,3,3,5,2.5274277646410925,1.6778406561826142,1.9415501060835316,0.2637094499009174,0.14094255674049272,2.1378366585127444,2.504392639098907,2.5745003134520257,2.7071451889515803,18.0,811.0,54.0,281.0,1,-1,True,True,
0.65,0.8,0.6,0.6,2.628523,2.628523,0.005126,0.061512,8,19.61302,0.09437,False,3,5,4,3,2.15862249199329,1.3639746630580103,1.627606973557013,0.2636323104990026,0.1408985517759043,2.2030298342283343,1.7756047209821904,2.2859347146797724,2.22739327632058,811.0,23.0,475.0,67.0,-1,1,True,True,
0.8,0.65,0.6,0.6,2.628523,2.628523,0.061512,0.005126,8,19.61302,0.09437,False,5,3,3,4,2.15862249199329,1.3639746630580103,1.627606973557013,0.2636323104990026,0.1408985517759043,1.7756047209821904,2.2030298342283343,2.22739327632058,2.2859347146797724,23.0,811.0,67.0,475.0,1,-1,True,True,
0.6,0.7,0.6,0.6,2.628523,2.628523,0.0115335,0.061512,8,19.61302,0.09437,False,3,5,4,3,1.856295790363206,1.0651592733921966,1.328536041492026,0.26337676809982935,0.14075278711179853,1.9698345341505725,1.4728653584967981,1.9766178171814526,1.9100870759414956,360.0,23.0,211.0,67.0,-1,1,True,True,
0.7,0.6,0.6,0.6,2.628523,2.628523,0.061512,0.0115335,8,19.61302,0.09437,False,5,3,3,4,1.856295790363206,1.0651592733921966,1.328536041492026,0.26337676809982935,0.14075278711179853,1.4728653584967981,1.9698345341505725,1.9100870759414956,1.9766178171814526,23.0,360.0,67.0,211.0,1,-1,True,True,
0.735,0.85,0.6,0.6,2.628523,2.628523,0.005126,0.061512,8,19.61302,0.09437,False,3,5,5,3,2.4066071259590753,1.6218824158792484,1.882265740725478,0.2603833248462295,0.13904667485055486,2.504392639098907,2.0214926419218395,2.7071451889515803,2.426308816403573,811.0,23.0,281.0,67.0,-1,1,True,True,
0.85,0.735,0.6,0.6,2.628523,2.628523,0.061512,0.005126,8,19.61302,0.09437,False,5,3,3,5,2.4066071259590753,1.6218824158792484,1.882265740725478,0.2603833248462295,0.13904667485055486,2.0214926419218395,2.504392639098907,2.426308816403573,2.7071451889515803,23.0,811.0,67.0,281.0,1,-1,True,True,
0.6,0.735,0.6,0.6,2.628523,2.628523,0.0115335,0.061512,8,19.61302,0.09437,False,3,5,4,3,1.9339411534922428,1.1221488289986699,1.380131821916993,0.25798299291832305,0.1376804498124324,1.9698345341505725,1.5592411842893092,1.9766178171814526,2.011226250532015,360.0,23.0,211.0,67.0,-1,1,True,True,
0.735,0.6,0.6,0.6,2.628523,2.628523,0.061512,0.0115335,8,19.61302,0.09437,False,5,3,3,4,1.9339411534922428,1.1221488289986699,1.380131821916993,0.25798299291832305,0.1376804498124324,1.5592411842893092,1.9698345341505725,2.011226250532015,1.9766178171814526,23.0,360.0,67.0,211.0,1,-1,True,True,
0.7,0.9,0.6,0.6,2.628523,2.628523,0.0038445,0.07689,8,19.61302,0.09437,False,3,5,5,3,2.473896212612301,1.634834381867052,1.892334230241449,0.2574998483743969,0.1374056509546318,2.3989711822434314,2.1378366585127444,2.5771361627798264,2.5745003134520257,1082.0,18.0,375.0,54.0,-1,1,True,True,
0.9,0.7,0.6,0.6,2.628523,2.628523,0.07689,0.0038445,8,19.61302,0.09437,False,5,3,3,5,2.473896212612301,1.634834381867052,1.892334230241449,0.2574998483743969,0.1374056509546318,2.1378366585127444,2.3989711822434314,2.5745003134520257,2.5771361627798264,18.0,1082.0,54.0,375.0,1,-1,True,True,
0.6,0.8,0.6,0.6,2.628523,2.628523,0.0038445,0.061512,8,19.61302,0.09437,False,3,5,4,3,2.082919646056148,1.2998566446157822,1.5558997760010205,0.25604313138523827,0.13657751351405725,2.066209133448274,1.7756047209821904,2.127755798714186,2.22739327632058,1082.0,23.0,634.0,67.0,-1,1,True,True,
0.8,0.6,0.6,0.6,2.628523,2.628523,0.061512,0.0038445,8,19.61302,0.09437,False,5,3,3,4,2.082919646056148,1.2998566446157822,1.5558997760010205,0.25604313138523827,0.13657751351405725,1.7756047209821904,2.066209133448274,2.22739327632058,2.127755798714186,23.0,1082.0,67.0,634.0,1,-1,True,True,
0.7,0.8,0.6,0.6,2.628523,2.628523,0.0115335,0.061512,8,19.61302,0.09437,False,3,5,4,3,2.23483568808199,1.3989164498536526,1.6540577554386857,0.2551413055850331,0.1360651315797408,2.2813683057754313,1.7756047209821904,2.3472062428142393,2.22739327632058,360.0,23.0,211.0,67.0,-1,1,True,True,
0.8,0.7,0.6,0.6,2.628523,2.628523,0.061512,0.0115335,8,19.61302,0.09437,False,5,3,3,4,2.23483568808199,1.3989164498536526,1.6540577554386857,0.2551413055850331,0.1360651315797408,1.7756047209821904,2.2813683057754313,2.22739327632058,2.3472062428142393,23.0,360.0,67.0,211.0,1,-1,True,True,
0.65,0.75,0.6,0.6,2.628523,2.628523,0.015378,0.061512,8,19.61302,0.09437,False,3,5,4,3,2.0434967884924595,1.2025868695512527,1.456780907332281,0.25419403778102834,0.1355271800246454,2.0781615426053515,1.6017603455687701,2.0860044430655584,2.057579765146013,270.0,23.0,158.0,67.0,-1,1,True,True,
0.75,0.65,0.6,0.6,2.628523,2.628523,0.061512,0.015378,8,19.61302,0.09437,False,5,3,3,4,2.0434967884924595,1.2025868695512527,1.456780907332281,0.25419403778102834,0.1355271800246454,1.6017603455687701,2.0781615426053515,2.057579765146013,2.0860044430655584,23.0,270.0,67.0,158.0,1,-1,True,True,
0.7,0.85,0.6,0.6,2.628523,2.628523,0.0038445,0.061512,8,19.61302,0.09437,False,3,5,5,3,2.353075573930284,1.5788761415636863,1.833049864883395,0.2541737233197088,0.13551564627173304,2.3989711822434314,2.0214926419218395,2.5771361627798264,2.426308816403573,1082.0,23.0,375.0,67.0,-1,1,True,True,
0.85,0.7,0.6,0.6,2.628523,2.628523,0.061512,0.0038445,8,19.61302,0.09437,False,5,3,3,5,2.353075573930284,1.5788761415636863,1.833049864883395,0.2541737233197088,0.13551564627173304,2.0214926419218395,2.3989711822434314,2.426308816403573,2.5771361627798264,23.0,1082.0,67.0,375.0,1,-1,True,True,
0.6,0.75,0.6,0.6,2.628523,2.628523,0.0115335,0.061512,8,19.61302,0.09437,False,3,5,4,3,1.9677939425553177,1.1490527868375118,1.4029176317853222,0.2538648449478105,0.13534029170084744,1.9698345341505725,1.6017603455687701,1.9766178171814526,2.057579765146013,360.0,23.0,211.0,67.0,-1,1,True,True,
0.75,0.6,0.6,0.6,2.628523,2.628523,0.061512,0.0115335,8,19.61302,0.09437,False,5,3,3,4,1.9677939425553177,1.1490527868375118,1.4029176317853222,0.2538648449478105,0.13534029170084744,1.6017603455687701,1.9698345341505725,2.057579765146013,1.9766178171814526,23.0,360.0,67.0,211.0,1,-1,True,True,
0.65,0.8,0.6,0.6,2.628523,2.628523,0.007689,0.061512,8,19.61302,0.09437,False,3,5,4,3,2.15862249199329,1.3467275925978037,1.6005862417387031,0.2538586491408994,0.1353367745316825,2.165359806043735,1.7756047209821904,2.224994123272216,2.22739327632058,541.0,23.0,317.0,67.0,-1,1,True,True,
0.8,0.65,0.6,0.6,2.628523,2.628523,0.061512,0.007689,8,19.61302,0.09437,False,5,3,3,4,2.15862249199329,1.3467275925978037,1.6005862417387031,0.2538586491408994,0.1353367745316825,1.7756047209821904,2.165359806043735,2.22739327632058,2.224994123272216,23.0,541.0,67.0,317.0,1,-1,True,True,
0.6,0.8,0.6,0.6,2.628523,2.628523,0.005126,0.061512,8,19.61302,0.09437,False,3,5,4,3,2.082919646056148,1.2901638101536737,1.5408952079567138,0.2507313978030401,0.1335629199918025,2.046278458760951,1.7756047209821904,2.0960680669193263,2.22739327632058,811.0,23.0,475.0,67.0,-1,1,True,True,
0.8,0.6,0.6,0.6,2.628523,2.628523,0.061512,0.005126,8,19.61302,0.09437,False,5,3,3,4,2.082919646056148,1.2901638101536737,1.5408952079567138,0.2507313978030401,0.1335629199918025,1.7756047209821904,2.046278458760951,2.22739327632058,2.0960680669193263,23.0,811.0,67.0,475.0,1,-1,True,True,
0.8,0.9,0.6,0.6,2.628523,2.628523,0.0115335,0.07689,8,19.61302,0.09437,False,3,5,5,3,2.6269747483309893,1.7382728099780647,1.9867196118581427,0.24844680188007806,0.13226879265931188,2.6604050868614,2.1378366585127444,2.832229327001348,2.5745003134520257,360.0,18.0,125.0,54.0,-1,1,True,True,
0.9,0.8,0.6,0.6,2.628523,2.628523,0.07689,0.0115335,8,19.61302,0.09437,False,5,3,3,5,2.6269747483309893,1.7382728099780647,1.9867196118581427,0.24844680188007806,0.13226879265931188,2.1378366585127444,2.6604050868614,2.5745003134520257,2.832229327001348,18.0,360.0,54.0,125.0,1,-1,True,True,
0.8,0.9,0.6,0.6,2.628523,2.628523,0.0038445,0.061512,8,19.61302,0.09437,False,3,5,5,3,2.6269747483309893,1.900116689935591,2.1483326930125184,0.24821600307692737,0.13213813705715072,2.796872721005317,2.390768308537393,3.2151939784635784,2.6656421933305157,1082.0,23.0,375.0,67.0,-1,1,True,True,
0.9,0.8,0.6,0.6,2.628523,2.628523,0.061512,0.0038445,8,19.61302,0.09437,False,5,3,3,5,2.6269747483309893,1.900116689935591,2.1483326930125184,0.24821600307692737,0.13213813705715072,2.390768308537393,2.796872721005317,2.6656421933305157,3.2151939784635784,23.0,1082.0,67.0,375.0,1,-1,True,True,
0.75,0.9,0.6,0.6,2.628523,2.628523,0.007689,0.07689,8,19.61302,0.09437,False,3,5,5,3,2.5503947321566054,1.6831189294125048,1.9299937863112753,0.24687485689877042,0.13137921017573115,2.5176464555842566,2.1378366585127444,2.6760406267748427,2.5745003134520257,541.0,18.0,187.0,54.0,-1,1,True,True,
0.9,0.75,0.6,0.6,2.628523,2.628523,0.07689,0.007689,8,19.61302,0.09437,False,5,3,3,5,2.5503947321566054,1.6831189294125048,1.9299937863112753,0.24687485689877042,0.13137921017573115,2.1378366585127444,2.5176464555842566,2.5745003134520257,2.6760406267748427,18.0,541.0,54.0,187.0,1,-1,True,True,
0.75,0.85,0.6,0.6,2.628523,2.628523,0.007689,0.061512,8,19.61302,0.09437,False,3,5,5,3,2.4295740934745886,1.627160689109139,1.8707094209532213,0.24354873184408232,0.1294992195113875,2.5176464555842566,2.0214926419218395,2.6760406267748427,2.426308816403573,541.0,23.0,187.0,67.0,-1,1,True,True,
0.85,0.75,0.6,0.6,2.628523,2.628523,0.061512,0.007689,8,19.61302,0.09437,False,5,3,3,5,2.4295740934745886,1.627160689109139,1.8707094209532213,0.24354873184408232,0.1294992195113875,2.0214926419218395,2.5176464555842566,2.426308816403573,2.6760406267748427,23.0,541.0,67.0,187.0,1,-1,True,True,
0.7,0.8,0.6,0.6,2.628523,2.628523,0.015378,0.061512,8,19.61302,0.09437,False,3,5,4,3,2.23483568808199,1.3794586457591538,1.62295485954863,0.24349621378947628,0.12946956034995566,2.237406970730634,1.7756047209821904,2.2753249837451044,2.22739327632058,270.0,23.0,158.0,67.0,-1,1,True,True,
0.8,0.7,0.6,0.6,2.628523,2.628523,0.061512,0.015378,8,19.61302,0.09437,False,5,3,3,4,2.23483568808199,1.3794586457591538,1.62295485954863,0.24349621378947628,0.12946956034995566,1.7756047209821904,2.237406970730634,2.22739327632058,2.2753249837451044,23.0,270.0,67.0,158.0,1,-1,True,True,
0.7,0.9,0.6,0.6,2.628523,2.628523,0.005126,0.07689,8,19.61302,0.09437,False,3,5,5,3,2.473896212612301,1.6246430970986312,1.8676645385637856,0.24302144146515436,0.12920147172727015,2.3746467429500786,2.1378366585127444,2.5143368134339785,2.5745003134520257,811.0,18.0,281.0,54.0,-1,1,True,True,
0.9,0.7,0.6,0.6,2.628523,2.628523,0.07689,0.005126,8,19.61302,0.09437,False,5,3,3,5,2.473896212612301,1.6246430970986312,1.8676645385637856,0.24302144146515436,0.12920147172727015,2.1378366585127444,2.3746467429500786,2.5745003134520257,2.5143368134339785,18.0,811.0,54.0,281.0,1,-1,True,True,
0.6,0.8,0.6,0.6,2.628523,2.628523,0.007689,0.061512,8,19.61302,0.09437,False,3,5,4,3,2.082919646056148,1.2734454634234362,1.515111938361984,0.24166647493854776,0.12843671571322834,2.0123524495715994,1.7756047209821904,2.0427153383591974,2.22739327632058,541.0,23.0,317.0,67.0,-1,1,True,True,
0.8,0.6,0.6,0.6,2.628523,2.628523,0.061512,0.007689,8,19.61302,0.09437,False,5,3,3,4,2.082919646056148,1.2734454634234362,1.515111938361984,0.24166647493854776,0.12843671571322834,1.7756047209821904,2.0123524495715994,2.22739327632058,2.0427153383591974,23.0,541.0,67.0,317.0,1,-1,True,True,
0.65,0.8,0.6,0.6,2.628523,2.628523,0.0115335,0.061512,8,19.61302,0.09437,False,3,5,4,3,2.15862249199329,1.324688142728737,1.5660897216543326,0.24140157892559566,0.12828726641714688,2.1181585229100155,1.7756047209821904,2.1495483585981705,2.22739327632058,360.0,23.0,211.0,67.0,-1,1,True,True,
0.8,0.65,0.6,0.6,2.628523,2.628523,0.061512,0.0115335,8,19.61302,0.09437,False,5,3,3,4,2.15862249199329,1.324688142728737,1.5660897216543326,0.24140157892559566,0.12828726641714688,1.7756047209821904,2.1181585229100155,2.22739327632058,2.1495483585981705,23.0,360.0,67.0,211.0,1,-1,True,True,
0.7,0.85,0.6,0.6,2.628523,2.628523,0.005126,0.061512,8,19.61302,0.09437,False,3,5,5,3,2.353075573930284,1.5686848567952656,1.8083801732057316,0.23969531641046604,0.1273250997682337,2.3746467429500786,2.0214926419218395,2.5143368134339785,2.426308816403573,811.0,23.0,281.0,67.0,-1,1,True,True,
0.85,0.7,0.6,0.6,2.628523,2.628523,0.061512,0.005126,8,19.61302,0.09437,False,5,3,3,5,2.353075573930284,1.5686848567952656,1.8083801732057316,0.23969531641046604,0.1273250997682337,2.0214926419218395,2.3746467429500786,2.426308816403573,2.5143368134339785,23.0,811.0,67.0,281.0,1,-1,True,True,
0.735,0.9,0.6,0.6,2.628523,2.628523,0.007689,0.07689,8,19.61302,0.09437,False,3,5,5,3,2.5274277646410925,1.6601505760555333,1.897682963813625,0.2375323877580917,0.12610659689127524,2.460479293125042,2.1378366585127444,2.5909575078888887,2.5745003134520257,541.0,18.0,187.0,54.0,-1,1,True,True,
0.9,0.735,0.6,0.6,2.628523,2.628523,0.07689,0.007689,8,19.61302,0.09437,False,5,3,3,5,2.5274277646410925,1.6601505760555333,1.897682963813625,0.2375323877580917,0.12610659689127524,2.1378366585127444,2.460479293125042,2.5745003134520257,2.5909575078888887,18.0,541.0,54.0,187.0,1,-1,True,True,
0.735,0.85,0.6,0.6,2.628523,2.628523,0.007689,0.061512,8,19.61302,0.09437,False,3,5,4,3,2.4066071259590753,1.6041923357521675,1.8400560532484904,0.23586371749632296,0.1251674384372942,2.460479293125042,2.0214926419218395,2.5952554636783707,2.426308816403573,541.0,23.0,317.0,67.0,-1,1,True,True,
0.85,0.735,0.6,0.6,2.628523,2.628523,0.061512,0.007689,8,19.61302,0.09437,False,5,3,3,4,2.4066071259590753,1.6041923357521675,1.8400560532484904,0.23586371749632296,0.1251674384372942,2.0214926419218395,2.460479293125042,2.426308816403573,2.5952554636783707,23.0,541.0,67.0,317.0,1,-1,True,True,
0.8,0.9,0.6,0.6,2.628523,2.628523,0.015378,0.07689,8,19.61302,0.09437,False,3,5,4,3,2.6269747483309893,1.718879131894301,1.953532816708494,0.2346536848141929,0.1244868996399109,2.60930713717555,2.1378366585127444,2.748643257156095,2.566197901690918,270.0,18.0,158.0,53.0,-1,1,True,True,
0.9,0.8,0.6,0.6,2.628523,2.628523,0.07689,0.015378,8,19.61302,0.09437,False,5,3,3,4,2.6269747483309893,1.718879131894301,1.953532816708494,0.2346536848141929,0.1244868996399109,2.1378366585127444,2.60930713717555,2.566197901690918,2.748643257156095,18.0,270.0,53.0,158.0,1,-1,True,True,
0.8,0.9,0.6,0.6,2.628523,2.628523,0.005126,0.061512,8,19.61302,0.09437,False,3,5,5,3,2.6269747483309893,1.8899830767171948,2.12255891298949,0.23257583627229517,0.12331924956254021,2.768673416368087,2.390768308537393,3.1333850672433825,2.6656421933305157,811.0,23.0,281.0,67.0,-1,1,True,True,
0.9,0.8,0.6,0.6,2.628523,2.628523,0.061512,0.005126,8,19.61302,0.09437,False,5,3,3,5,2.6269747483309893,1.8899830767171948,2.12255891298949,0.23257583627229517,0.12331924956254021,2.390768308537393,2.768673416368087,2.6656421933305157,3.1333850672433825,23.0,811.0,67.0,281.0,1,-1,True,True,
0.65,0.9,0.6,0.6,2.628523,2.628523,0.0038445,0.07689,8,19.61302,0.09437,False,3,5,5,3,2.397683016523601,1.559624557478433,1.790988343913548,0.23136378643511502,0.12263869634270692,2.2251629457753332,2.1378366585127444,2.32875288467856,2.5745003134520257,1082.0,18.0,375.0,54.0,-1,1,True,True,
0.9,0.65,0.6,0.6,2.628523,2.628523,0.07689,0.0038445,8,19.61302,0.09437,False,5,3,3,5,2.397683016523601,1.559624557478433,1.790988343913548,0.23136378643511502,0.12263869634270692,2.1378366585127444,2.2251629457753332,2.5745003134520257,2.32875288467856,18.0,1082.0,54.0,375.0,1,-1,True,True,
0.65,0.8,0.6,0.6,2.628523,2.628523,0.015378,0.061512,8,19.61302,0.09437,False,3,5,4,3,2.15862249199329,1.305624681902808,1.5360824538714084,0.2304577719686005,0.12213024806699763,2.0781615426053515,1.7756047209821904,2.0860044430655584,2.22739327632058,270.0,23.0,158.0,67.0,-1,1,True,True,
0.8,0.65,0.6,0.6,2.628523,2.628523,0.061512,0.015378,8,19.61302,0.09437,False,5,3,3,4,2.15862249199329,1.305624681902808,1.5360824538714084,0.2304577719686005,0.12213024806699763,1.7756047209821904,2.0781615426053515,2.22739327632058,2.0860044430655584,23.0,270.0,67.0,158.0,1,-1,True,True,
0.6,0.8,0.6,0.6,2.628523,2.628523,0.0115335,0.061512,8,19.61302,0.09437,False,3,5,4,3,2.082919646056148,1.252090599189067,1.4822191783244496,0.23012857913538265,0.12194556464872869,1.9698345341505725,1.7756047209821904,1.9766178171814526,2.22739327632058,360.0,23.0,211.0,67.0,-1,1,True,True,
0.8,0.6,0.6,0.6,2.628523,2.628523,0.061512,0.0115335,8,19.61302,0.09437,False,5,3,3,4,2.082919646056148,1.252090599189067,1.4822191783244496,0.23012857913538265,0.12194556464872869,1.7756047209821904,1.9698345341505725,2.22739327632058,1.9766178171814526,23.0,360.0,67.0,211.0,1,-1,True,True,
0.65,0.85,0.6,0.6,2.628523,2.628523,0.0038445,0.061512,8,19.61302,0.09437,False,3,5,5,3,2.276862377841584,1.5036663171750675,1.7317039785554944,0.22803766138042691,0.12077322961893054,2.2251629457753332,2.0214926419218395,2.32875288467856,2.426308816403573,1082.0,23.0,375.0,67.0,-1,1,True,True,
0.85,0.65,0.6,0.6,2.628523,2.628523,0.061512,0.0038445,8,19.61302,0.09437,False,5,3,3,5,2.276862377841584,1.5036663171750675,1.7317039785554944,0.22803766138042691,0.12077322961893054,2.0214926419218395,2.2251629457753332,2.426308816403573,2.32875288467856,23.0,1082.0,67.0,375.0,1,-1,True,True,
0.75,0.9,0.6,0.6,2.628523,2.628523,0.0115335,0.07689,8,19.61302,0.09437,False,3,5,4,3,2.5503947321566054,1.6604894911394414,1.8880189278825004,0.22752943674305892,0.1204884635176526,2.461313327996642,2.1378366585127444,2.574340899713577,2.566197901690918,360.0,18.0,211.0,53.0,-1,1,True,True,
0.9,0.75,0.6,0.6,2.628523,2.628523,0.07689,0.0115335,8,19.61302,0.09437,False,5,3,3,4,2.5503947321566054,1.6604894911394414,1.8880189278825004,0.22752943674305892,0.1204884635176526,2.1378366585127444,2.461313327996642,2.566197901690918,2.574340899713577,18.0,360.0,53.0,211.0,1,-1,True,True,
0.75,0.85,0.6,0.6,2.628523,2.628523,0.0115335,0.061512,8,19.61302,0.09437,False,3,5,4,3,2.4295740934745886,1.6045312508360756,1.8319646369743214,0.22743338613824582,0.12043465301249236,2.461313327996642,2.0214926419218395,2.574340899713577,2.426308816403573,360.0,23.0,211.0,67.0,-1,1,True,True,
0.85,0.75,0.6,0.6,2.628523,2.628523,0.061512,0.0115335,8,19.61302,0.09437,False,5,3,3,4,2.4295740934745886,1.6045312508360756,1.8319646369743214,0.22743338613824582,0.12043465301249236,2.0214926419218395,2.461313327996642,2.426308816403573,2.574340899713577,23.0,360.0,67.0,211.0,1,-1,True,True,
0.7,0.9,0.6,0.6,2.628523,2.628523,0.007689,0.07689,8,19.61302,0.09437,False,3,5,4,3,2.473896212612301,1.6070548684020314,1.8313780207729065,0.22432315237087508,0.11869360028764885,2.333246062534121,2.1378366585127444,2.43258051194524,2.566197901690918,541.0,18.0,317.0,53.0,-1,1,True,True,
0.9,0.7,0.6,0.6,2.628523,2.628523,0.07689,0.007689,8,19.61302,0.09437,False,5,3,3,4,2.473896212612301,1.6070548684020314,1.8313780207729065,0.22432315237087508,0.11869360028764885,2.1378366585127444,2.333246062534121,2.566197901690918,2.43258051194524,18.0,541.0,53.0,317.0,1,-1,True,True,
0.7,0.85,0.6,0.6,2.628523,2.628523,0.007689,0.061512,8,19.61302,0.09437,False,3,5,4,3,2.353075573930284,1.5510966280986658,1.7753237298647275,0.22422710176606175,0.11863987597926803,2.333246062534121,2.0214926419218395,2.43258051194524,2.426308816403573,541.0,23.0,317.0,67.0,-1,1,True,True,
0.85,0.7,0.6,0.6,2.628523,2.628523,0.061512,0.007689,8,19.61302,0.09437,False,5,3,3,4,2.353075573930284,1.5510966280986658,1.7753237298647275,0.22422710176606175,0.11863987597926803,2.0214926419218395,2.333246062534121,2.426308816403573,2.43258051194524,23.0,541.0,67.0,317.0,1,-1,True,True,
0.7,0.8,0.6,0.6,2.628523,2.628523,0.023067,0.061512,8,19.61302,0.09437,False,3,5,4,3,2.23483568808199,1.3458193526432687,1.5689925014094392,0.22317314876617056,0.11805053435095773,2.163394032584071,1.7756047209821904,2.1557970890124856,2.22739327632058,180.0,23.0,105.0,67.0,-1,1,True,True,
0.8,0.7,0.6,0.6,2.628523,2.628523,0.061512,0.023067,8,19.61302,0.09437,False,5,3,3,4,2.23483568808199,1.3458193526432687,1.5689925014094392,0.22317314876617056,0.11805053435095773,1.7756047209821904,2.163394032584071,2.22739327632058,2.1557970890124856,23.0,180.0,67.0,105.0,1,-1,True,True,
0.735,0.9,0.6,0.6,2.628523,2.628523,0.0115335,0.07689,8,19.61302,0.09437,False,3,5,4,3,2.5274277646410925,1.6375284423634477,1.8598213682182436,0.22229292585479588,0.11755857576899731,2.4054428693815657,2.1378366585127444,2.5027646488739475,2.566197901690918,360.0,18.0,211.0,53.0,-1,1,True,True,
0.9,0.735,0.6,0.6,2.628523,2.628523,0.07689,0.0115335,8,19.61302,0.09437,False,5,3,3,4,2.5274277646410925,1.6375284423634477,1.8598213682182436,0.22229292585479588,0.11755857576899731,2.1378366585127444,2.4054428693815657,2.566197901690918,2.5027646488739475,18.0,360.0,53.0,211.0,1,-1,True,True,
0.735,0.85,0.6,0.6,2.628523,2.628523,0.0115335,0.061512,8,19.61302,0.09437,False,3,5,4,3,2.4066071259590753,1.5815702020600821,1.8037670773100645,0.22219687524998233,0.11750490596920321,2.4054428693815657,2.0214926419218395,2.5027646488739475,2.426308816403573,360.0,23.0,211.0,67.0,-1,1,True,True,
0.85,0.735,0.6,0.6,2.628523,2.628523,0.061512,0.0115335,8,19.61302,0.09437,False,5,3,3,4,2.4066071259590753,1.5815702020600821,1.8037670773100645,0.22219687524998233,0.11750490596920321,2.0214926419218395,2.4054428693815657,2.426308816403573,2.5027646488739475,23.0,360.0,67.0,211.0,1,-1,True,True,
0.65,0.9,0.6,0.6,2.628523,2.628523,0.005126,0.07689,8,19.61302,0.09437,False,3,5,4,3,2.397683016523601,1.5496280207596604,1.769200394013815,0.21957237325415457,0.11603942079366093,2.2030298342283343,2.1378366585127444,2.2859347146797724,2.566197901690918,811.0,18.0,475.0,53.0,-1,1,True,True,
0.9,0.65,0.6,0.6,2.628523,2.628523,0.07689,0.005126,8,19.61302,0.09437,False,5,3,3,4,2.397683016523601,1.5496280207596604,1.769200394013815,0.21957237325415457,0.11603942079366093,2.1378366585127444,2.2030298342283343,2.566197901690918,2.2859347146797724,18.0,811.0,53.0,475.0,1,-1,True,True,
0.65,0.85,0.6,0.6,2.628523,2.628523,0.005126,0.061512,8,19.61302,0.09437,False,3,5,4,3,2.276862377841584,1.4936697804562948,1.713146103105636,0.21947632264934125,0.11598582394999217,2.2030298342283343,2.0214926419218395,2.2859347146797724,2.426308816403573,811.0,23.0,475.0,67.0,-1,1,True,True,
0.85,0.65,0.6,0.6,2.628523,2.628523,0.061512,0.005126,8,19.61302,0.09437,False,5,3,3,4,2.276862377841584,1.4936697804562948,1.713146103105636,0.21947632264934125,0.11598582394999217,2.0214926419218395,2.2030298342283343,2.426308816403573,2.2859347146797724,23.0,811.0,67.0,475.0,1,-1,True,True,
0.75,0.9,0.6,0.6,2.628523,2.628523,0.015378,0.07689,8,19.61302,0.09437,False,3,5,4,3,2.5503947321566054,1.6408978022122764,1.8562725049016604,0.21537470268938397,0.11369949429987733,2.4135613413505848,2.1378366585127444,2.4938984210422945,2.566197901690918,270.0,18.0,158.0,53.0,-1,1,True,True,
0.9,0.75,0.6,0.6,2.628523,2.628523,0.07689,0.015378,8,19.61302,0.09437,False,5,3,3,4,2.5503947321566054,1.6408978022122764,1.8562725049016604,0.21537470268938397,0.11369949429987733,2.1378366585127444,2.4135613413505848,2.566197901690918,2.4938984210422945,18.0,270.0,53.0,158.0,1,-1,True,True,
0.75,0.85,0.6,0.6,2.628523,2.628523,0.015378,0.061512,8,19.61302,0.09437,False,3,5,4,3,2.4295740934745886,1.5849395619089106,1.8002182139934813,0.21527865208457064,0.11364600982918764,2.4135613413505848,2.0214926419218395,2.4938984210422945,2.426308816403573,270.0,23.0,158.0,67.0,-1,1,True,True,
0.85,0.75,0.6,0.6,2.628523,2.628523,0.061512,0.015378,8,19.61302,0.09437,False,5,3,3,4,2.4295740934745886,1.5849395619089106,1.8002182139934813,0.21527865208457064,0.11364600982918764,2.0214926419218395,2.4135613413505848,2.426308816403573,2.4938984210422945,23.0,270.0,67.0,158.0,1,-1,True,True,
0.8,0.9,0.6,0.6,2.628523,2.628523,0.023067,0.07689,8,19.61302,0.09437,False,3,5,4,3,2.6269747483309893,1.6853122878209525,1.8983086017026536,0.21299631388170104,0.1123758762692588,2.5231746170105356,2.1378366585127444,2.6009667787559754,2.566197901690918,180.0,18.0,105.0,53.0,-1,1,True,True,
0.9,0.8,0.6,0.6,2.628523,2.628523,0.07689,0.023067,8,19.61302,0.09437,False,5,3,3,4,2.6269747483309893,1.6853122878209525,1.8983086017026536,0.21299631388170104,0.1123758762692588,2.1378366585127444,2.5231746170105356,2.566197901690918,2.6009667787559754,18.0,180.0,53.0,105.0,1,-1,True,True,
0.6,0.85,0.6,0.6,2.628523,2.628523,0.0038445,0.061512,8,19.61302,0.09437,False,3,5,4,3,2.2011595319044424,1.4295517620140668,1.641438905549644,0.21188714353557714,0.11175914013357353,2.066209133448274,2.0214926419218395,2.127755798714186,2.426308816403573,1082.0,23.0,634.0,67.0,-1,1,True,True,
0.85,0.6,0.6,0.6,2.628523,2.628523,0.061512,0.0038445,8,19.61302,0.09437,False,5,3,3,4,2.2011595319044424,1.4295517620140668,1.641438905549644,0.21188714353557714,0.11175914013357353,2.0214926419218395,2.066209133448274,2.426308816403573,2.127755798714186,23.0,1082.0,67.0,634.0,1,-1,True,True,
0.75,0.9,0.6,0.6,2.628523,2.628523,0.0038445,0.061512,8,19.61302,0.09437,False,3,5,5,3,2.5503947321566054,1.8228819986924378,2.0344930571657525,0.21161105847331463,0.11160568068007058,2.588988389997563,2.390768308537393,2.8692424937405754,2.6656421933305157,1082.0,23.0,375.0,67.0,-1,1,True,True,
0.9,0.75,0.6,0.6,2.628523,2.628523,0.061512,0.0038445,8,19.61302,0.09437,False,5,3,3,5,2.5503947321566054,1.8228819986924378,2.0344930571657525,0.21161105847331463,0.11160568068007058,2.390768308537393,2.588988389997563,2.6656421933305157,2.8692424937405754,23.0,1082.0,67.0,375.0,1,-1,True,True,
0.7,0.9,0.6,0.6,2.628523,2.628523,0.0115335,0.07689,8,19.61302,0.09437,False,3,5,4,3,2.473896212612301,1.5845698075553027,1.7956511758954883,0.21108136834018554,0.11131131638176406,2.2813683057754313,2.1378366585127444,2.3472062428142393,2.566197901690918,360.0,18.0,211.0,53.0,-1,1,True,True,
0.9,0.7,0.6,0.6,2.628523,2.628523,0.07689,0.0115335,8,19.61302,0.09437,False,5,3,3,4,2.473896212612301,1.5845698075553027,1.7956511758954883,0.21108136834018554,0.11131131638176406,2.1378366585127444,2.2813683057754313,2.566197901690918,2.3472062428142393,18.0,360.0,53.0,211.0,1,-1,True,True,
0.7,0.85,0.6,0.6,2.628523,2.628523,0.0115335,0.061512,8,19.61302,0.09437,False,3,5,4,3,2.353075573930284,1.5286115672519371,1.7395968849873091,0.210985317735372,0.11125794660128693,2.2813683057754313,2.0214926419218395,2.3472062428142393,2.426308816403573,360.0,23.0,211.0,67.0,-1,1,True,True,
0.85,0.7,0.6,0.6,2.628523,2.628523,0.061512,0.0115335,8,19.61302,0.09437,False,5,3,3,4,2.353075573930284,1.5286115672519371,1.7395968849873091,0.210985317735372,0.11125794660128693,2.0214926419218395,2.2813683057754313,2.426308816403573,2.3472062428142393,23.0,360.0,67.0,211.0,1,-1,True,True,
0.735,0.9,0.6,0.6,2.628523,2.628523,0.015378,0.07689,8,19.61302,0.09437,False,3,5,4,3,2.5274277646410925,1.6179457500375483,1.8282113596394254,0.21026560960187712,0.11085812785251295,2.358796047616792,2.1378366585127444,2.4248895375657478,2.566197901690918,270.0,18.0,158.0,53.0,-1,1,True,True,
0.9,0.735,0.6,0.6,2.628523,2.628523,0.07689,0.015378,8,19.61302,0.09437,False,5,3,3,4,2.5274277646410925,1.6179457500375483,1.8282113596394254,0.21026560960187712,0.11085812785251295,2.1378366585127444,2.358796047616792,2.566197901690918,2.4248895375657478,18.0,270.0,53.0,158.0,1,-1,True,True,
0.735,0.85,0.6,0.6,2.628523,2.628523,0.015378,0.061512,8,19.61302,0.09437,False,3,5,4,3,2.4066071259590753,1.5619875097341824,1.7721570687312465,0.21016955899706402,0.11080477983602963,2.358796047616792,2.0214926419218395,2.4248895375657478,2.426308816403573,270.0,23.0,158.0,67.0,-1,1,True,True,
0.85,0.735,0.6,0.6,2.628523,2.628523,0.061512,0.015378,8,19.61302,0.09437,False,5,3,3,4,2.4066071259590753,1.5619875097341824,1.7721570687312465,0.21016955899706402,0.11080477983602963,2.0214926419218395,2.358796047616792,2.426308816403573,2.4248895375657478,23.0,270.0,67.0,158.0,1,-1,True,True,
0.65,0.9,0.6,0.6,2.628523,2.628523,0.007689,0.07689,8,19.61302,0.09437,False,3,5,4,3,2.397683016523601,1.532380950299454,1.7421796621955052,0.20979871189605115,0.11059882956443828,2.165359806043735,2.1378366585127444,2.224994123272216,2.566197901690918,541.0,18.0,317.0,53.0,-1,1,True,True,
0.9,0.65,0.6,0.6,2.628523,2.628523,0.07689,0.007689,8,19.61302,0.09437,False,5,3,3,4,2.397683016523601,1.532380950299454,1.7421796621955052,0.20979871189605115,0.11059882956443828,2.1378366585127444,2.165359806043735,2.566197901690918,2.224994123272216,18.0,541.0,53.0,317.0,1,-1,True,True,
0.65,0.85,0.6,0.6,2.628523,2.628523,0.007689,0.061512,8,19.61302,0.09437,False,3,5,4,3,2.276862377841584,1.4764227099960885,1.6861253712873263,0.20970266129123782,0.11054549400053451,2.165359806043735,2.0214926419218395,2.224994123272216,2.426308816403573,541.0,23.0,317.0,67.0,-1,1,True,True,
0.85,0.65,0.6,0.6,2.628523,2.628523,0.061512,0.007689,8,19.61302,0.09437,False,5,3,3,4,2.276862377841584,1.4764227099960885,1.6861253712873263,0.20970266129123782,0.11054549400053451,2.0214926419218395,2.165359806043735,2.426308816403573,2.224994123272216,23.0,541.0,67.0,317.0,1,-1,True,True,
0.6,0.85,0.6,0.6,2.628523,2.628523,0.005126,0.061512,8,19.61302,0.09437,False,3,5,4,3,2.2011595319044424,1.4198589275519582,1.6264343375053372,0.20657540995337897,0.10881037345263504,2.046278458760951,2.0214926419218395,2.0960680669193263,2.426308816403573,811.0,23.0,475.0,67.0,-1,1,True,True,
0.85,0.6,0.6,0.6,2.628523,2.628523,0.061512,0.005126,8,19.61302,0.09437,False,5,3,3,4,2.2011595319044424,1.4198589275519582,1.6264343375053372,0.20657540995337897,0.10881037345263504,2.0214926419218395,2.046278458760951,2.426308816403573,2.0960680669193263,23.0,811.0,67.0,475.0,1,-1,True,True,
0.8,0.9,0.6,0.6,2.628523,2.628523,0.007689,0.061512,8,19.61302,0.09437,False,3,5,5,3,2.6269747483309893,1.8724838527092378,2.0778023998739457,0.20531854716470788,0.10811378110676728,2.7206452336187907,2.390768308537393,2.996237689668199,2.6656421933305157,541.0,23.0,187.0,67.0,-1,1,True,True,
0.9,0.8,0.6,0.6,2.628523,2.628523,0.061512,0.007689,8,19.61302,0.09437,False,5,3,3,5,2.6269747483309893,1.8724838527092378,2.0778023998739457,0.20531854716470788,0.10811378110676728,2.390768308537393,2.7206452336187907,2.6656421933305157,2.996237689668199,23.0,541.0,67.0,187.0,1,-1,True,True,
0.735,0.9,0.6,0.6,2.628523,2.628523,0.0038445,0.061512,8,19.61302,0.09437,False,3,5,5,3,2.5274277646410925,1.7999091873181547,2.0016279548689706,0.20171876755081586,0.10612109225535295,2.530190015923355,2.390768308537393,2.7764772646502527,2.6656421933305157,1082.0,23.0,375.0,67.0,-1,1,True,True,
0.9,0.735,0.6,0.6,2.628523,2.628523,0.061512,0.0038445,8,19.61302,0.09437,False,5,3,3,5,2.5274277646410925,1.7999091873181547,2.0016279548689706,0.20171876755081586,0.10612109225535295,2.390768308537393,2.530190015923355,2.6656421933305157,2.7764772646502527,23.0,1082.0,67.0,375.0,1,-1,True,True,
0.7,0.9,0.6,0.6,2.628523,2.628523,0.015378,0.07689,8,19.61302,0.09437,False,3,5,4,3,2.473896212612301,1.5651120034608041,1.7645482800054326,0.19943627654462848,0.10485945658788932,2.237406970730634,2.1378366585127444,2.2753249837451044,2.566197901690918,270.0,18.0,158.0,53.0,-1,1,True,True,
0.9,0.7,0.6,0.6,2.628523,2.628523,0.07689,0.015378,8,19.61302,0.09437,False,5,3,3,4,2.473896212612301,1.5651120034608041,1.7645482800054326,0.19943627654462848,0.10485945658788932,2.1378366585127444,2.237406970730634,2.566197901690918,2.2753249837451044,18.0,270.0,53.0,158.0,1,-1,True,True,
0.7,0.85,0.6,0.6,2.628523,2.628523,0.015378,0.061512,8,19.61302,0.09437,False,3,5,4,3,2.353075573930284,1.5091537631574383,1.7084939890972535,0.19934022593981515,0.10480639665248974,2.237406970730634,2.0214926419218395,2.2753249837451044,2.426308816403573,270.0,23.0,158.0,67.0,-1,1,True,True,
0.85,0.7,0.6,0.6,2.628523,2.628523,0.061512,0.015378,8,19.61302,0.09437,False,5,3,3,4,2.353075573930284,1.5091537631574383,1.7084939890972535,0.19934022593981515,0.10480639665248974,2.0214926419218395,2.237406970730634,2.426308816403573,2.2753249837451044,23.0,270.0,67.0,158.0,1,-1,True,True,
0.6,0.85,0.6,0.6,2.628523,2.628523,0.007689,0.061512,8,19.61302,0.09437,False,3,5,4,3,2.2011595319044424,1.4031405808217206,1.6006510679106074,0.19751048708888685,0.10379610527194925,2.0123524495715994,2.0214926419218395,2.0427153383591974,2.426308816403573,541.0,23.0,317.0,67.0,-1,1,True,True,
0.85,0.6,0.6,0.6,2.628523,2.628523,0.061512,0.007689,8,19.61302,0.09437,False,5,3,3,4,2.2011595319044424,1.4031405808217206,1.6006510679106074,0.19751048708888685,0.10379610527194925,2.0214926419218395,2.0123524495715994,2.426308816403573,2.0427153383591974,23.0,541.0,67.0,317.0,1,-1,True,True,
0.65,0.9,0.6,0.6,2.628523,2.628523,0.0115335,0.07689,8,19.61302,0.09437,False,3,5,4,3,2.397683016523601,1.5103415004303873,1.7076831421111347,0.19734164168074741,0.1037029237533738,2.1181585229100155,2.1378366585127444,2.1495483585981705,2.566197901690918,360.0,18.0,211.0,53.0,-1,1,True,True,
0.9,0.65,0.6,0.6,2.628523,2.628523,0.07689,0.0115335,8,19.61302,0.09437,False,5,3,3,4,2.397683016523601,1.5103415004303873,1.7076831421111347,0.19734164168074741,0.1037029237533738,2.1378366585127444,2.1181585229100155,2.566197901690918,2.1495483585981705,18.0,360.0,53.0,211.0,1,-1,True,True,
0.65,0.85,0.6,0.6,2.628523,2.628523,0.0115335,0.061512,8,19.61302,0.09437,False,3,5,4,3,2.276862377841584,1.4543832601270215,1.6516288512029558,0.1972455910759343,0.10364991935947976,2.1181585229100155,2.0214926419218395,2.1495483585981705,2.426308816403573,360.0,23.0,211.0,67.0,-1,1,True,True,
0.85,0.65,0.6,0.6,2.628523,2.628523,0.061512,0.0115335,8,19.61302,0.09437,False,5,3,3,4,2.276862377841584,1.4543832601270215,1.6516288512029558,0.1972455910759343,0.10364991935947976,2.0214926419218395,2.1181585229100155,2.426308816403573,2.1495483585981705,23.0,360.0,67.0,211.0,1,-1,True,True,
0.75,0.9,0.6,0.6,2.628523,2.628523,0.005126,0.061512,8,19.61302,0.09437,False,3,5,5,3,2.5503947321566054,1.8126327893957515,2.0090061668840278,0.19637337748827632,0.10316871506749539,2.562588824555199,2.390768308537393,2.7970384617236657,2.6656421933305157,811.0,23.0,281.0,67.0,-1,1,True,True,
0.9,0.75,0.6,0.6,2.628523,2.628523,0.061512,0.005126,8,19.61302,0.09437,False,5,3,3,5,2.5503947321566054,1.8126327893957515,2.0090061668840278,0.19637337748827632,0.10316871506749539,2.390768308537393,2.562588824555199,2.6656421933305157,2.7970384617236657,23.0,811.0,67.0,281.0,1,-1,True,True,
0.8,0.9,0.6,0.6,2.628523,2.628523,0.030756,0.07689,8,19.61302,0.09437,False,3,5,4,3,2.6269747483309893,1.6561447952988733,1.851151973346624,0.1950071780477507,0.10241539815141047,2.4506428669569775,2.1378366585127444,2.4811609745617513,2.566197901690918,135.0,18.0,79.0,53.0,-1,1,True,True,
0.9,0.8,0.6,0.6,2.628523,2.628523,0.07689,0.030756,8,19.61302,0.09437,False,5,3,3,4,2.6269747483309893,1.6561447952988733,1.851151973346624,0.1950071780477507,0.10241539815141047,2.1378366585127444,2.4506428669569775,2.566197901690918,2.4811609745617513,18.0,135.0,53.0,79.0,1,-1,True,True,
0.75,0.9,0.6,0.6,2.628523,2.628523,0.023067,0.07689,8,19.61302,0.09437,False,3,5,4,3,2.5503947321566054,1.6070072923093335,1.8011358332685483,0.19412854095921483,0.10193119299145671,2.3331350584437542,2.1378366585127444,2.360115233174465,2.566197901690918,180.0,18.0,105.0,53.0,-1,1,True,True,
0.9,0.75,0.6,0.6,2.628523,2.628523,0.07689,0.023067,8,19.61302,0.09437,False,5,3,3,4,2.5503947321566054,1.6070072923093335,1.8011358332685483,0.19412854095921483,0.10193119299145671,2.1378366585127444,2.3331350584437542,2.566197901690918,2.360115233174465,18.0,180.0,53.0,105.0,1,-1,True,True,
0.75,0.85,0.6,0.6,2.628523,2.628523,0.023067,0.061512,8,19.61302,0.09437,False,3,5,4,3,2.4295740934745886,1.5510490520059679,1.7450815423603694,0.1940324903544015,0.10187827368342502,2.3331350584437542,2.0214926419218395,2.360115233174465,2.426308816403573,180.0,23.0,105.0,67.0,-1,1,True,True,
0.85,0.75,0.6,0.6,2.628523,2.628523,0.061512,0.023067,8,19.61302,0.09437,False,5,3,3,4,2.4295740934745886,1.5510490520059679,1.7450815423603694,0.1940324903544015,0.10187827368342502,2.0214926419218395,2.3331350584437542,2.426308816403573,2.360115233174465,23.0,180.0,67.0,105.0,1,-1,True,True,
0.735,0.9,0.6,0.6,2.628523,2.628523,0.023067,0.07689,8,19.61302,0.09437,False,3,5,4,3,2.5274277646410925,1.584076668555479,1.773328420231934,0.18925175167645492,0.09924752312811042,2.2802435514437978,2.1378366585127444,2.295390616792948,2.566197901690918,180.0,18.0,105.0,53.0,-1,1,True,True,
0.9,0.735,0.6,0.6,2.628523,2.628523,0.07689,0.023067,8,19.61302,0.09437,False,5,3,3,4,2.5274277646410925,1.584076668555479,1.773328420231934,0.18925175167645492,0.09924752312811042,2.1378366585127444,2.2802435514437978,2.566197901690918,2.295390616792948,18.0,180.0,53.0,105.0,1,-1,True,True,
0.735,0.85,0.6,0.6,2.628523,2.628523,0.023067,0.061512,8,19.61302,0.09437,False,3,5,4,3,2.4066071259590753,1.5281184282521132,1.717274129323755,0.1891557010716418,0.0991947327010408,2.2802435514437978,2.0214926419218395,2.295390616792948,2.426308816403573,180.0,23.0,105.0,67.0,-1,1,True,True,
0.85,0.735,0.6,0.6,2.628523,2.628523,0.061512,0.023067,8,19.61302,0.09437,False,5,3,3,4,2.4066071259590753,1.5281184282521132,1.717274129323755,0.1891557010716418,0.0991947327010408,2.0214926419218395,2.2802435514437978,2.426308816403573,2.295390616792948,23.0,180.0,67.0,105.0,1,-1,True,True,
0.65,0.9,0.6,0.6,2.628523,2.628523,0.015378,0.07689,8,19.61302,0.09437,False,3,5,4,3,2.397683016523601,1.4912780396044583,1.6776758743282107,0.1863978347237525,0.09768006117490846,2.0781615426053515,2.1378366585127444,2.0860044430655584,2.566197901690918,270.0,18.0,158.0,53.0,-1,1,True,True,
0.9,0.65,0.6,0.6,2.628523,2.628523,0.07689,0.015378,8,19.61302,0.09437,False,5,3,3,4,2.397683016523601,1.4912780396044583,1.6776758743282107,0.1863978347237525,0.09768006117490846,2.1378366585127444,2.0781615426053515,2.566197901690918,2.0860044430655584,18.0,270.0,53.0,158.0,1,-1,True,True,
0.65,0.85,0.6,0.6,2.628523,2.628523,0.015378,0.061512,8,19.61302,0.09437,False,3,5,4,3,2.276862377841584,1.4353197993010924,1.6216215834200316,0.18630178411893916,0.09762734602386544,2.0781615426053515,2.0214926419218395,2.0860044430655584,2.426308816403573,270.0,23.0,158.0,67.0,-1,1,True,True,
0.85,0.65,0.6,0.6,2.628523,2.628523,0.061512,0.015378,8,19.61302,0.09437,False,5,3,3,4,2.276862377841584,1.4353197993010924,1.6216215834200316,0.18630178411893916,0.09762734602386544,2.0214926419218395,2.0781615426053515,2.426308816403573,2.0860044430655584,23.0,270.0,67.0,158.0,1,-1,True,True,
0.6,0.85,0.6,0.6,2.628523,2.628523,0.0115335,0.061512,8,19.61302,0.09437,False,3,5,4,3,2.2011595319044424,1.3817857165873515,1.567758307873073,0.18597259128572152,0.09744669536357158,1.9698345341505725,2.0214926419218395,1.9766178171814526,2.426308816403573,360.0,23.0,211.0,67.0,-1,1,True,True,
0.85,0.6,0.6,0.6,2.628523,2.628523,0.061512,0.0115335,8,19.61302,0.09437,False,5,3,3,4,2.2011595319044424,1.3817857165873515,1.567758307873073,0.18597259128572152,0.09744669536357158,2.0214926419218395,1.9698345341505725,2.426308816403573,1.9766178171814526,23.0,360.0,67.0,211.0,1,-1,True,True,
0.7,0.85,0.6,0.6,2.628523,2.628523,0.023067,0.061512,8,19.61302,0.09437,False,3,5,4,3,2.353075573930284,1.4755144700415532,1.6545316309580627,0.17901716091650943,0.09363671717628934,2.163394032584071,2.0214926419218395,2.1557970890124856,2.426308816403573,180.0,23.0,105.0,67.0,-1,1,True,True,
0.85,0.7,0.6,0.6,2.628523,2.628523,0.061512,0.023067,8,19.61302,0.09437,False,5,3,3,4,2.353075573930284,1.4755144700415532,1.6545316309580627,0.17901716091650943,0.09363671717628934,2.0214926419218395,2.163394032584071,2.426308816403573,2.1557970890124856,23.0,180.0,67.0,105.0,1,-1,True,True,
0.6,0.7,0.6,0.6,2.628523,2.628523,0.0038445,0.030756,8,19.61302,0.09437,False,3,5,4,3,1.856295790363206,1.3473812883846166,1.4967339566983546,0.14935266831373806,0.07753533305539152,2.066209133448274,1.862027032149323,2.127755798714186,2.099430564185662,1082.0,46.0,634.0,134.0,-1,1,True,True,
0.7,0.6,0.6,0.6,2.628523,2.628523,0.030756,0.0038445,8,19.61302,0.09437,False,5,3,3,4,1.856295790363206,1.3473812883846166,1.4967339566983546,0.14935266831373806,0.07753533305539152,1.862027032149323,2.066209133448274,2.099430564185662,2.127755798714186,46.0,1082.0,134.0,634.0,1,-1,True,True,
0.65,0.75,0.6,0.6,2.628523,2.628523,0.0038445,0.030756,8,19.61302,0.09437,False,3,5,5,3,2.0434967884924595,1.51665363771578,1.6631163773297875,0.14646273961400746,0.07597945727663506,2.2251629457753332,2.0479176383572764,2.32875288467856,2.265472838058911,1082.0,46.0,375.0,135.0,-1,1,True,True,
0.75,0.65,0.6,0.6,2.628523,2.628523,0.030756,0.0038445,8,19.61302,0.09437,False,5,3,3,5,2.0434967884924595,1.51665363771578,1.6631163773297875,0.14646273961400746,0.07597945727663506,2.0479176383572764,2.2251629457753332,2.265472838058911,2.32875288467856,46.0,1082.0,135.0,375.0,1,-1,True,True,
0.6,0.7,0.6,0.6,2.628523,2.628523,0.005126,0.030756,8,19.61302,0.09437,False,3,5,4,3,1.856295790363206,1.337688453922508,1.4817293886540477,0.14404093473153967,0.0746773396529122,2.046278458760951,1.862027032149323,2.0960680669193263,2.099430564185662,811.0,46.0,475.0,134.0,-1,1,True,True,
0.7,0.6,0.6,0.6,2.628523,2.628523,0.030756,0.005126,8,19.61302,0.09437,False,5,3,3,4,1.856295790363206,1.337688453922508,1.4817293886540477,0.14404093473153967,0.0746773396529122,1.862027032149323,2.046278458760951,2.099430564185662,2.0960680669193263,46.0,811.0,134.0,475.0,1,-1,True,True,
0.65,0.75,0.6,0.6,2.628523,2.628523,0.005126,0.030756,8,19.61302,0.09437,False,3,5,4,3,2.0434967884924595,1.5066571009970073,1.6437302604549853,0.13707315945797793,0.07093979892209645,2.2030298342283343,2.0479176383572764,2.2859347146797724,2.2635972564317637,811.0,46.0,475.0,134.0,-1,1,True,True,
0.75,0.65,0.6,0.6,2.628523,2.628523,0.030756,0.005126,8,19.61302,0.09437,False,5,3,3,4,2.0434967884924595,1.5066571009970073,1.6437302604549853,0.13707315945797793,0.07093979892209645,2.0479176383572764,2.2030298342283343,2.2635972564317637,2.2859347146797724,46.0,811.0,134.0,475.0,1,-1,True,True,
0.6,0.735,0.6,0.6,2.628523,2.628523,0.0038445,0.030756,8,19.61302,0.09437,False,3,5,4,3,1.9339411534922428,1.4127202156096712,1.549117867784223,0.1363976521745518,0.0705781461831579,2.066209133448274,1.9877525403027219,2.127755798714186,2.2123384076298085,1082.0,46.0,634.0,134.0,-1,1,True,True,
0.735,0.6,0.6,0.6,2.628523,2.628523,0.030756,0.0038445,8,19.61302,0.09437,False,5,3,3,4,1.9339411534922428,1.4127202156096712,1.549117867784223,0.1363976521745518,0.0705781461831579,1.9877525403027219,2.066209133448274,2.2123384076298085,2.127755798714186,46.0,1082.0,134.0,634.0,1,-1,True,True,
0.6,0.7,0.6,0.6,2.628523,2.628523,0.007689,0.030756,8,19.61302,0.09437,False,3,5,4,3,1.856295790363206,1.3209701071922706,1.455946119059318,0.13497601186704733,0.06981742805960135,2.0123524495715994,1.862027032149323,2.0427153383591974,2.099430564185662,541.0,46.0,317.0,134.0,-1,1,True,True,
0.7,0.6,0.6,0.6,2.628523,2.628523,0.030756,0.007689,8,19.61302,0.09437,False,5,3,3,4,1.856295790363206,1.3209701071922706,1.455946119059318,0.13497601186704733,0.06981742805960135,1.862027032149323,2.0123524495715994,2.099430564185662,2.0427153383591974,46.0,541.0,134.0,317.0,1,-1,True,True,
0.6,0.735,0.6,0.6,2.628523,2.628523,0.005126,0.030756,8,19.61302,0.09437,False,3,5,4,3,1.9339411534922428,1.4030273811475626,1.534113299739916,0.1310859185923534,0.06773860562725419,2.046278458760951,1.9877525403027219,2.0960680669193263,2.2123384076298085,811.0,46.0,475.0,134.0,-1,1,True,True,
0.735,0.6,0.6,0.6,2.628523,2.628523,0.030756,0.005126,8,19.61302,0.09437,False,5,3,3,4,1.9339411534922428,1.4030273811475626,1.534113299739916,0.1310859185923534,0.06773860562725419,1.9877525403027219,2.046278458760951,2.2123384076298085,2.0960680669193263,46.0,811.0,134.0,475.0,1,-1,True,True,
0.6,0.75,0.6,0.6,2.628523,2.628523,0.0038445,0.030756,8,19.61302,0.09437,False,3,5,4,3,1.9677939425553177,1.4425390825547795,1.5720230628989933,0.12948398034421382,0.06688372238481466,2.066209133448274,2.0479176383572764,2.127755798714186,2.2635972564317637,1082.0,46.0,634.0,134.0,-1,1,True,True,
0.75,0.6,0.6,0.6,2.628523,2.628523,0.030756,0.0038445,8,19.61302,0.09437,False,5,3,3,4,1.9677939425553177,1.4425390825547795,1.5720230628989933,0.12948398034421382,0.06688372238481466,2.0479176383572764,2.066209133448274,2.2635972564317637,2.127755798714186,46.0,1082.0,134.0,634.0,1,-1,True,True,
0.65,0.75,0.6,0.6,2.628523,2.628523,0.007689,0.030756,8,19.61302,0.09437,False,3,5,4,3,2.0434967884924595,1.489410030536801,1.6167095286366755,0.1272994980998745,0.06571906427018108,2.165359806043735,2.0479176383572764,2.224994123272216,2.2635972564317637,541.0,46.0,317.0,134.0,-1,1,True,True,
0.75,0.65,0.6,0.6,2.628523,2.628523,0.030756,0.007689,8,19.61302,0.09437,False,5,3,3,4,2.0434967884924595,1.489410030536801,1.6167095286366755,0.1272994980998745,0.06571906427018108,2.0479176383572764,2.165359806043735,2.2635972564317637,2.224994123272216,46.0,541.0,134.0,317.0,1,-1,True,True,
0.6,0.75,0.6,0.6,2.628523,2.628523,0.005126,0.030756,8,19.61302,0.09437,False,3,5,4,3,1.9677939425553177,1.432846248092671,1.5570184948546864,0.12417224676201544,0.06405398070837014,2.046278458760951,2.0479176383572764,2.0960680669193263,2.2635972564317637,811.0,46.0,475.0,134.0,-1,1,True,True,
0.75,0.6,0.6,0.6,2.628523,2.628523,0.030756,0.005126,8,19.61302,0.09437,False,5,3,3,4,1.9677939425553177,1.432846248092671,1.5570184948546864,0.12417224676201544,0.06405398070837014,2.0479176383572764,2.046278458760951,2.2635972564317637,2.0960680669193263,46.0,811.0,134.0,475.0,1,-1,True,True,
0.6,0.7,0.6,0.6,2.628523,2.628523,0.0115335,0.030756,8,19.61302,0.09437,False,3,5,4,3,1.856295790363206,1.2996152429579013,1.4230533590217838,0.12343811606388244,0.06366347503745065,1.9698345341505725,1.862027032149323,1.9766178171814526,2.099430564185662,360.0,46.0,211.0,134.0,-1,1,True,True,
0.7,0.6,0.6,0.6,2.628523,2.628523,0.030756,0.0115335,8,19.61302,0.09437,False,5,3,3,4,1.856295790363206,1.2996152429579013,1.4230533590217838,0.12343811606388244,0.06366347503745065,1.862027032149323,1.9698345341505725,2.099430564185662,1.9766178171814526,46.0,360.0,134.0,211.0,1,-1,True,True,
0.6,0.735,0.6,0.6,2.628523,2.628523,0.007689,0.030756,8,19.61302,0.09437,False,3,5,4,3,1.9339411534922428,1.3863090344173252,1.5083300301451863,0.12202099572786107,0.06291007241393698,2.0123524495715994,1.9877525403027219,2.0427153383591974,2.2123384076298085,541.0,46.0,317.0,134.0,-1,1,True,True,
0.735,0.6,0.6,0.6,2.628523,2.628523,0.030756,0.007689,8,19.61302,0.09437,False,5,3,3,4,1.9339411534922428,1.3863090344173252,1.5083300301451863,0.12202099572786107,0.06291007241393698,1.9877525403027219,2.0123524495715994,2.2123384076298085,2.0427153383591974,46.0,541.0,134.0,317.0,1,-1,True,True,
0.6,0.75,0.6,0.6,2.628523,2.628523,0.007689,0.030756,8,19.61302,0.09437,False,3,5,4,3,1.9677939425553177,1.4161279013624333,1.5312352252599566,0.11510732389752332,0.059242110125499944,2.0123524495715994,2.0479176383572764,2.0427153383591974,2.2635972564317637,541.0,46.0,317.0,134.0,-1,1,True,True,
0.75,0.6,0.6,0.6,2.628523,2.628523,0.030756,0.007689,8,19.61302,0.09437,False,5,3,3,4,1.9677939425553177,1.4161279013624333,1.5312352252599566,0.11510732389752332,0.059242110125499944,2.0479176383572764,2.0123524495715994,2.2635972564317637,2.0427153383591974,46.0,541.0,134.0,317.0,1,-1,True,True,
0.65,0.75,0.6,0.6,2.628523,2.628523,0.0115335,0.030756,8,19.61302,0.09437,False,3,5,4,3,2.0434967884924595,1.4673705806677342,1.582213008552305,0.11484242788457077,0.05910182491009174,2.1181585229100155,2.0479176383572764,2.1495483585981705,2.2635972564317637,360.0,46.0,211.0,134.0,-1,1,True,True,
0.75,0.65,0.6,0.6,2.628523,2.628523,0.030756,0.0115335,8,19.61302,0.09437,False,5,3,3,4,2.0434967884924595,1.4673705806677342,1.582213008552305,0.11484242788457077,0.05910182491009174,2.0479176383572764,2.1181585229100155,2.2635972564317637,2.1495483585981705,46.0,360.0,134.0,211.0,1,-1,True,True,
0.6,0.735,0.6,0.6,2.628523,2.628523,0.0115335,0.030756,8,19.61302,0.09437,False,3,5,4,3,1.9339411534922428,1.3649541701829562,1.4754372701076521,0.11048309992469596,0.056795852846332526,1.9698345341505725,1.9877525403027219,1.9766178171814526,2.2123384076298085,360.0,46.0,211.0,134.0,-1,1,True,True,
0.735,0.6,0.6,0.6,2.628523,2.628523,0.030756,0.0115335,8,19.61302,0.09437,False,5,3,3,4,1.9339411534922428,1.3649541701829562,1.4754372701076521,0.11048309992469596,0.056795852846332526,1.9877525403027219,1.9698345341505725,2.2123384076298085,1.9766178171814526,46.0,360.0,134.0,211.0,1,-1,True,True,
0.6,0.7,0.6,0.6,2.628523,2.628523,0.0038445,0.023067,8,19.61302,0.09437,False,3,5,4,3,1.856295790363206,1.4213849251381196,1.526226101797472,0.10484117665935244,0.05381887323870342,2.066209133448274,2.0050506720981156,2.127755798714186,2.162269345611719,1082.0,62.0,634.0,179.0,-1,1,True,True,
0.7,0.6,0.6,0.6,2.628523,2.628523,0.023067,0.0038445,8,19.61302,0.09437,False,5,3,3,4,1.856295790363206,1.4213849251381196,1.526226101797472,0.10484117665935244,0.05381887323870342,2.0050506720981156,2.066209133448274,2.162269345611719,2.127755798714186,62.0,1082.0,179.0,634.0,1,-1,True,True,
0.65,0.75,0.6,0.6,2.628523,2.628523,0.015378,0.030756,8,19.61302,0.09437,False,3,5,4,3,2.0434967884924595,1.4483071198418052,1.552205740769381,0.10389862092757585,0.05332234873878398,2.0781615426053515,2.0479176383572764,2.0860044430655584,2.2635972564317637,270.0,46.0,158.0,134.0,-1,1,True,True,
0.75,0.65,0.6,0.6,2.628523,2.628523,0.030756,0.015378,8,19.61302,0.09437,False,5,3,3,4,2.0434967884924595,1.4483071198418052,1.552205740769381,0.10389862092757585,0.05332234873878398,2.0479176383572764,2.0781615426053515,2.2635972564317637,2.0860044430655584,46.0,270.0,134.0,158.0,1,-1,True,True,
0.6,0.75,0.6,0.6,2.628523,2.628523,0.0115335,0.030756,8,19.61302,0.09437,False,3,5,4,3,1.9677939425553177,1.394773037128064,1.4983424652224224,0.10356942809435843,0.05314898992215909,1.9698345341505725,2.0479176383572764,1.9766178171814526,2.2635972564317637,360.0,46.0,211.0,134.0,-1,1,True,True,
0.75,0.6,0.6,0.6,2.628523,2.628523,0.030756,0.0115335,8,19.61302,0.09437,False,5,3,3,4,1.9677939425553177,1.394773037128064,1.4983424652224224,0.10356942809435843,0.05314898992215909,2.0479176383572764,1.9698345341505725,2.2635972564317637,1.9766178171814526,46.0,360.0,134.0,211.0,1,-1,True,True,
0.6,0.7,0.6,0.6,2.628523,2.628523,0.005126,0.023067,8,19.61302,0.09437,False,3,5,4,3,1.856295790363206,1.411692090676011,1.5112215337531651,0.09952944307715406,0.05102378402470585,2.046278458760951,2.0050506720981156,2.0960680669193263,2.162269345611719,811.0,62.0,475.0,179.0,-1,1,True,True,
0.7,0.6,0.6,0.6,2.628523,2.628523,0.023067,0.005126,8,19.61302,0.09437,False,5,3,3,4,1.856295790363206,1.411692090676011,1.5112215337531651,0.09952944307715406,0.05102378402470585,2.0050506720981156,2.046278458760951,2.162269345611719,2.0960680669193263,62.0,811.0,179.0,475.0,1,-1,True,True,
0.6,0.7,0.6,0.6,2.628523,2.628523,0.007689,0.023067,8,19.61302,0.09437,False,3,5,4,3,1.856295790363206,1.3949737439457734,1.4854382641584354,0.09046452021266194,0.0462708386667283,2.0123524495715994,2.0050506720981156,2.0427153383591974,2.162269345611719,541.0,62.0,317.0,179.0,-1,1,True,True,
0.7,0.6,0.6,0.6,2.628523,2.628523,0.023067,0.007689,8,19.61302,0.09437,False,5,3,3,4,1.856295790363206,1.3949737439457734,1.4854382641584354,0.09046452021266194,0.0462708386667283,2.0050506720981156,2.0123524495715994,2.162269345611719,2.0427153383591974,62.0,541.0,179.0,317.0,1,-1,True,True,
0.6,0.7,0.6,0.6,2.628523,2.628523,0.0115335,0.023067,8,19.61302,0.09437,False,3,5,4,3,1.856295790363206,1.3736188797114042,1.4525455041209012,0.07892662440949705,0.0402523336202368,1.9698345341505725,2.0050506720981156,1.9766178171814526,2.162269345611719,360.0,62.0,211.0,179.0,-1,1,True,True,
0.7,0.6,0.6,0.6,2.628523,2.628523,0.023067,0.0115335,8,19.61302,0.09437,False,5,3,3,4,1.856295790363206,1.3736188797114042,1.4525455041209012,0.07892662440949705,0.0402523336202368,2.0050506720981156,1.9698345341505725,2.162269345611719,1.9766178171814526,62.0,360.0,179.0,211.0,1,-1,True,True,
