{
  "async_speculative": false,
  "batch_size": 1,
  "calibration_schema_version": 1,
  "dataset": "gsm",
  "draft_model": "0.6",
  "draft_temperature": null,
  "f": null,
  "fan_out_list_hit": null,
  "fan_out_list_miss": null,
  "gpus": 1,
  "input_len": 128,
  "k": 4,
  "metric_stats": {
    "accepted_suffix_lens_on_hit": null,
    "accepted_suffix_lens_on_miss": null,
    "accepted_suffix_lens_with_recovery": {
      "count": 22,
      "max": 5.0,
      "mean": 3.090909090909091,
      "min": 1.0,
      "p50": 3.0,
      "p90": 5.0,
      "p95": 5.0,
      "p99": 5.0,
      "sum": 68.0
    },
    "cache_hits": null,
    "target_step_times_ms": {
      "count": 23,
      "max": 5587.59773010388,
      "mean": 338.1654976097786,
      "min": 95.68682685494423,
      "p50": 96.13176295533776,
      "p90": 97.29898497462273,
      "p95": 163.57632684521366,
      "p99": 4395.9308584779565,
      "sum": 7777.806445024908
    },
    "target_verify_times_ms": {
      "count": 22,
      "max": 135.49512112513185,
      "mean": 67.56858991205014,
      "min": 64.16314095258713,
      "p50": 64.29137545637786,
      "p90": 64.53043888323009,
      "p95": 64.63719743769616,
      "p99": 120.61607423704112,
      "sum": 1486.5089780651033
    }
  },
  "metrics_accepted_suffix_tokens_per_target_verify_second": 45.74476239525401,
  "metrics_avg_accepted_suffix_lens_with_recovery": 3.090909090909091,
  "metrics_avg_target_step_time_ms": 338.1654976097786,
  "metrics_avg_target_verify_time_ms": 67.56858991205014,
  "metrics_decode_throughput": 31.04907874011368,
  "metrics_decode_tokens_per_target_verify_second": 45.74476239525401,
  "metrics_decode_total_time": 2.190081083215773,
  "metrics_decode_total_tokens": 68,
  "metrics_prefill_throughput": 45.81602674738473,
  "metrics_prefill_total_time": 5.58756439993158,
  "metrics_prefill_total_tokens": 256,
  "metrics_spec_steps": 22,
  "metrics_target_verify_total_time": 1.4865089780651033,
  "metrics_total_accepted_suffix_lens_with_recovery": 68,
  "mode": "CUDA Graphs + Speculative(k=4) + JIT",
  "model_name": "Qwen3-8B",
  "numseqs": 2,
  "official_end_to_end_throughput": 8.22589441032065,
  "official_total_time": 7.780308961868286,
  "official_total_tokens": 64,
  "output_len": 32,
  "random_mode": false,
  "raw_metrics": {
    "accepted_suffix_lens_on_hit": [],
    "accepted_suffix_lens_on_miss": [],
    "accepted_suffix_lens_with_recovery": [
      3.0,
      1.0,
      2.0,
      5.0,
      5.0,
      5.0,
      5.0,
      5.0,
      5.0,
      2.0,
      4.0,
      5.0,
      5.0,
      1.0,
      1.0,
      1.0,
      5.0,
      3.0,
      1.0,
      1.0,
      1.0,
      2.0
    ],
    "cache_hits": [],
    "decode_total_time": 2.190081083215773,
    "decode_total_tokens": 68.0,
    "prefill_total_time": 5.58756439993158,
    "prefill_total_tokens": 256.0,
    "target_step_times": [
      5.58759773010388,
      0.17093013180419803,
      0.09739208221435547,
      0.09569916687905788,
      0.09595298487693071,
      0.09585790475830436,
      0.09578328626230359,
      0.09568682685494423,
      0.09665195876732469,
      0.09642044128850102,
      0.095928855240345,
      0.09692659601569176,
      0.09614219283685088,
      0.09613176295533776,
      0.09594600507989526,
      0.09580837609246373,
      0.09605897404253483,
      0.09642380103468895,
      0.09610385308042169,
      0.09613520326092839,
      0.09590292535722256,
      0.09618017310276628,
      0.09614521311596036
    ],
    "target_verify_times": [
      0.13549512112513185,
      0.06447923928499222,
      0.0642036609351635,
      0.06435164017602801,
      0.06424931017681956,
      0.06424038065597415,
      0.06416314095258713,
      0.06427230965346098,
      0.06464251689612865,
      0.06431142007932067,
      0.06453612772747874,
      0.06429198989644647,
      0.06429076101630926,
      0.0642677703872323,
      0.06420079059898853,
      0.06444588908925653,
      0.06443623872473836,
      0.06444861926138401,
      0.06439789896830916,
      0.06425648089498281,
      0.06427584029734135,
      0.06425183126702905
    ]
  },
  "run_name": "qwen_size8_spec_jit_b1_k4_f3_draft0.6_temp0.0_gsm",
  "shape": {
    "backup": "jit",
    "f": null,
    "fan_out_list_hit": null,
    "fan_out_list_miss": null,
    "k": 4,
    "mode": "sync_sd"
  },
  "speculative_decoding": true,
  "temperature": 0.0
}