{
  "async_speculative": false,
  "batch_size": 1,
  "calibration_schema_version": 1,
  "dataset": "gsm",
  "draft_model": null,
  "draft_temperature": null,
  "f": null,
  "fan_out_list_hit": null,
  "fan_out_list_miss": null,
  "gpus": 1,
  "input_len": 128,
  "k": null,
  "metric_stats": {
    "accepted_suffix_lens_on_hit": null,
    "accepted_suffix_lens_on_miss": null,
    "accepted_suffix_lens_with_recovery": null,
    "cache_hits": null,
    "target_step_times_ms": {
      "count": 63,
      "max": 955.8715890161693,
      "mean": 74.67983399207394,
      "min": 60.258775018155575,
      "p50": 60.39418512955308,
      "p90": 60.70282021537423,
      "p95": 60.87023485451937,
      "p99": 401.74559077248205,
      "sum": 4704.829541500658
    },
    "target_verify_times_ms": null
  },
  "metrics_avg_target_step_time_ms": 74.67983399207394,
  "metrics_decode_throughput": 16.539323264877886,
  "metrics_decode_total_time": 3.7486418886110187,
  "metrics_decode_total_tokens": 62,
  "metrics_prefill_throughput": 269.9157410103164,
  "metrics_prefill_total_time": 0.955853849183768,
  "metrics_prefill_total_tokens": 258,
  "mode": "CUDA Graphs + JIT",
  "model_name": "Qwen3-8B",
  "numseqs": 2,
  "official_end_to_end_throughput": 13.593737659514153,
  "official_total_time": 4.70805025100708,
  "official_total_tokens": 64,
  "output_len": 32,
  "random_mode": false,
  "raw_metrics": {
    "accepted_suffix_lens_on_hit": [],
    "accepted_suffix_lens_on_miss": [],
    "accepted_suffix_lens_with_recovery": [],
    "cache_hits": [],
    "decode_total_time": 3.7486418886110187,
    "decode_total_tokens": 62.0,
    "prefill_total_time": 0.955853849183768,
    "prefill_total_tokens": 258.0,
    "target_step_times": [
      0.9558715890161693,
      0.062119978945702314,
      0.060910279862582684,
      0.06061381194740534,
      0.06031690491363406,
      0.06031940504908562,
      0.06028222618624568,
      0.06036457512527704,
      0.06051244307309389,
      0.060273366048932076,
      0.06029154499992728,
      0.060484022833406925,
      0.060698451939970255,
      0.060671542305499315,
      0.06057095201686025,
      0.060703912284225225,
      0.06041354360058904,
      0.06043118378147483,
      0.060601162258535624,
      0.060412044171243906,
      0.06039418512955308,
      0.06045726267620921,
      0.06066684192046523,
      0.060304234735667706,
      0.060334774665534496,
      0.060304324608296156,
      0.06030248524621129,
      0.060299704782664776,
      0.06031296541914344,
      0.06033499492332339,
      0.060384843964129686,
      0.060425813775509596,
      0.060495743062347174,
      0.060414083767682314,
      0.060394704807549715,
      0.06039222376421094,
      0.06038915412500501,
      0.060404613614082336,
      0.060452223755419254,
      0.06033194484189153,
      0.06033429503440857,
      0.060258775018155575,
      0.06027488503605127,
      0.060263015795499086,
      0.060271325055509806,
      0.060374594293534756,
      0.0605737529695034,
      0.06039402401074767,
      0.06056682299822569,
      0.06080755079165101,
      0.06052269320935011,
      0.06087719975039363,
      0.06072071101516485,
      0.06052293302491307,
      0.06067458214238286,
      0.060346724931150675,
      0.06032347492873669,
      0.060321825090795755,
      0.06031102500855923,
      0.060316464863717556,
      0.060327463783323765,
      0.060333484783768654,
      0.06045185402035713
    ],
    "target_verify_times": []
  },
  "run_name": "qwen_size8_normal_jit_b1_k6_f3_nodraft_temp0.0_gsm",
  "shape": {
    "backup": null,
    "f": null,
    "fan_out_list_hit": null,
    "fan_out_list_miss": null,
    "k": null,
    "mode": "ar"
  },
  "speculative_decoding": false,
  "temperature": 0.0
}