alpha1,alpha2,r1,r2,a1,a2,b1,b2,capacity,t_v_base,t_v_slope,continuous_budget,k1_gs,k2_gs,k1_ssd,k2_ssd,gs_utility_gs_model,gs_utility_ssd_model,ssd_utility,utility_gap_abs,utility_gap_pct,gs_mu1_ssd_model,gs_mu2_ssd_model,ssd_mu1,ssd_mu2,gs_budget1_ssd_model,gs_budget2_ssd_model,ssd_budget1,ssd_budget2,gs_order,ssd_order,reversal,valid,invalid_reason
0.55,0.8,0.8,0.8,0.1,0.1,0.005,0.2,10,10.0,1.0,False,3,7,7,3,2.1283293085145445,0.9393666206270728,1.547349672600233,0.6079830519731602,0.35525757157016286,1.9910711180612373,1.2849166808163648,2.119341106106695,2.2171984317020397,1313.0,13.0,551.0,32.0,-1,1,True,True,
0.8,0.55,0.8,0.8,0.1,0.1,0.2,0.005,10,10.0,1.0,False,7,3,3,7,2.1283293085145445,0.9393666206270728,1.547349672600233,0.6079830519731602,0.35525757157016286,1.2849166808163648,1.9910711180612373,2.2171984317020397,2.119341106106695,13.0,1313.0,32.0,551.0,1,-1,True,True,
0.55,0.8,0.8,0.8,0.1,0.1,0.01,0.2,10,10.0,1.0,False,3,7,7,3,2.1283293085145445,0.9291146196266364,1.518623347172683,0.5895087275460467,0.3427964787120709,1.97076293260724,1.2849166808163648,2.059326352439506,2.2171984317020397,656.0,13.0,275.0,32.0,-1,1,True,True,
0.8,0.55,0.8,0.8,0.1,0.1,0.2,0.01,10,10.0,1.0,False,7,3,3,7,2.1283293085145445,0.9291146196266364,1.518623347172683,0.5895087275460467,0.3427964787120709,1.2849166808163648,1.97076293260724,2.2171984317020397,2.059326352439506,13.0,656.0,32.0,275.0,1,-1,True,True,
0.6,0.85,0.8,0.8,0.1,0.1,0.005,0.2,10,10.0,1.0,False,3,7,7,3,2.356480057859565,1.1558142718171964,1.7405095585698653,0.5846952867526689,0.339568628862245,2.144720477429173,1.4811296023466032,2.3539361370850633,2.421581113785148,1313.0,13.0,551.0,32.0,-1,1,True,True,
0.85,0.6,0.8,0.8,0.1,0.1,0.2,0.005,10,10.0,1.0,False,7,3,3,7,2.356480057859565,1.1558142718171964,1.7405095585698653,0.5846952867526689,0.339568628862245,1.4811296023466032,2.144720477429173,2.421581113785148,2.3539361370850633,13.0,1313.0,32.0,551.0,1,-1,True,True,
0.5,0.8,0.8,0.8,0.1,0.1,0.005,0.2,10,10.0,1.0,False,3,7,7,3,2.0543975423603786,0.866165657272024,1.4506220694454384,0.5844564121734144,0.3394086439702151,1.850529438015135,1.2849166808163648,1.9239447550019673,2.2171984317020397,1313.0,13.0,551.0,32.0,-1,1,True,True,
0.8,0.5,0.8,0.8,0.1,0.1,0.2,0.005,10,10.0,1.0,False,7,3,3,7,2.0543975423603786,0.866165657272024,1.4506220694454384,0.5844564121734144,0.3394086439702151,1.2849166808163648,1.850529438015135,2.2171984317020397,1.9239447550019673,13.0,1313.0,32.0,551.0,1,-1,True,True,
0.5,0.8,0.8,0.8,0.1,0.1,0.01,0.2,10,10.0,1.0,False,3,7,7,3,2.0543975423603786,0.8564557889741431,1.4249526677299684,0.5684968787558253,0.3287630068039563,1.8326479946114869,1.2849166808163648,1.8751867163155262,2.2171984317020397,656.0,13.0,275.0,32.0,-1,1,True,True,
0.8,0.5,0.8,0.8,0.1,0.1,0.2,0.01,10,10.0,1.0,False,7,3,3,7,2.0543975423603786,0.8564557889741431,1.4249526677299684,0.5684968787558253,0.3287630068039563,1.2849166808163648,1.8326479946114869,2.2171984317020397,1.8751867163155262,13.0,656.0,32.0,275.0,1,-1,True,True,
0.6,0.85,0.8,0.8,0.1,0.1,0.01,0.2,10,10.0,1.0,False,3,7,7,3,2.356480057859565,1.1451079014235424,1.70862264615165,0.5635147447281077,0.3254570884501014,2.121880788858512,1.4811296023466032,2.2800604745072786,2.421581113785148,656.0,13.0,275.0,32.0,-1,1,True,True,
0.85,0.6,0.8,0.8,0.1,0.1,0.2,0.01,10,10.0,1.0,False,7,3,3,7,2.356480057859565,1.1451079014235424,1.70862264615165,0.5635147447281077,0.3254570884501014,1.4811296023466032,2.121880788858512,2.421581113785148,2.2800604745072786,13.0,656.0,32.0,275.0,1,-1,True,True,
0.55,0.8,0.8,0.8,0.1,0.1,0.02,0.2,10,10.0,1.0,False,3,7,6,3,2.1283293085145445,0.9113585946345601,1.4690342015967168,0.5576756069621567,0.32159296870560106,1.9360788536599576,1.2849166808163648,1.973948800426509,2.201190164368427,328.0,13.0,153.0,31.0,-1,1,True,True,
0.8,0.55,0.8,0.8,0.1,0.1,0.2,0.02,10,10.0,1.0,False,7,3,3,6,2.1283293085145445,0.9113585946345601,1.4690342015967168,0.5576756069621567,0.32159296870560106,1.2849166808163648,1.9360788536599576,2.201190164368427,1.973948800426509,13.0,328.0,31.0,153.0,1,-1,True,True,
0.55,0.85,0.8,0.8,0.1,0.1,0.005,0.2,10,10.0,1.0,False,3,7,7,3,2.281532154442409,1.0814777856953033,1.6355259209999766,0.5540481353046733,0.31919812065461906,1.9910711180612373,1.4811296023466032,2.119341106106695,2.421581113785148,1313.0,13.0,551.0,32.0,-1,1,True,True,
0.85,0.55,0.8,0.8,0.1,0.1,0.2,0.005,10,10.0,1.0,False,7,3,3,7,2.281532154442409,1.0814777856953033,1.6355259209999766,0.5540481353046733,0.31919812065461906,1.4811296023466032,1.9910711180612373,2.421581113785148,2.119341106106695,13.0,1313.0,32.0,551.0,1,-1,True,True,
0.5,0.8,0.8,0.8,0.1,0.1,0.02,0.2,10,10.0,1.0,False,3,7,6,3,2.0543975423603786,0.8396426433644997,1.3811768112231033,0.5415341678586036,0.3109696889130963,1.8020929995922343,1.2849166808163648,1.8079228929103834,2.201190164368427,328.0,13.0,153.0,31.0,-1,1,True,True,
0.8,0.5,0.8,0.8,0.1,0.1,0.2,0.02,10,10.0,1.0,False,7,3,3,6,2.0543975423603786,0.8396426433644997,1.3811768112231033,0.5415341678586036,0.3109696889130963,1.2849166808163648,1.8020929995922343,2.201190164368427,1.8079228929103834,13.0,328.0,31.0,153.0,1,-1,True,True,
0.55,0.85,0.8,0.8,0.1,0.1,0.01,0.2,10,10.0,1.0,False,3,7,7,3,2.281532154442409,1.071225784694867,1.6067995955724268,0.5355738108775598,0.30706858113051794,1.97076293260724,1.4811296023466032,2.059326352439506,2.421581113785148,656.0,13.0,275.0,32.0,-1,1,True,True,
0.85,0.55,0.8,0.8,0.1,0.1,0.2,0.01,10,10.0,1.0,False,7,3,3,7,2.281532154442409,1.071225784694867,1.6067995955724268,0.5355738108775598,0.30706858113051794,1.4811296023466032,1.97076293260724,2.421581113785148,2.059326352439506,13.0,656.0,32.0,275.0,1,-1,True,True,
0.6,0.85,0.8,0.8,0.1,0.1,0.02,0.2,10,10.0,1.0,False,3,7,6,4,2.356480057859565,1.126560005274088,1.6571550180329215,0.5305950127588335,0.30381881249788073,2.0828871076122693,1.4811296023466032,2.17982814448223,2.4058637270406074,328.0,13.0,161.0,24.0,-1,1,True,True,
0.85,0.6,0.8,0.8,0.1,0.1,0.2,0.02,10,10.0,1.0,False,7,3,4,6,2.356480057859565,1.126560005274088,1.6571550180329215,0.5305950127588335,0.30381881249788073,1.4811296023466032,2.0828871076122693,2.4058637270406074,2.17982814448223,13.0,328.0,24.0,161.0,1,-1,True,True,
0.5,0.85,0.8,0.8,0.1,0.1,0.005,0.2,10,10.0,1.0,False,3,7,7,3,2.2076003882882427,1.0082768223402545,1.538798317845182,0.5305214955049276,0.3037708867893849,1.850529438015135,1.4811296023466032,1.9239447550019673,2.421581113785148,1313.0,13.0,551.0,32.0,-1,1,True,True,
0.85,0.5,0.8,0.8,0.1,0.1,0.2,0.005,10,10.0,1.0,False,7,3,3,7,2.2076003882882427,1.0082768223402545,1.538798317845182,0.5305214955049276,0.3037708867893849,1.4811296023466032,1.850529438015135,2.421581113785148,1.9239447550019673,13.0,1313.0,32.0,551.0,1,-1,True,True,
0.5,0.85,0.8,0.8,0.1,0.1,0.01,0.2,10,10.0,1.0,False,3,7,7,3,2.2076003882882427,0.9985669540423734,1.5131289161297121,0.5145619620873387,0.29340849897654375,1.8326479946114869,1.4811296023466032,1.8751867163155262,2.421581113785148,656.0,13.0,275.0,32.0,-1,1,True,True,
0.85,0.5,0.8,0.8,0.1,0.1,0.2,0.01,10,10.0,1.0,False,7,3,3,7,2.2076003882882427,0.9985669540423734,1.5131289161297121,0.5145619620873387,0.29340849897654375,1.4811296023466032,1.8326479946114869,2.421581113785148,1.8751867163155262,13.0,656.0,32.0,275.0,1,-1,True,True,
0.55,0.85,0.8,0.8,0.1,0.1,0.02,0.2,10,10.0,1.0,False,3,7,6,4,2.281532154442409,1.0534697597027904,1.5620117463605832,0.5085419866577927,0.28952120856754104,1.9360788536599576,1.4811296023466032,1.981992732627951,2.4058637270406074,328.0,13.0,161.0,24.0,-1,1,True,True,
0.85,0.55,0.8,0.8,0.1,0.1,0.2,0.02,10,10.0,1.0,False,7,3,4,6,2.281532154442409,1.0534697597027904,1.5620117463605832,0.5085419866577927,0.28952120856754104,1.4811296023466032,1.9360788536599576,2.4058637270406074,1.981992732627951,13.0,328.0,24.0,161.0,1,-1,True,True,
0.65,0.9,0.8,0.8,0.1,0.1,0.005,0.2,10,10.0,1.0,False,3,7,6,4,2.5928373469942754,1.4711633598375786,1.9730586970176418,0.5018953371800632,0.28524282400216494,2.3123219154074417,1.8830846093785107,2.6129826944834393,2.7526561915758636,1313.0,13.0,646.0,24.0,-1,1,True,True,
0.9,0.65,0.8,0.8,0.1,0.1,0.2,0.005,10,10.0,1.0,False,7,3,4,6,2.5928373469942754,1.4711633598375786,1.9730586970176418,0.5018953371800632,0.28524282400216494,1.8830846093785107,2.3123219154074417,2.7526561915758636,2.6129826944834393,13.0,1313.0,24.0,646.0,1,-1,True,True,
0.55,0.8,0.8,0.8,0.1,0.1,0.05,0.2,10,10.0,1.0,False,3,7,5,3,2.1283293085145445,0.8665739742483896,1.364481672474788,0.49790769822639835,0.2826828347534864,1.8512851948836204,1.2849166808163648,1.8063477693942838,2.1666336998777607,131.0,13.0,70.0,29.0,-1,1,True,True,
0.8,0.55,0.8,0.8,0.1,0.1,0.2,0.05,10,10.0,1.0,False,7,3,3,5,2.1283293085145445,0.8665739742483896,1.364481672474788,0.49790769822639835,0.2826828347534864,1.2849166808163648,1.8512851948836204,2.1666336998777607,1.8063477693942838,13.0,131.0,29.0,70.0,1,-1,True,True,
0.5,0.85,0.8,0.8,0.1,0.1,0.02,0.2,10,10.0,1.0,False,3,7,6,4,2.2076003882882427,0.98175380843273,1.4737572107834036,0.49200340235067364,0.2789017491760016,1.8020929995922343,1.4811296023466032,1.814569471216466,2.4058637270406074,328.0,13.0,161.0,24.0,-1,1,True,True,
0.85,0.5,0.8,0.8,0.1,0.1,0.2,0.02,10,10.0,1.0,False,7,3,4,6,2.2076003882882427,0.98175380843273,1.4737572107834036,0.49200340235067364,0.2789017491760016,1.4811296023466032,1.8020929995922343,2.4058637270406074,1.814569471216466,13.0,328.0,24.0,161.0,1,-1,True,True,
0.5,0.8,0.8,0.8,0.1,0.1,0.05,0.2,10,10.0,1.0,False,3,7,5,3,2.0543975423603786,0.7972599531563824,1.2868220089398592,0.4895620557834768,0.2773415804003329,1.7273113674434641,1.2849166808163648,1.6713761621249483,2.1666336998777607,131.0,13.0,70.0,29.0,-1,1,True,True,
0.8,0.5,0.8,0.8,0.1,0.1,0.2,0.05,10,10.0,1.0,False,7,3,3,5,2.0543975423603786,0.7972599531563824,1.2868220089398592,0.4895620557834768,0.2773415804003329,1.2849166808163648,1.7273113674434641,2.1666336998777607,1.6713761621249483,13.0,131.0,29.0,70.0,1,-1,True,True,
0.65,0.9,0.8,0.8,0.1,0.1,0.01,0.2,10,10.0,1.0,False,3,7,6,4,2.5928373469942754,1.4601142098510944,1.9443114337371263,0.4841972238860319,0.2739198103301427,2.2869133537485338,1.8830846093785107,2.538936012064679,2.7526561915758636,656.0,13.0,323.0,24.0,-1,1,True,True,
0.9,0.65,0.8,0.8,0.1,0.1,0.2,0.01,10,10.0,1.0,False,7,3,4,6,2.5928373469942754,1.4601142098510944,1.9443114337371263,0.4841972238860319,0.2739198103301427,1.8830846093785107,2.2869133537485338,2.7526561915758636,2.538936012064679,13.0,656.0,24.0,323.0,1,-1,True,True,
0.6,0.9,0.8,0.8,0.1,0.1,0.005,0.2,10,10.0,1.0,False,3,7,6,4,2.517134501057134,1.3959204122876605,1.8644023177624591,0.4684819054747986,0.2639490074926973,2.144720477429173,1.8830846093785107,2.3439463527662108,2.7526561915758636,1313.0,13.0,646.0,24.0,-1,1,True,True,
0.9,0.6,0.8,0.8,0.1,0.1,0.2,0.005,10,10.0,1.0,False,7,3,4,6,2.517134501057134,1.3959204122876605,1.8644023177624591,0.4684819054747986,0.2639490074926973,1.8830846093785107,2.144720477429173,2.7526561915758636,2.3439463527662108,13.0,1313.0,24.0,646.0,1,-1,True,True,
0.6,0.85,0.8,0.8,0.1,0.1,0.05,0.2,10,10.0,1.0,False,3,7,5,4,2.356480057859565,1.0797487391794296,1.5458520735402577,0.46610333436082807,0.26244670470389625,1.9876314380220301,1.4811296023466032,1.9796041123774109,2.3701546165480147,131.0,13.0,74.0,23.0,-1,1,True,True,
0.85,0.6,0.8,0.8,0.1,0.1,0.2,0.05,10,10.0,1.0,False,7,3,4,5,2.356480057859565,1.0797487391794296,1.5458520735402577,0.46610333436082807,0.26244670470389625,1.4811296023466032,1.9876314380220301,2.3701546165480147,1.9796041123774109,13.0,131.0,23.0,74.0,1,-1,True,True,
0.65,0.9,0.8,0.8,0.1,0.1,0.02,0.2,10,10.0,1.0,False,3,7,6,4,2.5928373469942754,1.4409668798376867,1.8943420397355535,0.4533751598978668,0.25443789516212345,2.243541620568002,1.8830846093785107,2.415184559604082,2.7526561915758636,328.0,13.0,161.0,24.0,-1,1,True,True,
0.9,0.65,0.8,0.8,0.1,0.1,0.2,0.02,10,10.0,1.0,False,7,3,4,6,2.5928373469942754,1.4409668798376867,1.8943420397355535,0.4533751598978668,0.25443789516212345,1.8830846093785107,2.243541620568002,2.7526561915758636,2.415184559604082,13.0,328.0,24.0,161.0,1,-1,True,True,
0.55,0.85,0.8,0.8,0.1,0.1,0.05,0.2,10,10.0,1.0,False,3,7,5,4,2.281532154442409,1.00868513931662,1.4618886298897649,0.4532034905731448,0.2543302255298987,1.8512851948836204,1.4811296023466032,1.820176433403905,2.3701546165480147,131.0,13.0,74.0,23.0,-1,1,True,True,
0.85,0.55,0.8,0.8,0.1,0.1,0.2,0.05,10,10.0,1.0,False,7,3,4,5,2.281532154442409,1.00868513931662,1.4618886298897649,0.4532034905731448,0.2543302255298987,1.4811296023466032,1.8512851948836204,2.3701546165480147,1.820176433403905,13.0,131.0,23.0,74.0,1,-1,True,True,
0.6,0.9,0.8,0.8,0.1,0.1,0.01,0.2,10,10.0,1.0,False,3,7,6,4,2.517134501057134,1.3852140418940064,1.8378797804318407,0.4526657385378343,0.25399301155044113,2.121880788858512,1.8830846093785107,2.282596126293539,2.7526561915758636,656.0,13.0,323.0,24.0,-1,1,True,True,
0.9,0.6,0.8,0.8,0.1,0.1,0.2,0.01,10,10.0,1.0,False,7,3,4,6,2.517134501057134,1.3852140418940064,1.8378797804318407,0.4526657385378343,0.25399301155044113,1.8830846093785107,2.121880788858512,2.7526561915758636,2.282596126293539,13.0,656.0,24.0,323.0,1,-1,True,True,
0.5,0.85,0.8,0.8,0.1,0.1,0.05,0.2,10,10.0,1.0,False,3,7,5,4,2.2076003882882427,0.9393711182246127,1.3835622302282495,0.4441911120036368,0.24869069205363972,1.7273113674434641,1.4811296023466032,1.6830490146397834,2.3701546165480147,131.0,13.0,74.0,23.0,-1,1,True,True,
0.85,0.5,0.8,0.8,0.1,0.1,0.2,0.05,10,10.0,1.0,False,7,3,4,5,2.2076003882882427,0.9393711182246127,1.3835622302282495,0.4441911120036368,0.24869069205363972,1.4811296023466032,1.7273113674434641,2.3701546165480147,1.6830490146397834,13.0,131.0,23.0,74.0,1,-1,True,True,
0.55,0.9,0.8,0.8,0.1,0.1,0.005,0.2,10,10.0,1.0,False,3,7,6,4,2.442186597639978,1.3215839261657671,1.7628349890280897,0.4412510628623225,0.24685643458725717,1.9910711180612373,1.8830846093785107,2.117568837082626,2.7526561915758636,1313.0,13.0,646.0,24.0,-1,1,True,True,
0.9,0.55,0.8,0.8,0.1,0.1,0.2,0.005,10,10.0,1.0,False,7,3,4,6,2.442186597639978,1.3215839261657671,1.7628349890280897,0.4412510628623225,0.24685643458725717,1.8830846093785107,1.9910711180612373,2.7526561915758636,2.117568837082626,13.0,1313.0,24.0,646.0,1,-1,True,True,
0.55,0.9,0.8,0.8,0.1,0.1,0.01,0.2,10,10.0,1.0,False,3,7,6,4,2.442186597639978,1.311331925165331,1.7386501990041037,0.42731827383877263,0.2382005260077678,1.97076293260724,1.8830846093785107,2.0669702043058558,2.7526561915758636,656.0,13.0,323.0,24.0,-1,1,True,True,
0.9,0.55,0.8,0.8,0.1,0.1,0.2,0.01,10,10.0,1.0,False,7,3,4,6,2.442186597639978,1.311331925165331,1.7386501990041037,0.42731827383877263,0.2382005260077678,1.8830846093785107,1.97076293260724,2.7526561915758636,2.0669702043058558,13.0,656.0,24.0,323.0,1,-1,True,True,
0.6,0.9,0.8,0.8,0.1,0.1,0.02,0.2,10,10.0,1.0,False,3,7,6,4,2.517134501057134,1.366666145744552,1.7918123742419496,0.4251462284973977,0.23685654209626097,2.0828871076122693,1.8830846093785107,2.17982814448223,2.7526561915758636,328.0,13.0,161.0,24.0,-1,1,True,True,
0.9,0.6,0.8,0.8,0.1,0.1,0.2,0.02,10,10.0,1.0,False,7,3,4,6,2.517134501057134,1.366666145744552,1.7918123742419496,0.4251462284973977,0.23685654209626097,1.8830846093785107,2.0828871076122693,2.7526561915758636,2.17982814448223,13.0,328.0,24.0,161.0,1,-1,True,True,
0.55,0.9,0.8,0.8,0.1,0.1,0.02,0.2,10,10.0,1.0,False,3,7,6,4,2.442186597639978,1.2935759001732545,1.696669102569611,0.4030932023963565,0.22329324266536635,1.9360788536599576,1.8830846093785107,1.981992732627951,2.7526561915758636,328.0,13.0,161.0,24.0,-1,1,True,True,
0.9,0.55,0.8,0.8,0.1,0.1,0.2,0.02,10,10.0,1.0,False,7,3,4,6,2.442186597639978,1.2935759001732545,1.696669102569611,0.4030932023963565,0.22329324266536635,1.8830846093785107,1.9360788536599576,2.7526561915758636,1.981992732627951,13.0,328.0,24.0,161.0,1,-1,True,True,
0.7,0.8,0.8,0.8,0.1,0.1,0.005,0.2,10,10.0,1.0,False,4,6,7,3,2.394041848285459,1.5100800653648563,1.8894149450250841,0.37933487966022783,0.20884751626745326,2.7092359038927802,1.6709852533224343,2.9837190142858523,2.2171984317020397,980.0,16.0,551.0,32.0,-1,1,True,True,
0.8,0.7,0.8,0.8,0.1,0.1,0.2,0.005,10,10.0,1.0,False,6,4,3,7,2.394041848285459,1.5100800653648563,1.8894149450250841,0.37933487966022783,0.20884751626745326,1.6709852533224343,2.7092359038927802,2.2171984317020397,2.9837190142858523,16.0,980.0,32.0,551.0,1,-1,True,True,
0.65,0.9,0.8,0.8,0.1,0.1,0.05,0.2,10,10.0,1.0,False,3,7,5,4,2.5928373469942754,1.3926098534934146,1.7718175263163323,0.3792076728229177,0.20877063187786687,2.137631994085884,1.8830846093785107,2.166242321204405,2.715085674887813,131.0,13.0,74.0,23.0,-1,1,True,True,
0.9,0.65,0.8,0.8,0.1,0.1,0.2,0.05,10,10.0,1.0,False,7,3,4,5,2.5928373469942754,1.3926098534934146,1.7718175263163323,0.3792076728229177,0.20877063187786687,1.8830846093785107,2.137631994085884,2.715085674887813,2.166242321204405,13.0,131.0,23.0,74.0,1,-1,True,True,
0.65,0.75,0.8,0.8,0.1,0.1,0.005,0.2,10,10.0,1.0,False,4,6,7,3,2.169510818426761,1.3133600917476262,1.6853996582270554,0.37203956647942915,0.20444608798761718,2.4693801731433425,1.5059032957193021,2.6377973189412773,2.0451178950361495,980.0,16.0,551.0,32.0,-1,1,True,True,
0.75,0.65,0.8,0.8,0.1,0.1,0.2,0.005,10,10.0,1.0,False,6,4,3,7,2.169510818426761,1.3133600917476262,1.6853996582270554,0.37203956647942915,0.20444608798761718,1.5059032957193021,2.4693801731433425,2.0451178950361495,2.6377973189412773,16.0,980.0,32.0,551.0,1,-1,True,True,
0.75,0.95,0.8,0.8,0.1,0.1,0.005,0.2,10,10.0,1.0,False,3,7,6,4,2.9127144660333193,2.0162745006653178,2.3797560287292816,0.36348152806396383,0.19930325103859522,2.693012813790112,2.7888070637028313,3.3179406997250345,3.2557143352451194,1313.0,13.0,646.0,24.0,-1,1,True,True,
0.95,0.75,0.8,0.8,0.1,0.1,0.2,0.005,10,10.0,1.0,False,7,3,4,6,2.9127144660333193,2.0162745006653178,2.3797560287292816,0.36348152806396383,0.19930325103859522,2.7888070637028313,2.693012813790112,3.2557143352451194,3.3179406997250345,13.0,1313.0,24.0,646.0,1,-1,True,True,
0.6,0.9,0.8,0.8,0.1,0.1,0.05,0.2,10,10.0,1.0,False,3,7,5,4,2.517134501057134,1.3198548796498937,1.6817203904875193,0.36186551083762564,0.19833459507583606,1.9876314380220301,1.8830846093785107,1.9796041123774109,2.715085674887813,131.0,13.0,74.0,23.0,-1,1,True,True,
0.9,0.6,0.8,0.8,0.1,0.1,0.2,0.05,10,10.0,1.0,False,7,3,4,5,2.517134501057134,1.3198548796498937,1.6817203904875193,0.36186551083762564,0.19833459507583606,1.8830846093785107,1.9876314380220301,2.715085674887813,1.9796041123774109,13.0,131.0,23.0,74.0,1,-1,True,True,
0.75,0.85,0.8,0.8,0.1,0.1,0.005,0.2,10,10.0,1.0,False,4,6,7,3,2.626006189881766,1.749332226690862,2.110567304316614,0.36123507762575224,0.19795691963991147,2.979397843859451,1.9301756563160681,3.4080716223236034,2.421581113785148,980.0,16.0,551.0,32.0,-1,1,True,True,
0.85,0.75,0.8,0.8,0.1,0.1,0.2,0.005,10,10.0,1.0,False,6,4,3,7,2.626006189881766,1.749332226690862,2.110567304316614,0.36123507762575224,0.19795691963991147,1.9301756563160681,2.979397843859451,2.421581113785148,3.4080716223236034,16.0,980.0,32.0,551.0,1,-1,True,True,
0.7,0.8,0.8,0.8,0.1,0.1,0.01,0.2,10,10.0,1.0,False,4,6,7,3,2.394041848285459,1.4928861993825548,1.851456513528979,0.35857031414642426,0.19636184657436204,2.663051843889373,1.6709852533224343,2.8725843135865583,2.2171984317020397,490.0,16.0,275.0,32.0,-1,1,True,True,
0.8,0.7,0.8,0.8,0.1,0.1,0.2,0.01,10,10.0,1.0,False,6,4,3,7,2.394041848285459,1.4928861993825548,1.851456513528979,0.35857031414642426,0.19636184657436204,1.6709852533224343,2.663051843889373,2.2171984317020397,2.8725843135865583,16.0,490.0,32.0,275.0,1,-1,True,True,
0.65,0.75,0.8,0.8,0.1,0.1,0.01,0.2,10,10.0,1.0,False,4,6,7,3,2.169510818426761,1.296744918961462,1.6503710869771333,0.35362616801567137,0.19340800523708546,2.428689968370644,1.5059032957193021,2.546998606186068,2.0451178950361495,490.0,16.0,275.0,32.0,-1,1,True,True,
0.75,0.65,0.8,0.8,0.1,0.1,0.2,0.01,10,10.0,1.0,False,6,4,3,7,2.169510818426761,1.296744918961462,1.6503710869771333,0.35362616801567137,0.19340800523708546,1.5059032957193021,2.428689968370644,2.0451178950361495,2.546998606186068,16.0,490.0,32.0,275.0,1,-1,True,True,
0.6,0.7,0.8,0.8,0.1,0.1,0.005,0.2,10,10.0,1.0,False,4,6,7,3,1.9533698400180048,1.1460193760350765,1.4965534714781792,0.35053409544310266,0.19156437868064802,2.2566571967047633,1.393940703132431,2.3539361370850633,1.8973621748770204,980.0,16.0,551.0,32.0,-1,1,True,True,
0.7,0.6,0.8,0.8,0.1,0.1,0.2,0.005,10,10.0,1.0,False,6,4,3,7,1.9533698400180048,1.1460193760350765,1.4965534714781792,0.35053409544310266,0.19156437868064802,1.393940703132431,2.2566571967047633,1.8973621748770204,2.3539361370850633,16.0,980.0,32.0,551.0,1,-1,True,True,
0.55,0.9,0.8,0.8,0.1,0.1,0.05,0.2,10,10.0,1.0,False,3,7,5,4,2.442186597639978,1.248791279787084,1.5977569468370265,0.3489656670499426,0.1906303032842116,1.8512851948836204,1.8830846093785107,1.820176433403905,2.715085674887813,131.0,13.0,74.0,23.0,-1,1,True,True,
0.9,0.55,0.8,0.8,0.1,0.1,0.2,0.05,10,10.0,1.0,False,7,3,4,5,2.442186597639978,1.248791279787084,1.5977569468370265,0.3489656670499426,0.1906303032842116,1.8830846093785107,1.8512851948836204,2.715085674887813,1.820176433403905,13.0,131.0,23.0,74.0,1,-1,True,True,
0.65,0.8,0.8,0.8,0.1,0.1,0.005,0.2,10,10.0,1.0,False,4,6,7,3,2.3005670517578816,1.4173806016143677,1.7661886512401932,0.34880804962582546,0.19053647494076587,2.4693801731433425,1.6709852533224343,2.6377973189412773,2.2171984317020397,980.0,16.0,551.0,32.0,-1,1,True,True,
0.8,0.65,0.8,0.8,0.1,0.1,0.2,0.005,10,10.0,1.0,False,6,4,3,7,2.3005670517578816,1.4173806016143677,1.7661886512401932,0.34880804962582546,0.19053647494076587,1.6709852533224343,2.4693801731433425,2.2171984317020397,2.6377973189412773,16.0,980.0,32.0,551.0,1,-1,True,True,
0.6,0.75,0.8,0.8,0.1,0.1,0.005,0.2,10,10.0,1.0,False,4,6,7,3,2.078360733207351,1.2232775164553964,1.571544317156984,0.34826680070158766,0.19021433023968642,2.2566571967047633,1.5059032957193021,2.3539361370850633,2.0451178950361495,980.0,16.0,551.0,32.0,-1,1,True,True,
0.75,0.6,0.8,0.8,0.1,0.1,0.2,0.005,10,10.0,1.0,False,6,4,3,7,2.078360733207351,1.2232775164553964,1.571544317156984,0.34826680070158766,0.19021433023968642,1.5059032957193021,2.2566571967047633,2.0451178950361495,2.3539361370850633,16.0,980.0,32.0,551.0,1,-1,True,True,
0.75,0.95,0.8,0.8,0.1,0.1,0.01,0.2,10,10.0,1.0,False,3,7,6,4,2.9127144660333193,2.0049947466369202,2.3475706470077387,0.3425759003708184,0.18683244844672425,2.6628069691679808,2.7888070637028313,3.2128517474336955,3.2557143352451194,656.0,13.0,323.0,24.0,-1,1,True,True,
0.95,0.75,0.8,0.8,0.1,0.1,0.2,0.01,10,10.0,1.0,False,7,3,4,6,2.9127144660333193,2.0049947466369202,2.3475706470077387,0.3425759003708184,0.18683244844672425,2.7888070637028313,2.6628069691679808,3.2557143352451194,3.2128517474336955,13.0,656.0,24.0,323.0,1,-1,True,True,
0.75,0.85,0.8,0.8,0.1,0.1,0.01,0.2,10,10.0,1.0,False,4,6,7,3,2.626006189881766,1.731852434354281,2.0701825525783057,0.3383301182240248,0.18431560487389045,2.927771115019676,1.9301756563160681,3.2731796187532853,2.421581113785148,490.0,16.0,275.0,32.0,-1,1,True,True,
0.85,0.75,0.8,0.8,0.1,0.1,0.2,0.01,10,10.0,1.0,False,6,4,3,7,2.626006189881766,1.731852434354281,2.0701825525783057,0.3383301182240248,0.18431560487389045,1.9301756563160681,2.927771115019676,2.421581113785148,3.2731796187532853,16.0,490.0,32.0,275.0,1,-1,True,True,
0.6,0.7,0.8,0.8,0.1,0.1,0.01,0.2,10,10.0,1.0,False,4,6,7,3,1.9533698400180048,1.1301972337863524,1.464666559059964,0.3344693252736115,0.1820316114204275,2.2212330276574193,1.393940703132431,2.2800604745072786,1.8973621748770204,490.0,16.0,275.0,32.0,-1,1,True,True,
0.7,0.6,0.8,0.8,0.1,0.1,0.2,0.01,10,10.0,1.0,False,6,4,3,7,1.9533698400180048,1.1301972337863524,1.464666559059964,0.3344693252736115,0.1820316114204275,1.393940703132431,2.2212330276574193,1.8973621748770204,2.2800604745072786,16.0,490.0,32.0,275.0,1,-1,True,True,
0.55,0.7,0.8,0.8,0.1,0.1,0.005,0.2,10,10.0,1.0,False,4,6,7,3,1.864897512124684,1.0588224984848456,1.39156983390829,0.3327473354234445,0.18101432620325475,2.068218738990794,1.393940703132431,2.119341106106695,1.8973621748770204,980.0,16.0,551.0,32.0,-1,1,True,True,
0.7,0.55,0.8,0.8,0.1,0.1,0.2,0.005,10,10.0,1.0,False,6,4,3,7,1.864897512124684,1.0588224984848456,1.39156983390829,0.3327473354234445,0.18101432620325475,1.393940703132431,2.068218738990794,1.8973621748770204,2.119341106106695,16.0,980.0,32.0,551.0,1,-1,True,True,
0.6,0.75,0.8,0.8,0.1,0.1,0.01,0.2,10,10.0,1.0,False,4,6,7,3,2.078360733207351,1.2074553742066723,1.5396574047387688,0.3322020305320965,0.18069236365277236,2.2212330276574193,1.5059032957193021,2.2800604745072786,2.0451178950361495,490.0,16.0,275.0,32.0,-1,1,True,True,
0.75,0.6,0.8,0.8,0.1,0.1,0.2,0.01,10,10.0,1.0,False,6,4,3,7,2.078360733207351,1.2074553742066723,1.5396574047387688,0.3322020305320965,0.18069236365277236,1.5059032957193021,2.2212330276574193,2.0451178950361495,2.2800604745072786,16.0,490.0,32.0,275.0,1,-1,True,True,
0.55,0.75,0.8,0.8,0.1,0.1,0.005,0.2,10,10.0,1.0,False,4,6,7,3,1.9898884053140302,1.1360806389051654,1.466560679587095,0.3304800406819295,0.179676231024873,2.068218738990794,1.5059032957193021,2.119341106106695,2.0451178950361495,980.0,16.0,551.0,32.0,-1,1,True,True,
0.75,0.55,0.8,0.8,0.1,0.1,0.2,0.005,10,10.0,1.0,False,6,4,3,7,1.9898884053140302,1.1360806389051654,1.466560679587095,0.3304800406819295,0.179676231024873,1.5059032957193021,2.068218738990794,2.0451178950361495,2.119341106106695,16.0,980.0,32.0,551.0,1,-1,True,True,
0.65,0.8,0.8,0.8,0.1,0.1,0.01,0.2,10,10.0,1.0,False,4,6,7,3,2.3005670517578816,1.4007654288282039,1.7311600799902709,0.330394651162067,0.1796258661065595,2.428689968370644,1.6709852533224343,2.546998606186068,2.2171984317020397,490.0,16.0,275.0,32.0,-1,1,True,True,
0.8,0.65,0.8,0.8,0.1,0.1,0.2,0.01,10,10.0,1.0,False,6,4,3,7,2.3005670517578816,1.4007654288282039,1.7311600799902709,0.330394651162067,0.1796258661065595,1.6709852533224343,2.428689968370644,2.2171984317020397,2.546998606186068,16.0,490.0,32.0,275.0,1,-1,True,True,
0.6,0.8,0.8,0.8,0.1,0.1,0.005,0.2,10,10.0,1.0,False,4,6,7,3,2.209416966538472,1.3272980263221381,1.6523333101701216,0.3250352838479835,0.17646907344358326,2.2566571967047633,1.6709852533224343,2.3539361370850633,2.2171984317020397,980.0,16.0,551.0,32.0,-1,1,True,True,
0.8,0.6,0.8,0.8,0.1,0.1,0.2,0.005,10,10.0,1.0,False,6,4,3,7,2.209416966538472,1.3272980263221381,1.6523333101701216,0.3250352838479835,0.17646907344358326,1.6709852533224343,2.2566571967047633,2.2171984317020397,2.3539361370850633,16.0,980.0,32.0,551.0,1,-1,True,True,
0.7,0.85,0.8,0.8,0.1,0.1,0.005,0.2,10,10.0,1.0,False,4,6,7,3,2.5305743125317504,1.6542776532624937,1.9775911934248278,0.32331354016233416,0.1754567201600413,2.7092359038927802,1.9301756563160681,2.9837190142858523,2.421581113785148,980.0,16.0,551.0,32.0,-1,1,True,True,
0.85,0.7,0.8,0.8,0.1,0.1,0.2,0.005,10,10.0,1.0,False,6,4,3,7,2.5305743125317504,1.6542776532624937,1.9775911934248278,0.32331354016233416,0.1754567201600413,1.9301756563160681,2.7092359038927802,2.421581113785148,2.9837190142858523,16.0,980.0,32.0,551.0,1,-1,True,True,
0.7,0.8,0.8,0.8,0.1,0.1,0.02,0.2,10,10.0,1.0,False,4,6,7,3,2.394041848285459,1.4630893229436026,1.7855297647682127,0.32244044182461007,0.1749436874959613,2.584871762546586,1.6709852533224343,2.689311824437254,2.2171984317020397,245.0,16.0,137.0,32.0,-1,1,True,True,
0.8,0.7,0.8,0.8,0.1,0.1,0.2,0.02,10,10.0,1.0,False,6,4,3,7,2.394041848285459,1.4630893229436026,1.7855297647682127,0.32244044182461007,0.1749436874959613,1.6709852533224343,2.584871762546586,2.2171984317020397,2.689311824437254,16.0,245.0,32.0,137.0,1,-1,True,True,
0.55,0.65,0.8,0.8,0.1,0.1,0.005,0.2,10,10.0,1.0,False,4,6,7,3,1.7464260993368665,0.9991798771430322,1.3213372974944073,0.32215742035137507,0.17477743211299795,2.068218738990794,1.313233153779242,2.119341106106695,1.7686774362475854,980.0,16.0,551.0,32.0,-1,1,True,True,
0.65,0.55,0.8,0.8,0.1,0.1,0.2,0.005,10,10.0,1.0,False,6,4,3,7,1.7464260993368665,0.9991798771430322,1.3213372974944073,0.32215742035137507,0.17477743211299795,1.313233153779242,2.068218738990794,1.7686774362475854,2.119341106106695,16.0,980.0,32.0,551.0,1,-1,True,True,
0.65,0.75,0.8,0.8,0.1,0.1,0.02,0.2,10,10.0,1.0,False,4,6,7,3,2.169510818426761,1.2679645600724714,1.5896019033636468,0.32163734329117544,0.17447198443216103,2.35978767182958,1.5059032957193021,2.396828643861572,2.0451178950361495,245.0,16.0,137.0,32.0,-1,1,True,True,
0.75,0.65,0.8,0.8,0.1,0.1,0.2,0.02,10,10.0,1.0,False,6,4,3,7,2.169510818426761,1.2679645600724714,1.5896019033636468,0.32163734329117544,0.17447198443216103,1.5059032957193021,2.35978767182958,2.0451178950361495,2.396828643861572,16.0,245.0,32.0,137.0,1,-1,True,True,
0.5,0.7,0.8,0.8,0.1,0.1,0.005,0.2,10,10.0,1.0,False,4,6,7,3,1.7794273760002493,0.9747673004672297,1.2948422307534957,0.320074930286266,0.17355483756816195,1.901479992246884,1.393940703132431,1.9239447550019673,1.8973621748770204,980.0,16.0,551.0,32.0,-1,1,True,True,
0.7,0.5,0.8,0.8,0.1,0.1,0.2,0.005,10,10.0,1.0,False,6,4,3,7,1.7794273760002493,0.9747673004672297,1.2948422307534957,0.320074930286266,0.17355483756816195,1.393940703132431,1.901479992246884,1.8973621748770204,1.9239447550019673,16.0,980.0,32.0,551.0,1,-1,True,True,
0.55,0.7,0.8,0.8,0.1,0.1,0.01,0.2,10,10.0,1.0,False,4,6,7,3,1.864897512124684,1.0439454046846848,1.3628435084807404,0.31889810379605565,0.17286450547807009,2.037677401286632,1.393940703132431,2.059326352439506,1.8973621748770204,490.0,16.0,275.0,32.0,-1,1,True,True,
0.7,0.55,0.8,0.8,0.1,0.1,0.2,0.01,10,10.0,1.0,False,6,4,3,7,1.864897512124684,1.0439454046846848,1.3628435084807404,0.31889810379605565,0.17286450547807009,1.393940703132431,2.037677401286632,1.8973621748770204,2.059326352439506,16.0,490.0,32.0,275.0,1,-1,True,True,
0.7,0.95,0.8,0.8,0.1,0.1,0.005,0.2,10,10.0,1.0,False,3,7,6,4,2.836215946489015,1.9398091296196458,2.256740983087517,0.3169318534678711,0.17171199949031127,2.494766657936468,2.7888070637028313,2.9338902527046766,3.2557143352451194,1313.0,13.0,646.0,24.0,-1,1,True,True,
0.95,0.7,0.8,0.8,0.1,0.1,0.2,0.005,10,10.0,1.0,False,7,3,4,6,2.836215946489015,1.9398091296196458,2.256740983087517,0.3169318534678711,0.17171199949031127,2.7888070637028313,2.494766657936468,3.2557143352451194,2.9338902527046766,13.0,1313.0,24.0,646.0,1,-1,True,True,
0.55,0.75,0.8,0.8,0.1,0.1,0.01,0.2,10,10.0,1.0,False,4,6,7,3,1.9898884053140302,1.1212035451050046,1.4378343541595453,0.31663080905454066,0.17153564408760702,2.037677401286632,1.5059032957193021,2.059326352439506,2.0451178950361495,490.0,16.0,275.0,32.0,-1,1,True,True,
0.75,0.55,0.8,0.8,0.1,0.1,0.2,0.01,10,10.0,1.0,False,6,4,3,7,1.9898884053140302,1.1212035451050046,1.4378343541595453,0.31663080905454066,0.17153564408760702,1.5059032957193021,2.037677401286632,2.0451178950361495,2.059326352439506,16.0,490.0,32.0,275.0,1,-1,True,True,
0.5,0.65,0.8,0.8,0.1,0.1,0.005,0.2,10,10.0,1.0,False,4,6,7,3,1.6609559632124316,0.9151246791254162,1.224609694339613,0.3094850152141968,0.16735733676853043,1.901479992246884,1.313233153779242,1.9239447550019673,1.7686774362475854,980.0,16.0,551.0,32.0,-1,1,True,True,
0.65,0.5,0.8,0.8,0.1,0.1,0.2,0.005,10,10.0,1.0,False,6,4,3,7,1.6609559632124316,0.9151246791254162,1.224609694339613,0.3094850152141968,0.16735733676853043,1.313233153779242,1.901479992246884,1.7686774362475854,1.9239447550019673,16.0,980.0,32.0,551.0,1,-1,True,True,
0.6,0.8,0.8,0.8,0.1,0.1,0.01,0.2,10,10.0,1.0,False,4,6,7,3,2.209416966538472,1.3114758840734142,1.6204463977519064,0.30897051367849215,0.16705707182063878,2.2212330276574193,1.6709852533224343,2.2800604745072786,2.2171984317020397,490.0,16.0,275.0,32.0,-1,1,True,True,
0.8,0.6,0.8,0.8,0.1,0.1,0.2,0.01,10,10.0,1.0,False,6,4,3,7,2.209416966538472,1.3114758840734142,1.6204463977519064,0.30897051367849215,0.16705707182063878,1.6709852533224343,2.2212330276574193,2.2171984317020397,2.2800604745072786,16.0,490.0,32.0,275.0,1,-1,True,True,
0.55,0.65,0.8,0.8,0.1,0.1,0.01,0.2,10,10.0,1.0,False,4,6,7,3,1.7464260993368665,0.9843027833428712,1.2926109720668575,0.30830818872398624,0.16667065029732508,2.037677401286632,1.313233153779242,2.059326352439506,1.7686774362475854,490.0,16.0,275.0,32.0,-1,1,True,True,
0.65,0.55,0.8,0.8,0.1,0.1,0.2,0.01,10,10.0,1.0,False,6,4,3,7,1.7464260993368665,0.9843027833428712,1.2926109720668575,0.30830818872398624,0.16667065029732508,1.313233153779242,2.037677401286632,1.7686774362475854,2.059326352439506,16.0,490.0,32.0,275.0,1,-1,True,True,
0.5,0.7,0.8,0.8,0.1,0.1,0.01,0.2,10,10.0,1.0,False,4,6,7,3,1.7794273760002493,0.9609367338326026,1.2691728290380255,0.30823609520542294,0.16662859635919147,1.8753624728775729,1.393940703132431,1.8751867163155262,1.8973621748770204,490.0,16.0,275.0,32.0,-1,1,True,True,
0.7,0.5,0.8,0.8,0.1,0.1,0.2,0.01,10,10.0,1.0,False,6,4,3,7,1.7794273760002493,0.9609367338326026,1.2691728290380255,0.30823609520542294,0.16662859635919147,1.393940703132431,1.8753624728775729,1.8973621748770204,1.8751867163155262,16.0,490.0,32.0,275.0,1,-1,True,True,
0.6,0.7,0.8,0.8,0.1,0.1,0.02,0.2,10,10.0,1.0,False,4,6,7,3,1.9533698400180048,1.1028023618139735,1.409400140756664,0.3065977789426906,0.16567333436693046,2.161208568311209,1.393940703132431,2.157468509883118,1.8973621748770204,245.0,16.0,137.0,32.0,-1,1,True,True,
0.7,0.6,0.8,0.8,0.1,0.1,0.2,0.02,10,10.0,1.0,False,6,4,3,7,1.9533698400180048,1.1028023618139735,1.409400140756664,0.3065977789426906,0.16567333436693046,1.393940703132431,2.161208568311209,1.8973621748770204,2.157468509883118,16.0,245.0,32.0,137.0,1,-1,True,True,
0.75,0.95,0.8,0.8,0.1,0.1,0.02,0.2,10,10.0,1.0,False,3,7,6,4,2.9127144660333193,1.9854350825635891,2.2915220701152528,0.30608698755166364,0.16537566442838683,2.6112294234624,2.7888070637028313,3.0377294979690377,3.2557143352451194,328.0,13.0,161.0,24.0,-1,1,True,True,
0.95,0.75,0.8,0.8,0.1,0.1,0.2,0.02,10,10.0,1.0,False,7,3,4,6,2.9127144660333193,1.9854350825635891,2.2915220701152528,0.30608698755166364,0.16537566442838683,2.7888070637028313,2.6112294234624,3.2557143352451194,3.0377294979690377,13.0,328.0,24.0,161.0,1,-1,True,True,
0.6,0.75,0.8,0.8,0.1,0.1,0.02,0.2,10,10.0,1.0,False,4,6,7,3,2.078360733207351,1.1800605022342934,1.484390986435469,0.3043304842011756,0.1643526206095462,2.161208568311209,1.5059032957193021,2.157468509883118,2.0451178950361495,245.0,16.0,137.0,32.0,-1,1,True,True,
0.75,0.6,0.8,0.8,0.1,0.1,0.2,0.02,10,10.0,1.0,False,6,4,3,7,2.078360733207351,1.1800605022342934,1.484390986435469,0.3043304842011756,0.1643526206095462,1.5059032957193021,2.161208568311209,2.0451178950361495,2.157468509883118,16.0,245.0,32.0,137.0,1,-1,True,True,
0.5,0.6,0.8,0.8,0.1,0.1,0.005,0.2,10,10.0,1.0,False,4,6,8,2,1.5492963239382853,0.8669943412365266,1.1703491931125938,0.30335485187606714,0.16378476909713408,1.901479992246884,1.2515237575820028,1.9182997099826424,1.680195183190069,980.0,16.0,480.0,49.0,-1,1,True,True,
0.6,0.5,0.8,0.8,0.1,0.1,0.2,0.005,10,10.0,1.0,False,6,4,2,8,1.5492963239382853,0.8669943412365266,1.1703491931125938,0.30335485187606714,0.16378476909713408,1.2515237575820028,1.901479992246884,1.680195183190069,1.9182997099826424,16.0,980.0,49.0,480.0,1,-1,True,True,
0.7,0.85,0.8,0.8,0.1,0.1,0.01,0.2,10,10.0,1.0,False,4,6,7,3,2.5305743125317504,1.6370837872801922,1.9396327619287228,0.3025489746485306,0.1633159297386334,2.663051843889373,1.9301756563160681,2.8725843135865583,2.421581113785148,490.0,16.0,275.0,32.0,-1,1,True,True,
0.85,0.7,0.8,0.8,0.1,0.1,0.2,0.01,10,10.0,1.0,False,6,4,3,7,2.5305743125317504,1.6370837872801922,1.9396327619287228,0.3025489746485306,0.1633159297386334,1.9301756563160681,2.663051843889373,2.421581113785148,2.8725843135865583,16.0,490.0,32.0,275.0,1,-1,True,True,
0.8,0.9,0.8,0.8,0.1,0.1,0.005,0.2,10,10.0,1.0,False,4,6,7,3,2.8643455172435255,2.050636717463118,2.351903841142165,0.30126712367904673,0.16257056979806353,3.2834664459344234,2.367269094264842,3.9320919505945464,2.6717461674062823,980.0,16.0,551.0,32.0,-1,1,True,True,
0.9,0.8,0.8,0.8,0.1,0.1,0.2,0.005,10,10.0,1.0,False,6,4,3,7,2.8643455172435255,2.050636717463118,2.351903841142165,0.30126712367904673,0.16257056979806353,2.367269094264842,3.2834664459344234,2.6717461674062823,3.9320919505945464,16.0,980.0,32.0,551.0,1,-1,True,True,
0.75,0.85,0.8,0.8,0.1,0.1,0.02,0.2,10,10.0,1.0,False,4,6,7,3,2.626006189881766,1.7015446920518924,1.9999527005812103,0.2984080085293179,0.1609097956026945,2.8403681658713906,1.9301756563160681,3.0511910450061093,2.421581113785148,245.0,16.0,137.0,32.0,-1,1,True,True,
0.85,0.75,0.8,0.8,0.1,0.1,0.2,0.02,10,10.0,1.0,False,6,4,3,7,2.626006189881766,1.7015446920518924,1.9999527005812103,0.2984080085293179,0.1609097956026945,1.9301756563160681,2.8403681658713906,2.421581113785148,3.0511910450061093,16.0,245.0,32.0,137.0,1,-1,True,True,
0.65,0.8,0.8,0.8,0.1,0.1,0.02,0.2,10,10.0,1.0,False,4,6,7,3,2.3005670517578816,1.371985069939213,1.6703908963767846,0.2984058264375715,0.16090852899754382,2.35978767182958,1.6709852533224343,2.396828643861572,2.2171984317020397,245.0,16.0,137.0,32.0,-1,1,True,True,
0.8,0.65,0.8,0.8,0.1,0.1,0.2,0.02,10,10.0,1.0,False,6,4,3,7,2.3005670517578816,1.371985069939213,1.6703908963767846,0.2984058264375715,0.16090852899754382,1.6709852533224343,2.35978767182958,2.2171984317020397,2.396828643861572,16.0,245.0,32.0,137.0,1,-1,True,True,
0.5,0.65,0.8,0.8,0.1,0.1,0.01,0.2,10,10.0,1.0,False,4,6,7,3,1.6609559632124316,0.9012941124907892,1.1989402926241428,0.29764618013335364,0.16046767278974708,1.8753624728775729,1.313233153779242,1.8751867163155262,1.7686774362475854,490.0,16.0,275.0,32.0,-1,1,True,True,
0.65,0.5,0.8,0.8,0.1,0.1,0.2,0.01,10,10.0,1.0,False,6,4,3,7,1.6609559632124316,0.9012941124907892,1.1989402926241428,0.29764618013335364,0.16046767278974708,1.313233153779242,1.8753624728775729,1.7686774362475854,1.8751867163155262,16.0,490.0,32.0,275.0,1,-1,True,True,
0.7,0.95,0.8,0.8,0.1,0.1,0.01,0.2,10,10.0,1.0,False,3,7,6,4,2.836215946489015,1.9285571446215433,2.2260347397961953,0.297477595174652,0.1603698582149756,2.466852917925528,2.7888070637028313,2.845170599286769,3.2557143352451194,656.0,13.0,323.0,24.0,-1,1,True,True,
0.95,0.7,0.8,0.8,0.1,0.1,0.2,0.01,10,10.0,1.0,False,7,3,4,6,2.836215946489015,1.9285571446215433,2.2260347397961953,0.297477595174652,0.1603698582149756,2.7888070637028313,2.466852917925528,3.2557143352451194,2.845170599286769,13.0,656.0,24.0,323.0,1,-1,True,True,
0.55,0.7,0.8,0.8,0.1,0.1,0.02,0.2,10,10.0,1.0,False,4,6,6,3,1.864897512124684,1.0181965724395245,1.3132326912494268,0.2950361188099022,0.15895421466424267,1.9858793195918247,1.393940703132431,1.973948800426509,1.8836223173161457,245.0,16.0,153.0,31.0,-1,1,True,True,
0.7,0.55,0.8,0.8,0.1,0.1,0.2,0.02,10,10.0,1.0,False,6,4,3,6,1.864897512124684,1.0181965724395245,1.3132326912494268,0.2950361188099022,0.15895421466424267,1.393940703132431,1.9858793195918247,1.8836223173161457,1.973948800426509,16.0,245.0,31.0,153.0,1,-1,True,True,
0.65,0.85,0.8,0.8,0.1,0.1,0.005,0.2,10,10.0,1.0,False,4,6,7,3,2.4370995160041735,1.561578189512005,1.854364899639937,0.2927867101279318,0.1576514665685529,2.4693801731433425,1.9301756563160681,2.6377973189412773,2.421581113785148,980.0,16.0,551.0,32.0,-1,1,True,True,
0.85,0.65,0.8,0.8,0.1,0.1,0.2,0.005,10,10.0,1.0,False,6,4,3,7,2.4370995160041735,1.561578189512005,1.854364899639937,0.2927867101279318,0.1576514665685529,1.9301756563160681,2.4693801731433425,2.421581113785148,2.6377973189412773,16.0,980.0,32.0,551.0,1,-1,True,True,
0.55,0.75,0.8,0.8,0.1,0.1,0.02,0.2,10,10.0,1.0,False,4,6,6,3,1.9898884053140302,1.0954547128598444,1.388161098378877,0.2927063855190326,0.15760497355154565,1.9858793195918247,1.5059032957193021,1.973948800426509,2.0301812903783305,245.0,16.0,153.0,31.0,-1,1,True,True,
0.75,0.55,0.8,0.8,0.1,0.1,0.2,0.02,10,10.0,1.0,False,6,4,3,6,1.9898884053140302,1.0954547128598444,1.388161098378877,0.2927063855190326,0.15760497355154565,1.5059032957193021,1.9858793195918247,2.0301812903783305,1.973948800426509,16.0,245.0,31.0,153.0,1,-1,True,True,
0.5,0.7,0.8,0.8,0.1,0.1,0.02,0.2,10,10.0,1.0,False,4,6,6,3,1.7794273760002493,0.9370067912619403,1.2253753008758133,0.28836850961387295,0.15509692107862982,1.831017854797355,1.393940703132431,1.8079228929103834,1.8836223173161457,245.0,16.0,153.0,31.0,-1,1,True,True,
0.7,0.5,0.8,0.8,0.1,0.1,0.2,0.02,10,10.0,1.0,False,6,4,3,6,1.7794273760002493,0.9370067912619403,1.2253753008758133,0.28836850961387295,0.15509692107862982,1.393940703132431,1.831017854797355,1.8836223173161457,1.8079228929103834,16.0,245.0,31.0,153.0,1,-1,True,True,
0.5,0.6,0.8,0.8,0.1,0.1,0.01,0.2,10,10.0,1.0,False,4,6,8,2,1.5492963239382853,0.8531637746018995,1.1412091170936685,0.28804534249176894,0.1549102914833051,1.8753624728775729,1.2515237575820028,1.8632069131717048,1.680195183190069,490.0,16.0,240.0,49.0,-1,1,True,True,
0.6,0.5,0.8,0.8,0.1,0.1,0.2,0.01,10,10.0,1.0,False,6,4,2,8,1.5492963239382853,0.8531637746018995,1.1412091170936685,0.28804534249176894,0.1549102914833051,1.2515237575820028,1.8753624728775729,1.680195183190069,1.8632069131717048,16.0,490.0,49.0,240.0,1,-1,True,True,
0.55,0.65,0.8,0.8,0.1,0.1,0.02,0.2,10,10.0,1.0,False,4,6,6,3,1.7464260993368665,0.958553951097711,1.2431756259949711,0.2846216748972601,0.15293496820848798,1.9858793195918247,1.313233153779242,1.973948800426509,1.7561775881220592,245.0,16.0,153.0,31.0,-1,1,True,True,
0.65,0.55,0.8,0.8,0.1,0.1,0.2,0.02,10,10.0,1.0,False,6,4,3,6,1.7464260993368665,0.958553951097711,1.2431756259949711,0.2846216748972601,0.15293496820848798,1.313233153779242,1.9858793195918247,1.7561775881220592,1.973948800426509,16.0,245.0,31.0,153.0,1,-1,True,True,
0.6,0.8,0.8,0.8,0.1,0.1,0.02,0.2,10,10.0,1.0,False,4,6,7,3,2.209416966538472,1.284081012101035,1.5651799794486068,0.28109896734757167,0.15090602921430502,2.161208568311209,1.6709852533224343,2.157468509883118,2.2171984317020397,245.0,16.0,137.0,32.0,-1,1,True,True,
0.8,0.6,0.8,0.8,0.1,0.1,0.2,0.02,10,10.0,1.0,False,6,4,3,7,2.209416966538472,1.284081012101035,1.5651799794486068,0.28109896734757167,0.15090602921430502,1.6709852533224343,2.161208568311209,2.2171984317020397,2.157468509883118,16.0,245.0,32.0,137.0,1,-1,True,True,
0.5,0.65,0.8,0.8,0.1,0.1,0.02,0.2,10,10.0,1.0,False,4,6,6,3,1.6609559632124316,0.8773641699201269,1.1553182356213576,0.2779540657012307,0.1490977082018122,1.831017854797355,1.313233153779242,1.8079228929103834,1.7561775881220592,245.0,16.0,153.0,31.0,-1,1,True,True,
0.65,0.5,0.8,0.8,0.1,0.1,0.2,0.02,10,10.0,1.0,False,6,4,3,6,1.6609559632124316,0.8773641699201269,1.1553182356213576,0.2779540657012307,0.1490977082018122,1.313233153779242,1.831017854797355,1.7561775881220592,1.8079228929103834,16.0,245.0,31.0,153.0,1,-1,True,True,
0.65,0.95,0.8,0.8,0.1,0.1,0.005,0.2,10,10.0,1.0,False,3,7,6,4,2.7600027504003153,1.8638661065484696,2.1409040730786915,0.27703796653022184,0.1485714850002265,2.3123219154074417,2.7888070637028313,2.6129826944834393,3.2557143352451194,1313.0,13.0,646.0,24.0,-1,1,True,True,
0.95,0.65,0.8,0.8,0.1,0.1,0.2,0.005,10,10.0,1.0,False,7,3,4,6,2.7600027504003153,1.8638661065484696,2.1409040730786915,0.27703796653022184,0.1485714850002265,2.7888070637028313,2.3123219154074417,3.2557143352451194,2.6129826944834393,13.0,1313.0,24.0,646.0,1,-1,True,True,
0.8,0.9,0.8,0.8,0.1,0.1,0.01,0.2,10,10.0,1.0,False,4,6,7,3,2.8643455172435255,2.0332664249239247,2.310031016501698,0.27676459157777344,0.14841450039183812,3.226924172825632,2.367269094264842,3.770843673764667,2.6717461674062823,490.0,16.0,275.0,32.0,-1,1,True,True,
0.9,0.8,0.8,0.8,0.1,0.1,0.2,0.01,10,10.0,1.0,False,6,4,3,7,2.8643455172435255,2.0332664249239247,2.310031016501698,0.27676459157777344,0.14841450039183812,2.367269094264842,3.226924172825632,2.6717461674062823,3.770843673764667,16.0,490.0,32.0,275.0,1,-1,True,True,
0.65,0.85,0.8,0.8,0.1,0.1,0.01,0.2,10,10.0,1.0,False,4,6,7,3,2.4370995160041735,1.5449630167258412,1.8193363283900146,0.27437331166417334,0.14704223066193925,2.428689968370644,1.9301756563160681,2.546998606186068,2.421581113785148,490.0,16.0,275.0,32.0,-1,1,True,True,
0.85,0.65,0.8,0.8,0.1,0.1,0.2,0.01,10,10.0,1.0,False,6,4,3,7,2.4370995160041735,1.5449630167258412,1.8193363283900146,0.27437331166417334,0.14704223066193925,1.9301756563160681,2.428689968370644,2.421581113785148,2.546998606186068,16.0,490.0,32.0,275.0,1,-1,True,True,
0.7,0.85,0.8,0.8,0.1,0.1,0.02,0.2,10,10.0,1.0,False,4,6,7,3,2.5305743125317504,1.60728691084124,1.8737060131679564,0.2664191023267164,0.1424893832277062,2.584871762546586,1.9301756563160681,2.689311824437254,2.421581113785148,245.0,16.0,137.0,32.0,-1,1,True,True,
0.85,0.7,0.8,0.8,0.1,0.1,0.2,0.02,10,10.0,1.0,False,6,4,3,7,2.5305743125317504,1.60728691084124,1.8737060131679564,0.2664191023267164,0.1424893832277062,1.9301756563160681,2.584871762546586,2.421581113785148,2.689311824437254,16.0,245.0,32.0,137.0,1,-1,True,True,
0.5,0.6,0.8,0.8,0.1,0.1,0.02,0.2,10,10.0,1.0,False,4,6,7,2,1.5492963239382853,0.8292338320312372,1.0936599949513792,0.264426162920142,0.14135149420111862,1.831017854797355,1.2515237575820028,1.7857722335202733,1.671646467551925,245.0,16.0,130.0,47.0,-1,1,True,True,
0.6,0.5,0.8,0.8,0.1,0.1,0.2,0.02,10,10.0,1.0,False,6,4,2,7,1.5492963239382853,0.8292338320312372,1.0936599949513792,0.264426162920142,0.14135149420111862,1.2515237575820028,1.831017854797355,1.671646467551925,1.7857722335202733,16.0,245.0,47.0,130.0,1,-1,True,True,
0.65,0.75,0.8,0.8,0.1,0.1,0.05,0.2,10,10.0,1.0,False,4,6,5,3,2.169510818426761,1.195611413653078,1.4562515042058437,0.2606400905527657,0.1391929183000525,2.195080014651407,1.5059032957193021,2.1471255937659026,1.9979496699439714,98.0,16.0,70.0,29.0,-1,1,True,True,
0.75,0.65,0.8,0.8,0.1,0.1,0.2,0.05,10,10.0,1.0,False,6,4,3,5,2.169510818426761,1.195611413653078,1.4562515042058437,0.2606400905527657,0.1391929183000525,1.5059032957193021,2.195080014651407,1.9979496699439714,2.1471255937659026,16.0,98.0,29.0,70.0,1,-1,True,True,
0.75,0.9,0.8,0.8,0.1,0.1,0.005,0.2,10,10.0,1.0,False,4,6,6,4,2.76732617149505,1.9534582241403589,2.211910652668232,0.2584524285278731,0.13794751501140035,2.979397843859451,2.367269094264842,3.3179406997250345,2.7526561915758636,980.0,16.0,646.0,24.0,-1,1,True,True,
0.9,0.75,0.8,0.8,0.1,0.1,0.2,0.005,10,10.0,1.0,False,6,4,4,6,2.76732617149505,1.9534582241403589,2.211910652668232,0.2584524285278731,0.13794751501140035,2.367269094264842,2.979397843859451,2.7526561915758636,3.3179406997250345,16.0,980.0,24.0,646.0,1,-1,True,True,
0.6,0.7,0.8,0.8,0.1,0.1,0.05,0.2,10,10.0,1.0,False,4,6,5,3,1.9533698400180048,1.0340048723440733,1.2919587385237752,0.25795386617970184,0.13766388147253003,2.0175221461307475,1.393940703132431,1.9632966964138279,1.853978165809816,98.0,16.0,70.0,29.0,-1,1,True,True,
0.7,0.6,0.8,0.8,0.1,0.1,0.2,0.05,10,10.0,1.0,False,6,4,3,5,1.9533698400180048,1.0340048723440733,1.2919587385237752,0.25795386617970184,0.13766388147253003,1.393940703132431,2.0175221461307475,1.853978165809816,1.9632966964138279,16.0,98.0,29.0,70.0,1,-1,True,True,
0.6,0.75,0.8,0.8,0.1,0.1,0.05,0.2,10,10.0,1.0,False,4,6,5,3,2.078360733207351,1.1112630127643932,1.366746537941919,0.2554835251775258,0.13625954008505353,2.0175221461307475,1.5059032957193021,1.9632966964138279,1.9979496699439714,98.0,16.0,70.0,29.0,-1,1,True,True,
0.75,0.6,0.8,0.8,0.1,0.1,0.2,0.05,10,10.0,1.0,False,6,4,3,5,2.078360733207351,1.1112630127643932,1.366746537941919,0.2554835251775258,0.13625954008505353,1.5059032957193021,2.0175221461307475,1.9979496699439714,1.9632966964138279,16.0,98.0,29.0,70.0,1,-1,True,True,
0.55,0.7,0.8,0.8,0.1,0.1,0.05,0.2,10,10.0,1.0,False,4,6,5,3,1.864897512124684,0.9535941019751872,1.2086406900708024,0.2550465880956152,0.13601133023519368,1.8616428075064262,1.393940703132431,1.8063477693942838,1.853978165809816,98.0,16.0,70.0,29.0,-1,1,True,True,
0.7,0.55,0.8,0.8,0.1,0.1,0.2,0.05,10,10.0,1.0,False,6,4,3,5,1.864897512124684,0.9535941019751872,1.2086406900708024,0.2550465880956152,0.13601133023519368,1.393940703132431,1.8616428075064262,1.853978165809816,1.8063477693942838,16.0,98.0,29.0,70.0,1,-1,True,True,
0.5,0.7,0.8,0.8,0.1,0.1,0.05,0.2,10,10.0,1.0,False,4,6,5,3,1.7794273760002493,0.8770166368016025,1.1309810265358737,0.25396438973427127,0.13539680171060384,1.7244046536184965,1.393940703132431,1.6713761621249483,1.853978165809816,98.0,16.0,70.0,29.0,-1,1,True,True,
0.7,0.5,0.8,0.8,0.1,0.1,0.2,0.05,10,10.0,1.0,False,6,4,3,5,1.7794273760002493,0.8770166368016025,1.1309810265358737,0.25396438973427127,0.13539680171060384,1.393940703132431,1.7244046536184965,1.853978165809816,1.6713761621249483,16.0,98.0,29.0,70.0,1,-1,True,True,
0.55,0.75,0.8,0.8,0.1,0.1,0.05,0.2,10,10.0,1.0,False,4,6,5,3,1.9898884053140302,1.030852242395507,1.283428489488946,0.25257624709343895,0.13460902877017156,1.8616428075064262,1.5059032957193021,1.8063477693942838,1.9979496699439714,98.0,16.0,70.0,29.0,-1,1,True,True,
0.75,0.55,0.8,0.8,0.1,0.1,0.2,0.05,10,10.0,1.0,False,6,4,3,5,1.9898884053140302,1.030852242395507,1.283428489488946,0.25257624709343895,0.13460902877017156,1.5059032957193021,1.8616428075064262,1.9979496699439714,1.8063477693942838,16.0,98.0,29.0,70.0,1,-1,True,True,
0.8,0.9,0.8,0.8,0.1,0.1,0.02,0.2,10,10.0,1.0,False,4,6,6,4,2.8643455172435255,2.0031325389906733,2.2518509333391608,0.24871839434848741,0.13242256093780277,3.1311349076343618,2.367269094264842,3.4531422029119385,2.7526561915758636,245.0,16.0,161.0,24.0,-1,1,True,True,
0.9,0.8,0.8,0.8,0.1,0.1,0.2,0.02,10,10.0,1.0,False,6,4,4,6,2.8643455172435255,2.0031325389906733,2.2518509333391608,0.24871839434848741,0.13242256093780277,2.367269094264842,3.1311349076343618,2.7526561915758636,3.4531422029119385,16.0,245.0,24.0,161.0,1,-1,True,True,
0.5,0.65,0.8,0.8,0.1,0.1,0.1,0.2,10,10.0,1.0,False,4,6,3,2,1.6609559632124316,0.7335802746008553,0.9821292840014131,0.2485490094005578,0.13232665733075757,1.5857985884176204,1.313233153779242,1.565733917244432,1.7053572391721088,49.0,16.0,48.0,37.0,-1,1,True,True,
0.65,0.5,0.8,0.8,0.1,0.1,0.2,0.1,10,10.0,1.0,False,6,4,2,3,1.6609559632124316,0.7335802746008553,0.9821292840014131,0.2485490094005578,0.13232665733075757,1.313233153779242,1.5857985884176204,1.7053572391721088,1.565733917244432,16.0,49.0,37.0,48.0,1,-1,True,True,
0.7,0.8,0.8,0.8,0.1,0.1,0.05,0.2,10,10.0,1.0,False,4,6,6,3,2.394041848285459,1.3880960895387573,1.6361136245658503,0.248017535027093,0.13202579600716774,2.3981141677100073,1.6709852533224343,2.332907693502278,2.201190164368427,98.0,16.0,61.0,31.0,-1,1,True,True,
0.8,0.7,0.8,0.8,0.1,0.1,0.2,0.05,10,10.0,1.0,False,6,4,3,6,2.394041848285459,1.3880960895387573,1.6361136245658503,0.248017535027093,0.13202579600716774,1.6709852533224343,2.3981141677100073,2.201190164368427,2.332907693502278,16.0,98.0,31.0,61.0,1,-1,True,True,
0.5,0.65,0.8,0.8,0.1,0.1,0.05,0.2,10,10.0,1.0,False,4,6,4,2,1.6609559632124316,0.817374015459789,1.0636595120256018,0.24628549656581278,0.13104586427935022,1.7244046536184965,1.313233153779242,1.6854553166892132,1.7187955211311308,98.0,16.0,78.0,39.0,-1,1,True,True,
0.65,0.5,0.8,0.8,0.1,0.1,0.2,0.05,10,10.0,1.0,False,6,4,2,4,1.6609559632124316,0.817374015459789,1.0636595120256018,0.24628549656581278,0.13104586427935022,1.313233153779242,1.7244046536184965,1.7187955211311308,1.6854553166892132,16.0,98.0,39.0,78.0,1,-1,True,True,
0.55,0.65,0.8,0.8,0.1,0.1,0.05,0.2,10,10.0,1.0,False,4,6,5,3,1.7464260993368665,0.8939514806333737,1.1389712751657952,0.2450197945324215,0.13033030719860642,1.8616428075064262,1.313233153779242,1.8063477693942838,1.729209340396484,98.0,16.0,70.0,29.0,-1,1,True,True,
0.65,0.55,0.8,0.8,0.1,0.1,0.2,0.05,10,10.0,1.0,False,6,4,3,5,1.7464260993368665,0.8939514806333737,1.1389712751657952,0.2450197945324215,0.13033030719860642,1.313233153779242,1.8616428075064262,1.729209340396484,1.8063477693942838,16.0,98.0,29.0,70.0,1,-1,True,True,
0.5,0.6,0.8,0.8,0.1,0.1,0.1,0.2,10,10.0,1.0,False,4,6,3,2,1.5492963239382853,0.6854499367119657,0.9295147877039918,0.24406485099202602,0.12979073521136703,1.5857985884176204,1.2515237575820028,1.565733917244432,1.617950325404991,49.0,16.0,48.0,37.0,-1,1,True,True,
0.6,0.5,0.8,0.8,0.1,0.1,0.2,0.1,10,10.0,1.0,False,6,4,2,3,1.5492963239382853,0.6854499367119657,0.9295147877039918,0.24406485099202602,0.12979073521136703,1.2515237575820028,1.5857985884176204,1.617950325404991,1.565733917244432,16.0,49.0,37.0,48.0,1,-1,True,True,
0.75,0.9,0.8,0.8,0.1,0.1,0.01,0.2,10,10.0,1.0,False,4,6,6,4,2.76732617149505,1.935978431803778,2.1797252709466894,0.2437468391429114,0.12961110607238557,2.927771115019676,2.367269094264842,3.2128517474336955,2.7526561915758636,490.0,16.0,323.0,24.0,-1,1,True,True,
0.9,0.75,0.8,0.8,0.1,0.1,0.2,0.01,10,10.0,1.0,False,6,4,4,6,2.76732617149505,1.935978431803778,2.1797252709466894,0.2437468391429114,0.12961110607238557,2.367269094264842,2.927771115019676,2.7526561915758636,3.2128517474336955,16.0,490.0,24.0,323.0,1,-1,True,True,
0.65,0.85,0.8,0.8,0.1,0.1,0.02,0.2,10,10.0,1.0,False,4,6,6,4,2.4370995160041735,1.5161826578368505,1.7596846835265256,0.24350202568967516,0.1294728425369058,2.35978767182958,1.9301756563160681,2.415184559604082,2.4058637270406074,245.0,16.0,161.0,24.0,-1,1,True,True,
0.85,0.65,0.8,0.8,0.1,0.1,0.2,0.02,10,10.0,1.0,False,6,4,4,6,2.4370995160041735,1.5161826578368505,1.7596846835265256,0.24350202568967516,0.1294728425369058,1.9301756563160681,2.35978767182958,2.4058637270406074,2.415184559604082,16.0,245.0,24.0,161.0,1,-1,True,True,
0.55,0.65,0.8,0.8,0.1,0.1,0.1,0.2,10,10.0,1.0,False,4,6,3,2,1.7464260993368665,0.8035602106230213,1.0457164565642607,0.2421562459412394,0.12871308734241416,1.7007478357900756,1.313233153779242,1.668528071289616,1.7053572391721088,49.0,16.0,48.0,37.0,-1,1,True,True,
0.65,0.55,0.8,0.8,0.1,0.1,0.2,0.1,10,10.0,1.0,False,6,4,2,3,1.7464260993368665,0.8035602106230213,1.0457164565642607,0.2421562459412394,0.12871308734241416,1.313233153779242,1.7007478357900756,1.7053572391721088,1.668528071289616,16.0,49.0,37.0,48.0,1,-1,True,True,
0.5,0.6,0.8,0.8,0.1,0.1,0.05,0.2,10,10.0,1.0,False,4,6,4,2,1.5492963239382853,0.7692436775708994,1.0109007839429338,0.2416571063720344,0.12843142980839506,1.7244046536184965,1.2515237575820028,1.6854553166892132,1.630464655665874,98.0,16.0,78.0,39.0,-1,1,True,True,
0.6,0.5,0.8,0.8,0.1,0.1,0.2,0.05,10,10.0,1.0,False,6,4,2,4,1.5492963239382853,0.7692436775708994,1.0109007839429338,0.2416571063720344,0.12843142980839506,1.2515237575820028,1.7244046536184965,1.630464655665874,1.6854553166892132,16.0,98.0,39.0,78.0,1,-1,True,True,
0.65,0.8,0.8,0.8,0.1,0.1,0.05,0.2,10,10.0,1.0,False,4,6,5,3,2.3005670517578816,1.2996319235198197,1.5373046871916856,0.23767276367186585,0.1261856387864102,2.195080014651407,1.6709852533224343,2.1471255937659026,2.1666336998777607,98.0,16.0,70.0,29.0,-1,1,True,True,
0.8,0.65,0.8,0.8,0.1,0.1,0.2,0.05,10,10.0,1.0,False,6,4,3,5,2.3005670517578816,1.2996319235198197,1.5373046871916856,0.23767276367186585,0.1261856387864102,1.6709852533224343,2.195080014651407,2.1666336998777607,2.1471255937659026,16.0,98.0,29.0,70.0,1,-1,True,True,
0.6,0.8,0.8,0.8,0.1,0.1,0.05,0.2,10,10.0,1.0,False,4,6,5,3,2.209416966538472,1.2152835226311351,1.4477997209277607,0.2325161982966255,0.12328575381890995,2.0175221461307475,1.6709852533224343,1.9632966964138279,2.1666336998777607,98.0,16.0,70.0,29.0,-1,1,True,True,
0.8,0.6,0.8,0.8,0.1,0.1,0.2,0.05,10,10.0,1.0,False,6,4,3,5,2.209416966538472,1.2152835226311351,1.4477997209277607,0.2325161982966255,0.12328575381890995,1.6709852533224343,2.0175221461307475,2.1666336998777607,1.9632966964138279,16.0,98.0,29.0,70.0,1,-1,True,True,
0.7,0.9,0.8,0.8,0.1,0.1,0.005,0.2,10,10.0,1.0,False,4,6,6,4,2.671894294145034,1.8584036507119905,2.0888956070264673,0.23049195631447672,0.1221494278751685,2.7092359038927802,2.367269094264842,2.9338902527046766,2.7526561915758636,980.0,16.0,646.0,24.0,-1,1,True,True,
0.9,0.7,0.8,0.8,0.1,0.1,0.2,0.005,10,10.0,1.0,False,6,4,4,6,2.671894294145034,1.8584036507119905,2.0888956070264673,0.23049195631447672,0.1221494278751685,2.367269094264842,2.7092359038927802,2.7526561915758636,2.9338902527046766,16.0,980.0,24.0,646.0,1,-1,True,True,
0.75,0.85,0.8,0.8,0.1,0.1,0.05,0.2,10,10.0,1.0,False,4,6,6,4,2.626006189881766,1.6251765286088795,1.847001794506312,0.22182526589743246,0.11729728762074128,2.631530237126082,1.9301756563160681,2.6355524470969764,2.4058637270406074,98.0,16.0,64.0,24.0,-1,1,True,True,
0.85,0.75,0.8,0.8,0.1,0.1,0.2,0.05,10,10.0,1.0,False,6,4,4,6,2.626006189881766,1.6251765286088795,1.847001794506312,0.22182526589743246,0.11729728762074128,1.9301756563160681,2.631530237126082,2.4058637270406074,2.6355524470969764,16.0,98.0,24.0,64.0,1,-1,True,True,
0.55,0.8,0.8,0.8,0.1,0.1,0.005,0.1,10,10.0,1.0,False,3,7,6,4,2.1283293085145445,1.4865810970143365,1.708173671558831,0.22159257454449444,0.1171673024737476,1.9910711180612373,2.22089074700722,2.117568837082626,2.6062307381127434,1313.0,27.0,646.0,49.0,-1,1,True,True,
0.8,0.55,0.8,0.8,0.1,0.1,0.1,0.005,10,10.0,1.0,False,7,3,4,6,2.1283293085145445,1.4865810970143365,1.708173671558831,0.22159257454449444,0.1171673024737476,2.22089074700722,1.9910711180612373,2.6062307381127434,2.117568837082626,27.0,1313.0,49.0,646.0,1,-1,True,True,
0.5,0.75,0.8,0.8,0.1,0.1,0.005,0.1,10,10.0,1.0,False,3,7,6,4,1.9094170358590155,1.294837782251863,1.5154019442161157,0.22056416196425266,0.11659299568843323,1.850529438015135,1.972626693118665,1.9262689552727252,2.362728265669129,1313.0,27.0,646.0,49.0,-1,1,True,True,
0.75,0.5,0.8,0.8,0.1,0.1,0.1,0.005,10,10.0,1.0,False,7,3,4,6,1.9094170358590155,1.294837782251863,1.5154019442161157,0.22056416196425266,0.11659299568843323,1.972626693118665,1.850529438015135,2.362728265669129,1.9262689552727252,27.0,1313.0,49.0,646.0,1,-1,True,True,
0.75,0.9,0.8,0.8,0.1,0.1,0.02,0.2,10,10.0,1.0,False,4,6,6,4,2.76732617149505,1.9056706895013895,2.1236766940542036,0.21800600455281405,0.1151656983720881,2.8403681658713906,2.367269094264842,3.0377294979690377,2.7526561915758636,245.0,16.0,161.0,24.0,-1,1,True,True,
0.9,0.75,0.8,0.8,0.1,0.1,0.2,0.02,10,10.0,1.0,False,6,4,4,6,2.76732617149505,1.9056706895013895,2.1236766940542036,0.21800600455281405,0.1151656983720881,2.367269094264842,2.8403681658713906,2.7526561915758636,3.0377294979690377,16.0,245.0,24.0,161.0,1,-1,True,True,
0.7,0.9,0.8,0.8,0.1,0.1,0.01,0.2,10,10.0,1.0,False,4,6,6,4,2.671894294145034,1.8412097847296893,2.0581893637351456,0.21697957900545628,0.11459352792606435,2.663051843889373,2.367269094264842,2.845170599286769,2.7526561915758636,490.0,16.0,323.0,24.0,-1,1,True,True,
0.9,0.7,0.8,0.8,0.1,0.1,0.2,0.01,10,10.0,1.0,False,6,4,4,6,2.671894294145034,1.8412097847296893,2.0581893637351456,0.21697957900545628,0.11459352792606435,2.367269094264842,2.663051843889373,2.7526561915758636,2.845170599286769,16.0,490.0,24.0,323.0,1,-1,True,True,
0.5,0.75,0.8,0.8,0.1,0.1,0.01,0.1,10,10.0,1.0,False,3,7,6,4,1.9094170358590155,1.285127913953982,1.4935607112121512,0.2084327972581692,0.10984059691512055,1.8326479946114869,1.972626693118665,1.8846529925201025,2.362728265669129,656.0,27.0,323.0,49.0,-1,1,True,True,
0.75,0.5,0.8,0.8,0.1,0.1,0.1,0.01,10,10.0,1.0,False,7,3,4,6,1.9094170358590155,1.285127913953982,1.4935607112121512,0.2084327972581692,0.10984059691512055,1.972626693118665,1.8326479946114869,2.362728265669129,1.8846529925201025,27.0,656.0,49.0,323.0,1,-1,True,True,
0.55,0.8,0.8,0.8,0.1,0.1,0.01,0.1,10,10.0,1.0,False,3,7,6,4,2.1283293085145445,1.4763290960139002,1.683988881534845,0.20765978552094477,0.10941171989826977,1.97076293260724,2.22089074700722,2.0669702043058558,2.6062307381127434,656.0,27.0,323.0,49.0,-1,1,True,True,
0.8,0.55,0.8,0.8,0.1,0.1,0.1,0.01,10,10.0,1.0,False,7,3,4,6,2.1283293085145445,1.4763290960139002,1.683988881534845,0.20765978552094477,0.10941171989826977,2.22089074700722,1.97076293260724,2.6062307381127434,2.0669702043058558,27.0,656.0,49.0,323.0,1,-1,True,True,
0.6,0.85,0.8,0.8,0.1,0.1,0.005,0.1,10,10.0,1.0,False,3,7,6,4,2.356480057859565,1.7124298843336576,1.9170049385261265,0.2045750541924689,0.10770192026107446,2.144720477429173,2.584212072614864,2.3439463527662108,2.9013291341580922,1313.0,27.0,646.0,49.0,-1,1,True,True,
0.85,0.6,0.8,0.8,0.1,0.1,0.1,0.005,10,10.0,1.0,False,7,3,4,6,2.356480057859565,1.7124298843336576,1.9170049385261265,0.2045750541924689,0.10770192026107446,2.584212072614864,2.144720477429173,2.9013291341580922,2.3439463527662108,27.0,1313.0,49.0,646.0,1,-1,True,True,
0.7,0.8,0.8,0.8,0.1,0.1,0.1,0.2,10,10.0,1.0,False,4,6,4,3,2.394041848285459,1.2825131409079487,1.4866494050386683,0.2041362641307196,0.10745892262129092,2.1578227266301155,1.6709852533224343,2.077940812443172,2.128190303273355,49.0,16.0,41.0,27.0,-1,1,True,True,
0.8,0.7,0.8,0.8,0.1,0.1,0.2,0.1,10,10.0,1.0,False,6,4,3,4,2.394041848285459,1.2825131409079487,1.4866494050386683,0.2041362641307196,0.10745892262129092,1.6709852533224343,2.1578227266301155,2.128190303273355,2.077940812443172,16.0,49.0,27.0,41.0,1,-1,True,True,
0.7,0.85,0.8,0.8,0.1,0.1,0.05,0.2,10,10.0,1.0,False,4,6,6,4,2.5305743125317504,1.5322936774363947,1.7350889235443545,0.20279524610795985,0.10671661032529302,2.3981141677100073,1.9301756563160681,2.3565058418107934,2.4058637270406074,98.0,16.0,64.0,24.0,-1,1,True,True,
0.85,0.7,0.8,0.8,0.1,0.1,0.2,0.05,10,10.0,1.0,False,6,4,4,6,2.5305743125317504,1.5322936774363947,1.7350889235443545,0.20279524610795985,0.10671661032529302,1.9301756563160681,2.3981141677100073,2.4058637270406074,2.3565058418107934,16.0,98.0,24.0,64.0,1,-1,True,True,
0.5,0.8,0.8,0.8,0.1,0.1,0.005,0.1,10,10.0,1.0,False,3,7,6,4,2.0543975423603786,1.4133801336592877,1.6134899639942337,0.200109830334946,0.10523161038814904,1.850529438015135,2.22089074700722,1.9262689552727252,2.6062307381127434,1313.0,27.0,646.0,49.0,-1,1,True,True,
0.8,0.5,0.8,0.8,0.1,0.1,0.1,0.005,10,10.0,1.0,False,7,3,4,6,2.0543975423603786,1.4133801336592877,1.6134899639942337,0.200109830334946,0.10523161038814904,2.22089074700722,1.850529438015135,2.6062307381127434,1.9262689552727252,27.0,1313.0,49.0,646.0,1,-1,True,True,
0.85,0.95,0.8,0.8,0.1,0.1,0.005,0.2,10,10.0,1.0,False,4,6,6,4,3.1079493865310095,2.4473220075406665,2.6471752153574144,0.19985320781674787,0.10508980582637953,3.6256557200900255,3.187659177547018,4.335181621703604,3.2557143352451194,980.0,16.0,646.0,24.0,-1,1,True,True,
0.95,0.85,0.8,0.8,0.1,0.1,0.2,0.005,10,10.0,1.0,False,6,4,4,6,3.1079493865310095,2.4473220075406665,2.6471752153574144,0.19985320781674787,0.10508980582637953,3.187659177547018,3.6256557200900255,3.2557143352451194,4.335181621703604,16.0,980.0,24.0,646.0,1,-1,True,True,
0.7,0.9,0.8,0.8,0.1,0.1,0.02,0.2,10,10.0,1.0,False,4,6,6,4,2.671894294145034,1.811412908290737,2.0047679751236815,0.19335506683294446,0.10150511775295586,2.584871762546586,2.367269094264842,2.6971661338744872,2.7526561915758636,245.0,16.0,161.0,24.0,-1,1,True,True,
0.9,0.7,0.8,0.8,0.1,0.1,0.2,0.02,10,10.0,1.0,False,6,4,4,6,2.671894294145034,1.811412908290737,2.0047679751236815,0.19335506683294446,0.10150511775295586,2.367269094264842,2.584871762546586,2.7526561915758636,2.6971661338744872,16.0,245.0,24.0,161.0,1,-1,True,True,
0.65,0.85,0.8,0.8,0.1,0.1,0.05,0.2,10,10.0,1.0,False,4,6,5,4,2.4370995160041735,1.443829511417457,1.6359492093690706,0.19211969795161354,0.1008249452680127,2.195080014651407,1.9301756563160681,2.166242321204405,2.3701546165480147,98.0,16.0,74.0,23.0,-1,1,True,True,
0.85,0.65,0.8,0.8,0.1,0.1,0.2,0.05,10,10.0,1.0,False,6,4,4,5,2.4370995160041735,1.443829511417457,1.6359492093690706,0.19211969795161354,0.1008249452680127,1.9301756563160681,2.195080014651407,2.3701546165480147,2.166242321204405,16.0,98.0,23.0,74.0,1,-1,True,True,
0.6,0.85,0.8,0.8,0.1,0.1,0.01,0.1,10,10.0,1.0,False,3,7,6,4,2.356480057859565,1.7017235139400038,1.890482401195508,0.18875888725550416,0.09897666650639511,2.121880788858512,2.584212072614864,2.282596126293539,2.9013291341580922,656.0,27.0,323.0,49.0,-1,1,True,True,
0.85,0.6,0.8,0.8,0.1,0.1,0.1,0.01,10,10.0,1.0,False,7,3,4,6,2.356480057859565,1.7017235139400038,1.890482401195508,0.18875888725550416,0.09897666650639511,2.584212072614864,2.121880788858512,2.9013291341580922,2.282596126293539,27.0,656.0,49.0,323.0,1,-1,True,True,
0.5,0.8,0.8,0.8,0.1,0.1,0.01,0.1,10,10.0,1.0,False,3,7,6,4,2.0543975423603786,1.4036702653614066,1.591648730990269,0.18797846562886233,0.09854791758421004,1.8326479946114869,2.22089074700722,1.8846529925201025,2.6062307381127434,656.0,27.0,323.0,49.0,-1,1,True,True,
0.8,0.5,0.8,0.8,0.1,0.1,0.1,0.01,10,10.0,1.0,False,7,3,4,6,2.0543975423603786,1.4036702653614066,1.591648730990269,0.18797846562886233,0.09854791758421004,2.22089074700722,1.8326479946114869,2.6062307381127434,1.8846529925201025,27.0,656.0,49.0,323.0,1,-1,True,True,
0.5,0.75,0.8,0.8,0.1,0.1,0.02,0.1,10,10.0,1.0,False,3,7,6,4,1.9094170358590155,1.2683147683443385,1.455665229745055,0.18735046140071643,0.09820302536695462,1.8020929995922343,1.972626693118665,1.814569471216466,2.362728265669129,328.0,27.0,161.0,49.0,-1,1,True,True,
0.75,0.5,0.8,0.8,0.1,0.1,0.1,0.02,10,10.0,1.0,False,7,3,4,6,1.9094170358590155,1.2683147683443385,1.455665229745055,0.18735046140071643,0.09820302536695462,1.972626693118665,1.8020929995922343,2.362728265669129,1.814569471216466,27.0,328.0,49.0,161.0,1,-1,True,True,
0.85,0.95,0.8,0.8,0.1,0.1,0.01,0.2,10,10.0,1.0,False,4,6,6,4,3.1079493865310095,2.4306005926774517,2.6148105545431575,0.18420996186570582,0.09647992552431385,3.565533690210629,3.187659177547018,4.197121130424473,3.2557143352451194,490.0,16.0,323.0,24.0,-1,1,True,True,
0.95,0.85,0.8,0.8,0.1,0.1,0.2,0.01,10,10.0,1.0,False,6,4,4,6,3.1079493865310095,2.4306005926774517,2.6148105545431575,0.18420996186570582,0.09647992552431385,3.187659177547018,3.565533690210629,3.2557143352451194,4.197121130424473,16.0,490.0,24.0,323.0,1,-1,True,True,
0.55,0.8,0.8,0.8,0.1,0.1,0.02,0.1,10,10.0,1.0,False,3,7,6,4,2.1283293085145445,1.4585730710218239,1.6420077851003523,0.1834347140785284,0.09605498607000386,1.9360788536599576,2.22089074700722,1.981992732627951,2.6062307381127434,328.0,27.0,161.0,49.0,-1,1,True,True,
0.8,0.55,0.8,0.8,0.1,0.1,0.1,0.02,10,10.0,1.0,False,7,3,4,6,2.1283293085145445,1.4585730710218239,1.6420077851003523,0.1834347140785284,0.09605498607000386,2.22089074700722,1.9360788536599576,2.6062307381127434,1.981992732627951,27.0,328.0,49.0,161.0,1,-1,True,True,
0.8,0.9,0.8,0.8,0.1,0.1,0.05,0.2,10,10.0,1.0,False,4,6,6,4,2.8643455172435255,1.9271132228242285,2.106256315242478,0.17914309241824955,0.09370558100137388,2.9019305226049745,2.367269094264842,2.9852693637567205,2.7526561915758636,98.0,16.0,64.0,24.0,-1,1,True,True,
0.9,0.8,0.8,0.8,0.1,0.1,0.2,0.05,10,10.0,1.0,False,6,4,4,6,2.8643455172435255,1.9271132228242285,2.106256315242478,0.17914309241824955,0.09370558100137388,2.367269094264842,2.9019305226049745,2.7526561915758636,2.9852693637567205,16.0,98.0,24.0,64.0,1,-1,True,True,
0.55,0.85,0.8,0.8,0.1,0.1,0.005,0.1,10,10.0,1.0,False,3,7,6,4,2.281532154442409,1.6380933982117645,1.8154376097917568,0.17734421157999236,0.09272230026270352,1.9910711180612373,2.584212072614864,2.117568837082626,2.9013291341580922,1313.0,27.0,646.0,49.0,-1,1,True,True,
0.85,0.55,0.8,0.8,0.1,0.1,0.1,0.005,10,10.0,1.0,False,7,3,4,6,2.281532154442409,1.6380933982117645,1.8154376097917568,0.17734421157999236,0.09272230026270352,2.584212072614864,1.9910711180612373,2.9013291341580922,2.117568837082626,27.0,1313.0,49.0,646.0,1,-1,True,True,
0.5,0.8,0.8,0.8,0.1,0.1,0.02,0.1,10,10.0,1.0,False,3,7,6,4,2.0543975423603786,1.3868571197517632,1.5537532495231727,0.16689612977140955,0.08702875886402071,1.8020929995922343,2.22089074700722,1.814569471216466,2.6062307381127434,328.0,27.0,161.0,49.0,-1,1,True,True,
0.8,0.5,0.8,0.8,0.1,0.1,0.1,0.02,10,10.0,1.0,False,7,3,4,6,2.0543975423603786,1.3868571197517632,1.5537532495231727,0.16689612977140955,0.08702875886402071,2.22089074700722,1.8020929995922343,2.6062307381127434,1.814569471216466,27.0,328.0,49.0,161.0,1,-1,True,True,
0.8,0.95,0.8,0.8,0.1,0.1,0.005,0.2,10,10.0,1.0,False,4,6,6,4,3.0097035644036128,2.348186554894696,2.5099013729817754,0.16171481808707933,0.08421628610674978,3.2834664459344234,3.187659177547018,3.779114275659441,3.2557143352451194,980.0,16.0,646.0,24.0,-1,1,True,True,
0.95,0.8,0.8,0.8,0.1,0.1,0.2,0.005,10,10.0,1.0,False,6,4,4,6,3.0097035644036128,2.348186554894696,2.5099013729817754,0.16171481808707933,0.08421628610674978,3.187659177547018,3.2834664459344234,3.2557143352451194,3.779114275659441,16.0,980.0,24.0,646.0,1,-1,True,True,
0.85,0.95,0.8,0.8,0.1,0.1,0.02,0.2,10,10.0,1.0,False,4,6,6,4,3.1079493865310095,2.4015763965001007,2.5583387151627637,0.156762318662663,0.08153481720379475,3.4635343259762843,3.187659177547018,3.966670214048744,3.2557143352451194,245.0,16.0,161.0,24.0,-1,1,True,True,
0.95,0.85,0.8,0.8,0.1,0.1,0.2,0.02,10,10.0,1.0,False,6,4,4,6,3.1079493865310095,2.4015763965001007,2.5583387151627637,0.156762318662663,0.08153481720379475,3.187659177547018,3.4635343259762843,3.2557143352451194,3.966670214048744,16.0,245.0,24.0,161.0,1,-1,True,True,
0.75,0.9,0.8,0.8,0.1,0.1,0.05,0.2,10,10.0,1.0,False,4,6,6,4,2.76732617149505,1.8293025260583766,1.9816591507153398,0.1523566246569632,0.07915498364020802,2.631530237126082,2.367269094264842,2.6355524470969764,2.7526561915758636,98.0,16.0,64.0,24.0,-1,1,True,True,
0.9,0.75,0.8,0.8,0.1,0.1,0.2,0.05,10,10.0,1.0,False,6,4,4,6,2.76732617149505,1.8293025260583766,1.9816591507153398,0.1523566246569632,0.07915498364020802,2.367269094264842,2.631530237126082,2.7526561915758636,2.6355524470969764,16.0,98.0,24.0,64.0,1,-1,True,True,
0.7,0.8,0.8,0.8,0.1,0.1,0.005,0.1,10,10.0,1.0,False,4,6,6,4,2.394041848285459,1.8834630915299853,2.0342342895572085,0.15077119802722327,0.07829986209376547,2.7092359038927802,2.427341075550926,2.9338902527046766,2.6062307381127434,980.0,32.0,646.0,49.0,-1,1,True,True,
0.8,0.7,0.8,0.8,0.1,0.1,0.1,0.005,10,10.0,1.0,False,6,4,4,6,2.394041848285459,1.8834630915299853,2.0342342895572085,0.15077119802722327,0.07829986209376547,2.427341075550926,2.7092359038927802,2.6062307381127434,2.9338902527046766,32.0,980.0,49.0,646.0,1,-1,True,True,
0.65,0.75,0.8,0.8,0.1,0.1,0.005,0.1,10,10.0,1.0,False,4,6,6,4,2.169510818426761,1.672215939602192,1.8203093597702655,0.14809342016807348,0.07685710440731999,2.4693801731433425,2.1559873000202487,2.6129826944834393,2.362728265669129,980.0,32.0,646.0,49.0,-1,1,True,True,
0.75,0.65,0.8,0.8,0.1,0.1,0.1,0.005,10,10.0,1.0,False,6,4,4,6,2.169510818426761,1.672215939602192,1.8203093597702655,0.14809342016807348,0.07685710440731999,2.1559873000202487,2.4693801731433425,2.362728265669129,2.6129826944834393,32.0,980.0,49.0,646.0,1,-1,True,True,
0.8,0.95,0.8,0.8,0.1,0.1,0.01,0.2,10,10.0,1.0,False,4,6,6,4,3.0097035644036128,2.330816262355502,2.477017805132654,0.1462015427771517,0.07583894523677864,3.226924172825632,3.187659177547018,3.6568645346110387,3.2557143352451194,490.0,16.0,323.0,24.0,-1,1,True,True,
0.95,0.8,0.8,0.8,0.1,0.1,0.2,0.01,10,10.0,1.0,False,6,4,4,6,3.0097035644036128,2.330816262355502,2.477017805132654,0.1462015427771517,0.07583894523677864,3.187659177547018,3.226924172825632,3.2557143352451194,3.6568645346110387,16.0,490.0,24.0,323.0,1,-1,True,True,
0.75,0.85,0.8,0.8,0.1,0.1,0.005,0.1,10,10.0,1.0,False,4,6,6,4,2.626006189881766,2.1209832738725187,2.2645132734318993,0.14352999955938062,0.07440282949285364,2.979397843859451,2.7989995775159304,3.3179406997250345,2.9013291341580922,980.0,32.0,646.0,49.0,-1,1,True,True,
0.85,0.75,0.8,0.8,0.1,0.1,0.1,0.005,10,10.0,1.0,False,6,4,4,6,2.626006189881766,2.1209832738725187,2.2645132734318993,0.14352999955938062,0.07440282949285364,2.7989995775159304,2.979397843859451,2.9013291341580922,3.3179406997250345,32.0,980.0,49.0,646.0,1,-1,True,True,
0.6,0.7,0.8,0.8,0.1,0.1,0.005,0.1,10,10.0,1.0,False,4,6,6,4,1.9533698400180048,1.4811516447164514,1.6209357008027347,0.1397840560862833,0.07239238669853475,2.2566571967047633,1.948903765398115,2.3439463527662108,2.1578227266301155,980.0,32.0,646.0,49.0,-1,1,True,True,
0.7,0.6,0.8,0.8,0.1,0.1,0.1,0.005,10,10.0,1.0,False,6,4,4,6,1.9533698400180048,1.4811516447164514,1.6209357008027347,0.1397840560862833,0.07239238669853475,1.948903765398115,2.2566571967047633,2.1578227266301155,2.3439463527662108,32.0,980.0,49.0,646.0,1,-1,True,True,
0.7,0.8,0.8,0.8,0.1,0.1,0.01,0.1,10,10.0,1.0,False,4,6,6,4,2.394041848285459,1.866269225547684,2.0035280462658873,0.13725882071820328,0.07103921955301164,2.663051843889373,2.427341075550926,2.845170599286769,2.6062307381127434,490.0,32.0,323.0,49.0,-1,1,True,True,
0.8,0.7,0.8,0.8,0.1,0.1,0.1,0.01,10,10.0,1.0,False,6,4,4,6,2.394041848285459,1.866269225547684,2.0035280462658873,0.13725882071820328,0.07103921955301164,2.427341075550926,2.663051843889373,2.6062307381127434,2.845170599286769,32.0,490.0,49.0,323.0,1,-1,True,True,
0.65,0.75,0.8,0.8,0.1,0.1,0.01,0.1,10,10.0,1.0,False,4,6,6,4,2.169510818426761,1.655600766816028,1.7915620964897498,0.13596132967372188,0.0703446129909925,2.428689968370644,2.1559873000202487,2.538936012064679,2.362728265669129,490.0,32.0,323.0,49.0,-1,1,True,True,
0.75,0.65,0.8,0.8,0.1,0.1,0.1,0.01,10,10.0,1.0,False,6,4,4,6,2.169510818426761,1.655600766816028,1.7915620964897498,0.13596132967372188,0.0703446129909925,2.1559873000202487,2.428689968370644,2.362728265669129,2.538936012064679,32.0,490.0,49.0,323.0,1,-1,True,True,
0.55,0.65,0.8,0.8,0.1,0.1,0.005,0.1,10,10.0,1.0,False,4,6,7,3,1.7464260993368665,1.3062189028894347,1.4418194257550085,0.1356005228655739,0.07015153659561979,2.068218738990794,1.7852012940160515,2.119341106106695,1.995139922323499,980.0,32.0,551.0,65.0,-1,1,True,True,
0.65,0.55,0.8,0.8,0.1,0.1,0.1,0.005,10,10.0,1.0,False,6,4,3,7,1.7464260993368665,1.3062189028894347,1.4418194257550085,0.1356005228655739,0.07015153659561979,1.7852012940160515,2.068218738990794,1.995139922323499,2.119341106106695,32.0,980.0,65.0,551.0,1,-1,True,True,
0.7,0.9,0.8,0.8,0.1,0.1,0.05,0.2,10,10.0,1.0,False,4,6,6,4,2.671894294145034,1.7364196748858916,1.8697462797533824,0.13332660486749082,0.06893550959316508,2.3981141677100073,2.367269094264842,2.3565058418107934,2.7526561915758636,98.0,16.0,64.0,24.0,-1,1,True,True,
0.9,0.7,0.8,0.8,0.1,0.1,0.2,0.05,10,10.0,1.0,False,6,4,4,6,2.671894294145034,1.7364196748858916,1.8697462797533824,0.13332660486749082,0.06893550959316508,2.367269094264842,2.3981141677100073,2.7526561915758636,2.3565058418107934,16.0,98.0,24.0,64.0,1,-1,True,True,
0.5,0.6,0.8,0.8,0.1,0.1,0.005,0.1,10,10.0,1.0,False,4,6,7,3,1.5492963239382853,1.1446496329382974,1.2746265546287576,0.12997692169046027,0.06714671034209316,1.901479992246884,1.6520502737651044,1.9239447550019673,1.8593908171420621,980.0,32.0,551.0,65.0,-1,1,True,True,
0.6,0.5,0.8,0.8,0.1,0.1,0.1,0.005,10,10.0,1.0,False,6,4,3,7,1.5492963239382853,1.1446496329382974,1.2746265546287576,0.12997692169046027,0.06714671034209316,1.6520502737651044,1.901479992246884,1.8593908171420621,1.9239447550019673,32.0,980.0,65.0,551.0,1,-1,True,True,
0.6,0.75,0.8,0.8,0.1,0.1,0.005,0.1,10,10.0,1.0,False,4,6,6,4,2.078360733207351,1.5821333643099624,1.7116529805150829,0.12951961620512042,0.06690273221413928,2.2566571967047633,2.1559873000202487,2.3439463527662108,2.362728265669129,980.0,32.0,646.0,49.0,-1,1,True,True,
0.75,0.6,0.8,0.8,0.1,0.1,0.1,0.005,10,10.0,1.0,False,6,4,4,6,2.078360733207351,1.5821333643099624,1.7116529805150829,0.12951961620512042,0.06690273221413928,2.1559873000202487,2.2566571967047633,2.362728265669129,2.3439463527662108,32.0,980.0,49.0,646.0,1,-1,True,True,
0.6,0.7,0.8,0.8,0.1,0.1,0.01,0.1,10,10.0,1.0,False,4,6,6,4,1.9533698400180048,1.4653295024677275,1.5944131634721161,0.12908366100438862,0.06667019666143903,2.2212330276574193,1.948903765398115,2.282596126293539,2.1578227266301155,490.0,32.0,323.0,49.0,-1,1,True,True,
0.7,0.6,0.8,0.8,0.1,0.1,0.1,0.01,10,10.0,1.0,False,6,4,4,6,1.9533698400180048,1.4653295024677275,1.5944131634721161,0.12908366100438862,0.06667019666143903,1.948903765398115,2.2212330276574193,2.1578227266301155,2.282596126293539,32.0,490.0,49.0,323.0,1,-1,True,True,
0.75,0.85,0.8,0.8,0.1,0.1,0.01,0.1,10,10.0,1.0,False,4,6,6,4,2.626006189881766,2.103503481535938,2.2323278917103564,0.12882441017441826,0.06653193805565263,2.927771115019676,2.7989995775159304,3.2128517474336955,2.9013291341580922,490.0,32.0,323.0,49.0,-1,1,True,True,
0.85,0.75,0.8,0.8,0.1,0.1,0.1,0.01,10,10.0,1.0,False,6,4,4,6,2.626006189881766,2.103503481535938,2.2323278917103564,0.12882441017441826,0.06653193805565263,2.7989995775159304,2.927771115019676,2.9013291341580922,3.2128517474336955,32.0,490.0,49.0,323.0,1,-1,True,True,
0.65,0.8,0.8,0.8,0.1,0.1,0.005,0.1,10,10.0,1.0,False,4,6,6,4,2.3005670517578816,1.790763627779497,1.918397379548383,0.12763375176888614,0.06589718940819568,2.4693801731433425,2.427341075550926,2.6129826944834393,2.6062307381127434,980.0,32.0,646.0,49.0,-1,1,True,True,
0.8,0.65,0.8,0.8,0.1,0.1,0.1,0.005,10,10.0,1.0,False,6,4,4,6,2.3005670517578816,1.790763627779497,1.918397379548383,0.12763375176888614,0.06589718940819568,2.427341075550926,2.4693801731433425,2.6062307381127434,2.6129826944834393,32.0,980.0,49.0,646.0,1,-1,True,True,
0.55,0.7,0.8,0.8,0.1,0.1,0.005,0.1,10,10.0,1.0,False,4,6,6,4,1.864897512124684,1.3939547671662207,1.519368372068365,0.12541360490214437,0.06471462174543795,2.068218738990794,1.948903765398115,2.117568837082626,2.1578227266301155,980.0,32.0,646.0,49.0,-1,1,True,True,
0.7,0.55,0.8,0.8,0.1,0.1,0.1,0.005,10,10.0,1.0,False,6,4,4,6,1.864897512124684,1.3939547671662207,1.519368372068365,0.12541360490214437,0.06471462174543795,1.948903765398115,2.068218738990794,2.1578227266301155,2.117568837082626,32.0,980.0,49.0,646.0,1,-1,True,True,
0.5,0.65,0.8,0.8,0.1,0.1,0.005,0.1,10,10.0,1.0,False,4,6,7,3,1.6609559632124316,1.2221637048718186,1.3450918226002142,0.12292811772839563,0.06339227631575076,1.901479992246884,1.7852012940160515,1.9239447550019673,1.995139922323499,980.0,32.0,551.0,65.0,-1,1,True,True,
0.65,0.5,0.8,0.8,0.1,0.1,0.1,0.005,10,10.0,1.0,False,6,4,3,7,1.6609559632124316,1.2221637048718186,1.3450918226002142,0.12292811772839563,0.06339227631575076,1.7852012940160515,1.901479992246884,1.995139922323499,1.9239447550019673,32.0,980.0,65.0,551.0,1,-1,True,True,
0.55,0.65,0.8,0.8,0.1,0.1,0.01,0.1,10,10.0,1.0,False,4,6,7,3,1.7464260993368665,1.2913418090892737,1.4130931003274587,0.12175129123818507,0.06276674626875445,2.037677401286632,1.7852012940160515,2.059326352439506,1.995139922323499,490.0,32.0,275.0,65.0,-1,1,True,True,
0.65,0.55,0.8,0.8,0.1,0.1,0.1,0.01,10,10.0,1.0,False,6,4,3,7,1.7464260993368665,1.2913418090892737,1.4130931003274587,0.12175129123818507,0.06276674626875445,1.7852012940160515,2.037677401286632,1.995139922323499,2.059326352439506,32.0,490.0,65.0,275.0,1,-1,True,True,
0.8,0.9,0.8,0.8,0.1,0.1,0.005,0.1,10,10.0,1.0,False,4,6,6,4,2.8643455172435255,2.3945026668874863,2.5141676866777125,0.11966501979022626,0.06165871432379048,3.2834664459344234,3.3387716146112925,3.779114275659441,3.2696339054170633,980.0,32.0,646.0,49.0,-1,1,True,True,
0.9,0.8,0.8,0.8,0.1,0.1,0.1,0.005,10,10.0,1.0,False,6,4,4,6,2.8643455172435255,2.3945026668874863,2.5141676866777125,0.11966501979022626,0.06165871432379048,3.3387716146112925,3.2834664459344234,3.2696339054170633,3.779114275659441,32.0,980.0,49.0,646.0,1,-1,True,True,
0.8,0.95,0.8,0.8,0.1,0.1,0.02,0.2,10,10.0,1.0,False,4,6,6,4,3.0097035644036128,2.3006823764222513,2.41969630940021,0.1190139329779587,0.061313154580177706,3.1311349076343618,3.187659177547018,3.4531422029119385,3.2557143352451194,245.0,16.0,161.0,24.0,-1,1,True,True,
0.95,0.8,0.8,0.8,0.1,0.1,0.2,0.02,10,10.0,1.0,False,6,4,4,6,3.0097035644036128,2.3006823764222513,2.41969630940021,0.1190139329779587,0.061313154580177706,3.187659177547018,3.1311349076343618,3.2557143352451194,3.4531422029119385,16.0,245.0,24.0,161.0,1,-1,True,True,
0.6,0.75,0.8,0.8,0.1,0.1,0.01,0.1,10,10.0,1.0,False,4,6,6,4,2.078360733207351,1.5663112220612383,1.6851304431844643,0.11881922112322596,0.061209834483280955,2.2212330276574193,2.1559873000202487,2.282596126293539,2.362728265669129,490.0,32.0,323.0,49.0,-1,1,True,True,
0.75,0.6,0.8,0.8,0.1,0.1,0.1,0.01,10,10.0,1.0,False,6,4,4,6,2.078360733207351,1.5663112220612383,1.6851304431844643,0.11881922112322596,0.061209834483280955,2.1559873000202487,2.2212330276574193,2.362728265669129,2.282596126293539,32.0,490.0,49.0,323.0,1,-1,True,True,
0.5,0.6,0.8,0.8,0.1,0.1,0.01,0.1,10,10.0,1.0,False,4,6,7,3,1.5492963239382853,1.1308190663036704,1.2489571529132875,0.11813808660961711,0.06084848269684308,1.8753624728775729,1.6520502737651044,1.8751867163155262,1.8593908171420621,490.0,32.0,275.0,65.0,-1,1,True,True,
0.6,0.5,0.8,0.8,0.1,0.1,0.1,0.01,10,10.0,1.0,False,6,4,3,7,1.5492963239382853,1.1308190663036704,1.2489571529132875,0.11813808660961711,0.06084848269684308,1.6520502737651044,1.8753624728775729,1.8593908171420621,1.8751867163155262,32.0,490.0,65.0,275.0,1,-1,True,True,
0.55,0.7,0.8,0.8,0.1,0.1,0.01,0.1,10,10.0,1.0,False,4,6,6,4,1.864897512124684,1.37907767336606,1.495183582044379,0.11610590867831916,0.05977111370341538,2.037677401286632,1.948903765398115,2.0669702043058558,2.1578227266301155,490.0,32.0,323.0,49.0,-1,1,True,True,
0.7,0.55,0.8,0.8,0.1,0.1,0.1,0.01,10,10.0,1.0,False,6,4,4,6,1.864897512124684,1.37907767336606,1.495183582044379,0.11610590867831916,0.05977111370341538,1.948903765398115,2.037677401286632,2.1578227266301155,2.0669702043058558,32.0,490.0,49.0,323.0,1,-1,True,True,
0.7,0.85,0.8,0.8,0.1,0.1,0.005,0.1,10,10.0,1.0,False,4,6,6,4,2.5305743125317504,2.0259287004441506,2.1414982277901347,0.11556952734598402,0.05948693109171144,2.7092359038927802,2.7989995775159304,2.9338902527046766,2.9013291341580922,980.0,32.0,646.0,49.0,-1,1,True,True,
0.85,0.7,0.8,0.8,0.1,0.1,0.1,0.005,10,10.0,1.0,False,6,4,4,6,2.5305743125317504,2.0259287004441506,2.1414982277901347,0.11556952734598402,0.05948693109171144,2.7989995775159304,2.7092359038927802,2.9013291341580922,2.9338902527046766,32.0,980.0,49.0,646.0,1,-1,True,True,
0.65,0.8,0.8,0.8,0.1,0.1,0.01,0.1,10,10.0,1.0,False,4,6,6,4,2.3005670517578816,1.7741484549933328,1.8896501162678676,0.11550166127453476,0.059450980093795625,2.428689968370644,2.427341075550926,2.538936012064679,2.6062307381127434,490.0,32.0,323.0,49.0,-1,1,True,True,
0.8,0.65,0.8,0.8,0.1,0.1,0.1,0.01,10,10.0,1.0,False,6,4,4,6,2.3005670517578816,1.7741484549933328,1.8896501162678676,0.11550166127453476,0.059450980093795625,2.427341075550926,2.428689968370644,2.6062307381127434,2.538936012064679,32.0,490.0,49.0,323.0,1,-1,True,True,
0.55,0.75,0.8,0.8,0.1,0.1,0.005,0.1,10,10.0,1.0,False,4,6,6,4,1.9898884053140302,1.4949364867597315,1.6100856517807132,0.11514916502098171,0.05926427029725181,2.068218738990794,2.1559873000202487,2.117568837082626,2.362728265669129,980.0,32.0,646.0,49.0,-1,1,True,True,
0.75,0.55,0.8,0.8,0.1,0.1,0.1,0.005,10,10.0,1.0,False,6,4,4,6,1.9898884053140302,1.4949364867597315,1.6100856517807132,0.11514916502098171,0.05926427029725181,2.1559873000202487,2.068218738990794,2.362728265669129,2.117568837082626,32.0,980.0,49.0,646.0,1,-1,True,True,
0.5,0.7,0.8,0.8,0.1,0.1,0.005,0.1,10,10.0,1.0,False,4,6,6,4,1.7794273760002493,1.3098995691486048,1.4246846645037679,0.11478509535516301,0.05907146485198732,1.901479992246884,1.948903765398115,1.9262689552727252,2.1578227266301155,980.0,32.0,646.0,49.0,-1,1,True,True,
0.7,0.5,0.8,0.8,0.1,0.1,0.1,0.005,10,10.0,1.0,False,6,4,4,6,1.7794273760002493,1.3098995691486048,1.4246846645037679,0.11478509535516301,0.05907146485198732,1.948903765398115,1.901479992246884,2.1578227266301155,1.9262689552727252,32.0,980.0,49.0,646.0,1,-1,True,True,
0.65,0.75,0.8,0.8,0.1,0.1,0.02,0.1,10,10.0,1.0,False,4,6,6,4,2.169510818426761,1.6268204079270374,1.741592702488177,0.11477229456113958,0.05906468639584091,2.35978767182958,2.1559873000202487,2.415184559604082,2.362728265669129,245.0,32.0,161.0,49.0,-1,1,True,True,
0.75,0.65,0.8,0.8,0.1,0.1,0.1,0.02,10,10.0,1.0,False,6,4,4,6,2.169510818426761,1.6268204079270374,1.741592702488177,0.11477229456113958,0.05906468639584091,2.1559873000202487,2.35978767182958,2.362728265669129,2.415184559604082,32.0,245.0,49.0,161.0,1,-1,True,True,
0.7,0.8,0.8,0.8,0.1,0.1,0.02,0.1,10,10.0,1.0,False,4,6,6,4,2.394041848285459,1.8364723491087318,1.950106657654423,0.11363430854569123,0.05846225739975048,2.584871762546586,2.427341075550926,2.6971661338744872,2.6062307381127434,245.0,32.0,161.0,49.0,-1,1,True,True,
0.8,0.7,0.8,0.8,0.1,0.1,0.1,0.02,10,10.0,1.0,False,6,4,4,6,2.394041848285459,1.8364723491087318,1.950106657654423,0.11363430854569123,0.05846225739975048,2.427341075550926,2.584871762546586,2.6062307381127434,2.6971661338744872,32.0,245.0,49.0,161.0,1,-1,True,True,
0.5,0.65,0.8,0.8,0.1,0.1,0.01,0.1,10,10.0,1.0,False,4,6,7,3,1.6609559632124316,1.2083331382371916,1.319422420884744,0.11108928264755247,0.057116207085972336,1.8753624728775729,1.7852012940160515,1.8751867163155262,1.995139922323499,490.0,32.0,275.0,65.0,-1,1,True,True,
0.65,0.5,0.8,0.8,0.1,0.1,0.1,0.01,10,10.0,1.0,False,6,4,3,7,1.6609559632124316,1.2083331382371916,1.319422420884744,0.11108928264755247,0.057116207085972336,1.7852012940160515,1.8753624728775729,1.995139922323499,1.8751867163155262,32.0,490.0,65.0,275.0,1,-1,True,True,
0.6,0.7,0.8,0.8,0.1,0.1,0.02,0.1,10,10.0,1.0,False,4,6,6,4,1.9533698400180048,1.4379346304953486,1.548345757282225,0.11041112678687637,0.0567578230738351,2.161208568311209,1.948903765398115,2.17982814448223,2.1578227266301155,245.0,32.0,161.0,49.0,-1,1,True,True,
0.7,0.6,0.8,0.8,0.1,0.1,0.1,0.02,10,10.0,1.0,False,6,4,4,6,1.9533698400180048,1.4379346304953486,1.548345757282225,0.11041112678687637,0.0567578230738351,1.948903765398115,2.161208568311209,2.1578227266301155,2.17982814448223,32.0,245.0,49.0,161.0,1,-1,True,True,
0.6,0.8,0.8,0.8,0.1,0.1,0.005,0.1,10,10.0,1.0,False,4,6,6,4,2.209416966538472,1.7006810524872673,1.8097410002932004,0.10905994780593309,0.056044129703608295,2.2566571967047633,2.427341075550926,2.3439463527662108,2.6062307381127434,980.0,32.0,646.0,49.0,-1,1,True,True,
0.8,0.6,0.8,0.8,0.1,0.1,0.1,0.005,10,10.0,1.0,False,6,4,4,6,2.209416966538472,1.7006810524872673,1.8097410002932004,0.10905994780593309,0.056044129703608295,2.427341075550926,2.2566571967047633,2.6062307381127434,2.3439463527662108,32.0,980.0,49.0,646.0,1,-1,True,True,
0.8,0.9,0.8,0.8,0.1,0.1,0.1,0.2,10,10.0,1.0,False,4,6,5,4,2.8643455172435255,1.8196420257455488,1.9267696556233536,0.10712762987780478,0.05502431593168641,2.6062307381127434,2.367269094264842,2.529309009364001,2.715085674887813,49.0,16.0,37.0,23.0,-1,1,True,True,
0.9,0.8,0.8,0.8,0.1,0.1,0.2,0.1,10,10.0,1.0,False,6,4,4,5,2.8643455172435255,1.8196420257455488,1.9267696556233536,0.10712762987780478,0.05502431593168641,2.367269094264842,2.6062307381127434,2.715085674887813,2.529309009364001,16.0,49.0,23.0,37.0,1,-1,True,True,
0.5,0.7,0.8,0.8,0.1,0.1,0.01,0.1,10,10.0,1.0,False,4,6,6,4,1.7794273760002493,1.2960690025139776,1.4028434314998033,0.10677442898582568,0.0548380146178948,1.8753624728775729,1.948903765398115,1.8846529925201025,2.1578227266301155,490.0,32.0,323.0,49.0,-1,1,True,True,
0.7,0.5,0.8,0.8,0.1,0.1,0.1,0.01,10,10.0,1.0,False,6,4,4,6,1.7794273760002493,1.2960690025139776,1.4028434314998033,0.10677442898582568,0.0548380146178948,1.948903765398115,1.8753624728775729,2.1578227266301155,1.8846529925201025,32.0,490.0,49.0,323.0,1,-1,True,True,
0.55,0.75,0.8,0.8,0.1,0.1,0.01,0.1,10,10.0,1.0,False,4,6,6,4,1.9898884053140302,1.4800593929595705,1.585900861756727,0.1058414687971565,0.05434606843180056,2.037677401286632,2.1559873000202487,2.0669702043058558,2.362728265669129,490.0,32.0,323.0,49.0,-1,1,True,True,
0.75,0.55,0.8,0.8,0.1,0.1,0.1,0.01,10,10.0,1.0,False,6,4,4,6,1.9898884053140302,1.4800593929595705,1.585900861756727,0.1058414687971565,0.05434606843180056,2.1559873000202487,2.037677401286632,2.362728265669129,2.0669702043058558,32.0,490.0,49.0,323.0,1,-1,True,True,
0.8,0.9,0.8,0.8,0.1,0.1,0.01,0.1,10,10.0,1.0,False,4,6,6,4,2.8643455172435255,2.3771323743482924,2.481284118828591,0.10415174448029862,0.0534556675226746,3.226924172825632,3.3387716146112925,3.6568645346110387,3.2696339054170633,490.0,32.0,323.0,49.0,-1,1,True,True,
0.9,0.8,0.8,0.8,0.1,0.1,0.1,0.01,10,10.0,1.0,False,6,4,4,6,2.8643455172435255,2.3771323743482924,2.481284118828591,0.10415174448029862,0.0534556675226746,3.3387716146112925,3.226924172825632,3.2696339054170633,3.6568645346110387,32.0,490.0,49.0,323.0,1,-1,True,True,
0.75,0.85,0.8,0.8,0.1,0.1,0.02,0.1,10,10.0,1.0,False,4,6,6,4,2.626006189881766,2.073195739233549,2.1762793148178705,0.10308357558432135,0.052893183454372356,2.8403681658713906,2.7989995775159304,3.0377294979690377,2.9013291341580922,245.0,32.0,161.0,49.0,-1,1,True,True,
0.85,0.75,0.8,0.8,0.1,0.1,0.1,0.02,10,10.0,1.0,False,6,4,4,6,2.626006189881766,2.073195739233549,2.1762793148178705,0.10308357558432135,0.052893183454372356,2.7989995775159304,2.8403681658713906,2.9013291341580922,3.0377294979690377,32.0,245.0,49.0,161.0,1,-1,True,True,
0.55,0.65,0.8,0.8,0.1,0.1,0.02,0.1,10,10.0,1.0,False,4,6,6,4,1.7464260993368665,1.2655929768441134,1.3686755605075815,0.10308258366346812,0.0528926612611494,1.9858793195918247,1.7852012940160515,1.981992732627951,1.9829245319363624,245.0,32.0,161.0,49.0,-1,1,True,True,
0.65,0.55,0.8,0.8,0.1,0.1,0.1,0.02,10,10.0,1.0,False,6,4,4,6,1.7464260993368665,1.2655929768441134,1.3686755605075815,0.10308258366346812,0.0528926612611494,1.7852012940160515,1.9858793195918247,1.9829245319363624,1.981992732627951,32.0,245.0,49.0,161.0,1,-1,True,True,
0.7,0.85,0.8,0.8,0.1,0.1,0.01,0.1,10,10.0,1.0,False,4,6,6,4,2.5305743125317504,2.008734834461849,2.110791984498813,0.10205715003696403,0.05235296385896011,2.663051843889373,2.7989995775159304,2.845170599286769,2.9013291341580922,490.0,32.0,323.0,49.0,-1,1,True,True,
0.85,0.7,0.8,0.8,0.1,0.1,0.1,0.01,10,10.0,1.0,False,6,4,4,6,2.5305743125317504,2.008734834461849,2.110791984498813,0.10205715003696403,0.05235296385896011,2.7989995775159304,2.663051843889373,2.9013291341580922,2.845170599286769,32.0,490.0,49.0,323.0,1,-1,True,True,
0.6,0.75,0.8,0.8,0.1,0.1,0.02,0.1,10,10.0,1.0,False,4,6,6,4,2.078360733207351,1.5389163500888592,1.639063036994573,0.10014668690571371,0.05134820305572137,2.161208568311209,2.1559873000202487,2.17982814448223,2.362728265669129,245.0,32.0,161.0,49.0,-1,1,True,True,
0.75,0.6,0.8,0.8,0.1,0.1,0.1,0.02,10,10.0,1.0,False,6,4,4,6,2.078360733207351,1.5389163500888592,1.639063036994573,0.10014668690571371,0.05134820305572137,2.1559873000202487,2.161208568311209,2.362728265669129,2.17982814448223,32.0,245.0,49.0,161.0,1,-1,True,True,
0.55,0.7,0.8,0.8,0.1,0.1,0.02,0.1,10,10.0,1.0,False,4,6,6,4,1.864897512124684,1.3533288411208995,1.4532024856098866,0.09987364448898717,0.051204681525718915,1.9858793195918247,1.948903765398115,1.981992732627951,2.1578227266301155,245.0,32.0,161.0,49.0,-1,1,True,True,
0.7,0.55,0.8,0.8,0.1,0.1,0.1,0.02,10,10.0,1.0,False,6,4,4,6,1.864897512124684,1.3533288411208995,1.4532024856098866,0.09987364448898717,0.051204681525718915,1.948903765398115,1.9858793195918247,2.1578227266301155,1.981992732627951,32.0,245.0,49.0,161.0,1,-1,True,True,
0.5,0.6,0.8,0.8,0.1,0.1,0.02,0.1,10,10.0,1.0,False,4,6,6,3,1.5492963239382853,1.106889123733008,1.2064910741363626,0.09960195040335451,0.0510618881775856,1.831017854797355,1.6520502737651044,1.8079228929103834,1.8483853252195346,245.0,32.0,153.0,62.0,-1,1,True,True,
0.6,0.5,0.8,0.8,0.1,0.1,0.1,0.02,10,10.0,1.0,False,6,4,3,6,1.5492963239382853,1.106889123733008,1.2064910741363626,0.09960195040335451,0.0510618881775856,1.6520502737651044,1.831017854797355,1.8483853252195346,1.8079228929103834,32.0,245.0,62.0,153.0,1,-1,True,True,
0.6,0.8,0.8,0.8,0.1,0.1,0.01,0.1,10,10.0,1.0,False,4,6,6,4,2.209416966538472,1.6848589102385432,1.783218462962582,0.09835955272403885,0.05040917250633951,2.2212330276574193,2.427341075550926,2.282596126293539,2.6062307381127434,490.0,32.0,323.0,49.0,-1,1,True,True,
0.8,0.6,0.8,0.8,0.1,0.1,0.1,0.01,10,10.0,1.0,False,6,4,4,6,2.209416966538472,1.6848589102385432,1.783218462962582,0.09835955272403885,0.05040917250633951,2.427341075550926,2.2212330276574193,2.6062307381127434,2.282596126293539,32.0,490.0,49.0,323.0,1,-1,True,True,
0.5,0.65,0.8,0.8,0.1,0.1,0.02,0.1,10,10.0,1.0,False,4,6,6,4,1.6609559632124316,1.1844031956665293,1.280421024930402,0.0960178292638727,0.04918000833639042,1.831017854797355,1.7852012940160515,1.814569471216466,1.9829245319363624,245.0,32.0,161.0,49.0,-1,1,True,True,
0.65,0.5,0.8,0.8,0.1,0.1,0.1,0.02,10,10.0,1.0,False,6,4,4,6,1.6609559632124316,1.1844031956665293,1.280421024930402,0.0960178292638727,0.04918000833639042,1.7852012940160515,1.831017854797355,1.9829245319363624,1.814569471216466,32.0,245.0,49.0,161.0,1,-1,True,True,
0.65,0.8,0.8,0.8,0.1,0.1,0.02,0.1,10,10.0,1.0,False,4,6,6,4,2.3005670517578816,1.7453680961043423,1.8396807222662948,0.09431262616195246,0.048285857065592006,2.35978767182958,2.427341075550926,2.415184559604082,2.6062307381127434,245.0,32.0,161.0,49.0,-1,1,True,True,
0.8,0.65,0.8,0.8,0.1,0.1,0.1,0.02,10,10.0,1.0,False,6,4,4,6,2.3005670517578816,1.7453680961043423,1.8396807222662948,0.09431262616195246,0.048285857065592006,2.427341075550926,2.35978767182958,2.6062307381127434,2.415184559604082,32.0,245.0,49.0,161.0,1,-1,True,True,
0.5,0.7,0.8,0.8,0.1,0.1,0.02,0.1,10,10.0,1.0,False,4,6,6,4,1.7794273760002493,1.2721390599433153,1.364947950032707,0.09280889008939175,0.047497980663437196,1.831017854797355,1.948903765398115,1.814569471216466,2.1578227266301155,245.0,32.0,161.0,49.0,-1,1,True,True,
0.7,0.5,0.8,0.8,0.1,0.1,0.1,0.02,10,10.0,1.0,False,6,4,4,6,1.7794273760002493,1.2721390599433153,1.364947950032707,0.09280889008939175,0.047497980663437196,1.948903765398115,1.831017854797355,2.1578227266301155,1.814569471216466,32.0,245.0,49.0,161.0,1,-1,True,True,
0.65,0.85,0.8,0.8,0.1,0.1,0.005,0.1,10,10.0,1.0,False,4,6,6,4,2.4370995160041735,1.933229236693662,2.025661317781309,0.09243208108764711,0.04730064591918626,2.4693801731433425,2.7989995775159304,2.6129826944834393,2.9013291341580922,980.0,32.0,646.0,49.0,-1,1,True,True,
0.85,0.65,0.8,0.8,0.1,0.1,0.1,0.005,10,10.0,1.0,False,6,4,4,6,2.4370995160041735,1.933229236693662,2.025661317781309,0.09243208108764711,0.04730064591918626,2.7989995775159304,2.4693801731433425,2.9013291341580922,2.6129826944834393,32.0,980.0,49.0,646.0,1,-1,True,True,
0.55,0.75,0.8,0.8,0.1,0.1,0.02,0.1,10,10.0,1.0,False,4,6,6,4,1.9898884053140302,1.4543105607144104,1.5439197653222345,0.08960920460782407,0.04582348844235404,1.9858793195918247,2.1559873000202487,1.981992732627951,2.362728265669129,245.0,32.0,161.0,49.0,-1,1,True,True,
0.75,0.55,0.8,0.8,0.1,0.1,0.1,0.02,10,10.0,1.0,False,6,4,4,6,1.9898884053140302,1.4543105607144104,1.5439197653222345,0.08960920460782407,0.04582348844235404,2.1559873000202487,1.9858793195918247,2.362728265669129,1.981992732627951,32.0,245.0,49.0,161.0,1,-1,True,True,
0.75,0.9,0.8,0.8,0.1,0.1,0.005,0.1,10,10.0,1.0,False,4,6,6,4,2.76732617149505,2.2973241735647267,2.3840223424252183,0.08669816886049153,0.044302380930354865,2.979397843859451,3.3387716146112925,3.3179406997250345,3.2696339054170633,980.0,32.0,646.0,49.0,-1,1,True,True,
0.9,0.75,0.8,0.8,0.1,0.1,0.1,0.005,10,10.0,1.0,False,6,4,4,6,2.76732617149505,2.2973241735647267,2.3840223424252183,0.08669816886049153,0.044302380930354865,3.3387716146112925,2.979397843859451,3.2696339054170633,3.3179406997250345,32.0,980.0,49.0,646.0,1,-1,True,True,
0.85,0.95,0.8,0.8,0.1,0.1,0.05,0.2,10,10.0,1.0,False,4,6,6,4,3.1079493865310095,2.3282720523894884,2.414604045017763,0.08633199262827462,0.0441111990768795,3.2187246352810948,3.187659177547018,3.435602585949758,3.2557143352451194,98.0,16.0,64.0,24.0,-1,1,True,True,
0.95,0.85,0.8,0.8,0.1,0.1,0.2,0.05,10,10.0,1.0,False,6,4,4,6,3.1079493865310095,2.3282720523894884,2.414604045017763,0.08633199262827462,0.0441111990768795,3.187659177547018,3.2187246352810948,3.2557143352451194,3.435602585949758,16.0,98.0,24.0,64.0,1,-1,True,True,
0.65,0.85,0.8,0.8,0.1,0.1,0.01,0.1,10,10.0,1.0,False,4,6,6,4,2.4370995160041735,1.916614063907498,1.9969140545007935,0.08029999059329551,0.040966902622189744,2.428689968370644,2.7989995775159304,2.538936012064679,2.9013291341580922,490.0,32.0,323.0,49.0,-1,1,True,True,
0.85,0.65,0.8,0.8,0.1,0.1,0.1,0.01,10,10.0,1.0,False,6,4,4,6,2.4370995160041735,1.916614063907498,1.9969140545007935,0.08029999059329551,0.040966902622189744,2.7989995775159304,2.428689968370644,2.9013291341580922,2.538936012064679,32.0,490.0,49.0,323.0,1,-1,True,True,
0.5,0.6,0.8,0.8,0.1,0.1,0.05,0.1,10,10.0,1.0,False,4,6,4,3,1.5492963239382853,1.0468989692726702,1.1269129907600934,0.0800140214874232,0.04081807107555662,1.7244046536184965,1.6520502737651044,1.6966531970218361,1.8189426810266514,98.0,32.0,83.0,55.0,-1,1,True,True,
0.6,0.5,0.8,0.8,0.1,0.1,0.1,0.05,10,10.0,1.0,False,6,4,3,4,1.5492963239382853,1.0468989692726702,1.1269129907600934,0.0800140214874232,0.04081807107555662,1.6520502737651044,1.7244046536184965,1.8189426810266514,1.6966531970218361,32.0,98.0,55.0,83.0,1,-1,True,True,
0.6,0.8,0.8,0.8,0.1,0.1,0.02,0.1,10,10.0,1.0,False,4,6,6,4,2.209416966538472,1.657464038266164,1.7371510567726909,0.07968701850652682,0.040647909680850254,2.161208568311209,2.427341075550926,2.17982814448223,2.6062307381127434,245.0,32.0,161.0,49.0,-1,1,True,True,
0.8,0.6,0.8,0.8,0.1,0.1,0.1,0.02,10,10.0,1.0,False,6,4,4,6,2.209416966538472,1.657464038266164,1.7371510567726909,0.07968701850652682,0.040647909680850254,2.427341075550926,2.161208568311209,2.6062307381127434,2.17982814448223,32.0,245.0,49.0,161.0,1,-1,True,True,
0.7,0.85,0.8,0.8,0.1,0.1,0.02,0.1,10,10.0,1.0,False,4,6,6,4,2.5305743125317504,1.978937958022897,2.057370595887349,0.07843263786445198,0.03999543002014324,2.584871762546586,2.7989995775159304,2.6971661338744872,2.9013291341580922,245.0,32.0,161.0,49.0,-1,1,True,True,
0.85,0.7,0.8,0.8,0.1,0.1,0.1,0.02,10,10.0,1.0,False,6,4,4,6,2.5305743125317504,1.978937958022897,2.057370595887349,0.07843263786445198,0.03999543002014324,2.7989995775159304,2.584871762546586,2.9013291341580922,2.6971661338744872,32.0,245.0,49.0,161.0,1,-1,True,True,
0.6,0.7,0.8,0.8,0.1,0.1,0.05,0.1,10,10.0,1.0,False,4,6,5,4,1.9533698400180048,1.3691371410254485,1.4392228301427696,0.07008568911732116,0.035664080419521425,2.0175221461307475,1.948903765398115,1.9796041123774109,2.1304344981741448,98.0,32.0,74.0,46.0,-1,1,True,True,
0.7,0.6,0.8,0.8,0.1,0.1,0.1,0.05,10,10.0,1.0,False,6,4,4,5,1.9533698400180048,1.3691371410254485,1.4392228301427696,0.07008568911732116,0.035664080419521425,1.948903765398115,2.0175221461307475,2.1304344981741448,1.9796041123774109,32.0,98.0,46.0,74.0,1,-1,True,True,
0.65,0.75,0.8,0.8,0.1,0.1,0.05,0.1,10,10.0,1.0,False,4,6,5,4,2.169510818426761,1.5544672615076438,1.6197559705520992,0.06528870904445538,0.033183027021878295,2.195080014651407,2.1559873000202487,2.166242321204405,2.3320832183536218,98.0,32.0,74.0,46.0,-1,1,True,True,
0.75,0.65,0.8,0.8,0.1,0.1,0.1,0.05,10,10.0,1.0,False,6,4,4,5,2.169510818426761,1.5544672615076438,1.6197559705520992,0.06528870904445538,0.033183027021878295,2.1559873000202487,2.195080014651407,2.3320832183536218,2.166242321204405,32.0,98.0,46.0,74.0,1,-1,True,True,
0.6,0.75,0.8,0.8,0.1,0.1,0.05,0.1,10,10.0,1.0,False,4,6,5,4,2.078360733207351,1.4701188606189592,1.5296588347232865,0.05953997410432721,0.03021754332505221,2.0175221461307475,2.1559873000202487,1.9796041123774109,2.3320832183536218,98.0,32.0,74.0,46.0,-1,1,True,True,
0.75,0.6,0.8,0.8,0.1,0.1,0.1,0.05,10,10.0,1.0,False,6,4,4,5,2.078360733207351,1.4701188606189592,1.5296588347232865,0.05953997410432721,0.03021754332505221,2.1559873000202487,2.0175221461307475,2.3320832183536218,1.9796041123774109,32.0,98.0,46.0,74.0,1,-1,True,True,
0.6,0.7,0.8,0.8,0.1,0.1,0.005,0.05,10,10.0,1.0,False,4,6,6,4,1.9533698400180048,1.6710645482078474,1.7265186494335434,0.05545410122569594,0.028115022754569882,2.2566571967047633,2.3565058418107934,2.3439463527662108,2.3981141677100073,980.0,64.0,646.0,98.0,-1,1,True,True,
0.7,0.6,0.8,0.8,0.1,0.1,0.05,0.005,10,10.0,1.0,False,6,4,4,6,1.9533698400180048,1.6710645482078474,1.7265186494335434,0.05545410122569594,0.028115022754569882,2.3565058418107934,2.2566571967047633,2.3981141677100073,2.3439463527662108,64.0,980.0,98.0,646.0,1,-1,True,True,
0.65,0.75,0.8,0.8,0.1,0.1,0.005,0.05,10,10.0,1.0,False,4,6,6,4,2.169510818426761,1.8730599944620345,1.928057879861211,0.05499788539917638,0.027880528328172238,2.4693801731433425,2.6355524470969764,2.6129826944834393,2.631530237126082,980.0,64.0,646.0,98.0,-1,1,True,True,
0.75,0.65,0.8,0.8,0.1,0.1,0.05,0.005,10,10.0,1.0,False,6,4,4,6,2.169510818426761,1.8730599944620345,1.928057879861211,0.05499788539917638,0.027880528328172238,2.6355524470969764,2.4693801731433425,2.631530237126082,2.6129826944834393,64.0,980.0,98.0,646.0,1,-1,True,True,
0.55,0.65,0.8,0.8,0.1,0.1,0.005,0.05,10,10.0,1.0,False,4,6,6,4,1.7464260993368665,1.482468894308431,1.5364871546802363,0.05401826037180535,0.027377182865340015,2.068218738990794,2.1292741990859185,2.117568837082626,2.195080014651407,980.0,64.0,646.0,98.0,-1,1,True,True,
0.65,0.55,0.8,0.8,0.1,0.1,0.05,0.005,10,10.0,1.0,False,6,4,4,6,1.7464260993368665,1.482468894308431,1.5364871546802363,0.05401826037180535,0.027377182865340015,2.1292741990859185,2.068218738990794,2.195080014651407,2.117568837082626,64.0,980.0,98.0,646.0,1,-1,True,True,
0.5,0.6,0.8,0.8,0.1,0.1,0.005,0.05,10,10.0,1.0,False,4,6,6,4,1.5492963239382853,1.3059714430690117,1.3574550462269541,0.051483603157942426,0.026075983069405586,1.901479992246884,1.9412632419848266,1.9262689552727252,2.0175221461307475,980.0,64.0,646.0,98.0,-1,1,True,True,
0.6,0.5,0.8,0.8,0.1,0.1,0.05,0.005,10,10.0,1.0,False,6,4,4,6,1.5492963239382853,1.3059714430690117,1.3574550462269541,0.051483603157942426,0.026075983069405586,1.9412632419848266,1.901479992246884,2.0175221461307475,1.9262689552727252,64.0,980.0,98.0,646.0,1,-1,True,True,
0.6,0.7,0.8,0.8,0.1,0.1,0.01,0.05,10,10.0,1.0,False,4,6,6,4,1.9533698400180048,1.6552424059591235,1.6999961121029248,0.04475370614380125,0.022629092778596954,2.2212330276574193,2.3565058418107934,2.282596126293539,2.3981141677100073,490.0,64.0,323.0,98.0,-1,1,True,True,
0.7,0.6,0.8,0.8,0.1,0.1,0.05,0.01,10,10.0,1.0,False,6,4,4,6,1.9533698400180048,1.6552424059591235,1.6999961121029248,0.04475370614380125,0.022629092778596954,2.3565058418107934,2.2212330276574193,2.3981141677100073,2.282596126293539,64.0,490.0,98.0,323.0,1,-1,True,True,
0.55,0.65,0.8,0.8,0.1,0.1,0.01,0.05,10,10.0,1.0,False,4,6,6,4,1.7464260993368665,1.46759180050827,1.5123023646562501,0.044710564147980136,0.022607033886490362,2.037677401286632,2.1292741990859185,2.0669702043058558,2.195080014651407,490.0,64.0,323.0,98.0,-1,1,True,True,
0.65,0.55,0.8,0.8,0.1,0.1,0.05,0.01,10,10.0,1.0,False,6,4,4,6,1.7464260993368665,1.46759180050827,1.5123023646562501,0.044710564147980136,0.022607033886490362,2.1292741990859185,2.037677401286632,2.195080014651407,2.0669702043058558,64.0,490.0,98.0,323.0,1,-1,True,True,
0.5,0.6,0.8,0.8,0.1,0.1,0.01,0.05,10,10.0,1.0,False,4,6,6,4,1.5492963239382853,1.2921408764343845,1.3356138132229896,0.04347293678860509,0.021974426418241384,1.8753624728775729,1.9412632419848266,1.8846529925201025,2.0175221461307475,490.0,64.0,323.0,98.0,-1,1,True,True,
0.6,0.5,0.8,0.8,0.1,0.1,0.05,0.01,10,10.0,1.0,False,6,4,4,6,1.5492963239382853,1.2921408764343845,1.3356138132229896,0.04347293678860509,0.021974426418241384,1.9412632419848266,1.8753624728775729,2.0175221461307475,1.8846529925201025,64.0,490.0,98.0,323.0,1,-1,True,True,
0.5,0.65,0.8,0.8,0.1,0.1,0.005,0.05,10,10.0,1.0,False,4,6,6,4,1.6609559632124316,1.398413696290815,1.441803447115639,0.04338975082482399,0.021931920338414197,1.901479992246884,2.1292741990859185,1.9262689552727252,2.195080014651407,980.0,64.0,646.0,98.0,-1,1,True,True,
0.65,0.5,0.8,0.8,0.1,0.1,0.05,0.005,10,10.0,1.0,False,6,4,4,6,1.6609559632124316,1.398413696290815,1.441803447115639,0.04338975082482399,0.021931920338414197,2.1292741990859185,1.901479992246884,2.195080014651407,1.9262689552727252,64.0,980.0,98.0,646.0,1,-1,True,True,
0.55,0.7,0.8,0.8,0.1,0.1,0.005,0.05,10,10.0,1.0,False,4,6,6,4,1.864897512124684,1.5838676706576167,1.6249513206991737,0.04108365004155701,0.02075426041853851,2.068218738990794,2.3565058418107934,2.117568837082626,2.3981141677100073,980.0,64.0,646.0,98.0,-1,1,True,True,
0.7,0.55,0.8,0.8,0.1,0.1,0.05,0.005,10,10.0,1.0,False,6,4,4,6,1.864897512124684,1.5838676706576167,1.6249513206991737,0.04108365004155701,0.02075426041853851,2.3565058418107934,2.068218738990794,2.3981141677100073,2.117568837082626,64.0,980.0,98.0,646.0,1,-1,True,True,
0.5,0.65,0.8,0.8,0.1,0.1,0.01,0.05,10,10.0,1.0,False,4,6,6,4,1.6609559632124316,1.384583129656188,1.4199622141116741,0.03537908445548621,0.017846928842596546,1.8753624728775729,2.1292741990859185,1.8846529925201025,2.195080014651407,490.0,64.0,323.0,98.0,-1,1,True,True,
0.65,0.5,0.8,0.8,0.1,0.1,0.05,0.01,10,10.0,1.0,False,6,4,4,6,1.6609559632124316,1.384583129656188,1.4199622141116741,0.03537908445548621,0.017846928842596546,2.1292741990859185,1.8753624728775729,2.195080014651407,1.8846529925201025,64.0,490.0,98.0,323.0,1,-1,True,True,
0.5,0.6,0.8,0.8,0.1,0.1,0.02,0.05,10,10.0,1.0,False,4,6,6,4,1.5492963239382853,1.2682109338637222,1.2977183317558934,0.02950739789217116,0.014863071986049711,1.831017854797355,1.9412632419848266,1.814569471216466,2.0175221461307475,245.0,64.0,161.0,98.0,-1,1,True,True,
0.6,0.5,0.8,0.8,0.1,0.1,0.05,0.02,10,10.0,1.0,False,6,4,4,6,1.5492963239382853,1.2682109338637222,1.2977183317558934,0.02950739789217116,0.014863071986049711,1.9412632419848266,1.831017854797355,2.0175221461307475,1.814569471216466,64.0,245.0,98.0,161.0,1,-1,True,True,
