{
  "async_speculative": true,
  "batch_size": 1,
  "calibration_schema_version": 1,
  "dataset": "gsm",
  "draft_model": "0.6",
  "draft_temperature": null,
  "f": 4,
  "fan_out_list_hit": null,
  "fan_out_list_miss": null,
  "gpus": 2,
  "input_len": 128,
  "k": 8,
  "metric_stats": {
    "accepted_suffix_lens_on_hit": {
      "count": 53,
      "max": 9.0,
      "mean": 4.018867924528302,
      "min": 1.0,
      "p50": 2.0,
      "p90": 9.0,
      "p95": 9.0,
      "p99": 9.0,
      "sum": 213.0
    },
    "accepted_suffix_lens_on_miss": {
      "count": 22,
      "max": 9.0,
      "mean": 2.3181818181818183,
      "min": 1.0,
      "p50": 1.5,
      "p90": 3.0,
      "p95": 7.7499999999999964,
      "p99": 8.79,
      "sum": 51.0
    },
    "accepted_suffix_lens_with_recovery": {
      "count": 75,
      "max": 9.0,
      "mean": 3.52,
      "min": 1.0,
      "p50": 2.0,
      "p90": 9.0,
      "p95": 9.0,
      "p99": 9.0,
      "sum": 264.0
    },
    "cache_hits": {
      "count": 75,
      "max": 1.0,
      "mean": 0.7066666666666667,
      "min": 0.0,
      "p50": 1.0,
      "p90": 1.0,
      "p95": 1.0,
      "p99": 1.0,
      "sum": 53.0
    },
    "target_step_times_ms": {
      "count": 76,
      "max": 1712.5758863985538,
      "mean": 107.88201597078066,
      "min": 68.65054974332452,
      "p50": 71.59895356744528,
      "p90": 118.95486735738814,
      "p95": 120.72308117058128,
      "p99": 584.9170723231509,
      "sum": 8199.03321377933
    },
    "target_verify_times_ms": {
      "count": 75,
      "max": 101.13761108368635,
      "mean": 65.12540170922875,
      "min": 64.24451898783445,
      "p50": 64.5516156218946,
      "p90": 65.10109920054674,
      "p95": 65.2504819445312,
      "p99": 75.00758517533559,
      "sum": 4884.405128192157
    }
  },
  "metrics_accepted_suffix_tokens_per_target_verify_second": 54.04957063782978,
  "metrics_avg_accepted_suffix_lens_on_hit": 4.018867924528302,
  "metrics_avg_accepted_suffix_lens_on_miss": 2.3181818181818183,
  "metrics_avg_accepted_suffix_lens_with_recovery": 3.52,
  "metrics_avg_cache_hits": 0.7066666666666667,
  "metrics_avg_target_step_time_ms": 107.88201597078066,
  "metrics_avg_target_verify_time_ms": 65.12540170922875,
  "metrics_decode_throughput": 40.70250281777218,
  "metrics_decode_tokens_per_target_verify_second": 54.04957063782978,
  "metrics_decode_total_time": 6.486087629105896,
  "metrics_decode_total_tokens": 264,
  "metrics_prefill_throughput": 298.9712627763559,
  "metrics_prefill_total_time": 1.712539175990969,
  "metrics_prefill_total_tokens": 512,
  "metrics_spec_steps": 75,
  "metrics_target_verify_total_time": 4.8844051281921566,
  "metrics_total_accepted_suffix_lens_with_recovery": 264,
  "mode": "CUDA Graphs + Speculative(k=8) + Async + JIT",
  "model_name": "Qwen3-8B",
  "numseqs": 4,
  "official_end_to_end_throughput": 31.208482563575398,
  "official_total_time": 8.202898025512695,
  "official_total_tokens": 256,
  "output_len": 64,
  "random_mode": false,
  "raw_metrics": {
    "accepted_suffix_lens_on_hit": [
      1.0,
      2.0,
      9.0,
      9.0,
      9.0,
      9.0,
      9.0,
      9.0,
      9.0,
      6.0,
      1.0,
      1.0,
      1.0,
      1.0,
      1.0,
      2.0,
      3.0,
      3.0,
      1.0,
      1.0,
      2.0,
      1.0,
      2.0,
      1.0,
      9.0,
      1.0,
      1.0,
      1.0,
      2.0,
      6.0,
      2.0,
      1.0,
      2.0,
      2.0,
      1.0,
      6.0,
      2.0,
      2.0,
      2.0,
      4.0,
      4.0,
      1.0,
      3.0,
      1.0,
      1.0,
      3.0,
      9.0,
      9.0,
      9.0,
      9.0,
      9.0,
      9.0,
      9.0
    ],
    "accepted_suffix_lens_on_miss": [
      3.0,
      2.0,
      9.0,
      8.0,
      1.0,
      3.0,
      3.0,
      1.0,
      2.0,
      1.0,
      1.0,
      2.0,
      1.0,
      1.0,
      1.0,
      2.0,
      1.0,
      1.0,
      3.0,
      1.0,
      1.0,
      3.0
    ],
    "accepted_suffix_lens_with_recovery": [
      3.0,
      1.0,
      2.0,
      9.0,
      9.0,
      9.0,
      9.0,
      9.0,
      9.0,
      9.0,
      2.0,
      9.0,
      6.0,
      1.0,
      1.0,
      8.0,
      1.0,
      1.0,
      1.0,
      2.0,
      3.0,
      3.0,
      1.0,
      1.0,
      1.0,
      3.0,
      3.0,
      2.0,
      1.0,
      1.0,
      2.0,
      2.0,
      1.0,
      9.0,
      1.0,
      1.0,
      1.0,
      1.0,
      1.0,
      2.0,
      6.0,
      2.0,
      2.0,
      1.0,
      2.0,
      2.0,
      1.0,
      1.0,
      1.0,
      6.0,
      2.0,
      1.0,
      2.0,
      2.0,
      1.0,
      2.0,
      4.0,
      1.0,
      4.0,
      1.0,
      3.0,
      3.0,
      1.0,
      1.0,
      1.0,
      1.0,
      3.0,
      3.0,
      9.0,
      9.0,
      9.0,
      9.0,
      9.0,
      9.0,
      9.0
    ],
    "cache_hits": [
      0.0,
      1.0,
      1.0,
      1.0,
      1.0,
      1.0,
      1.0,
      1.0,
      1.0,
      1.0,
      0.0,
      0.0,
      1.0,
      1.0,
      1.0,
      0.0,
      1.0,
      1.0,
      1.0,
      1.0,
      1.0,
      1.0,
      1.0,
      0.0,
      1.0,
      0.0,
      0.0,
      1.0,
      0.0,
      1.0,
      1.0,
      0.0,
      1.0,
      1.0,
      0.0,
      1.0,
      0.0,
      1.0,
      1.0,
      1.0,
      1.0,
      0.0,
      1.0,
      1.0,
      1.0,
      1.0,
      0.0,
      1.0,
      0.0,
      1.0,
      1.0,
      0.0,
      1.0,
      0.0,
      0.0,
      1.0,
      1.0,
      0.0,
      1.0,
      1.0,
      1.0,
      0.0,
      0.0,
      1.0,
      1.0,
      0.0,
      1.0,
      0.0,
      1.0,
      1.0,
      1.0,
      1.0,
      1.0,
      1.0,
      1.0
    ],
    "decode_total_time": 6.486087629105896,
    "decode_total_tokens": 264.0,
    "prefill_total_time": 1.712539175990969,
    "prefill_total_tokens": 512.0,
    "target_step_times": [
      1.7125758863985538,
      0.2090308009646833,
      0.07117032818496227,
      0.06988141778856516,
      0.07022412586957216,
      0.07096323883160949,
      0.07114882813766599,
      0.07053825305774808,
      0.07141034584492445,
      0.07044268306344748,
      0.0698183299973607,
      0.11820390867069364,
      0.11872170493006706,
      0.07394328294321895,
      0.07054275320842862,
      0.07084386004135013,
      0.11840385710820556,
      0.07250964501872659,
      0.07100442936643958,
      0.07220189785584807,
      0.07097278907895088,
      0.0706076929345727,
      0.07079839985817671,
      0.07027275627478957,
      0.1234170631505549,
      0.0695330617018044,
      0.11806577118113637,
      0.11722031701356173,
      0.06946591287851334,
      0.11824609898030758,
      0.07258557481691241,
      0.07108669821172953,
      0.12048793816938996,
      0.0743678086437285,
      0.07179841212928295,
      0.11771035380661488,
      0.07266924390569329,
      0.11869038501754403,
      0.07039997400715947,
      0.06950774323195219,
      0.07043661270290613,
      0.07040079403668642,
      0.11752162594348192,
      0.07209018897265196,
      0.06865054974332452,
      0.06941174296662211,
      0.0694000730291009,
      0.11849346570670605,
      0.07094003027305007,
      0.11824283795431256,
      0.07120054727420211,
      0.07030694466084242,
      0.11849206732586026,
      0.07378066377714276,
      0.12001191265881062,
      0.12093561375513673,
      0.07561089796945453,
      0.07085902988910675,
      0.11849797703325748,
      0.07046091323718429,
      0.07042401423677802,
      0.07043335400521755,
      0.11846033716574311,
      0.11918802978470922,
      0.07360109593719244,
      0.07151095382869244,
      0.11851938720792532,
      0.07154816389083862,
      0.12065223697572947,
      0.07612766325473785,
      0.07302620075643063,
      0.07111885817721486,
      0.07531892973929644,
      0.07164974324405193,
      0.0704764542169869,
      0.06974973017349839
    ],