{
  "async_speculative": true,
  "batch_size": 1,
  "calibration_schema_version": 1,
  "dataset": "gsm",
  "draft_model": "0.6",
  "draft_temperature": null,
  "f": 1,
  "fan_out_list_hit": null,
  "fan_out_list_miss": null,
  "gpus": 2,
  "input_len": 128,
  "k": 8,
  "metric_stats": {
    "accepted_suffix_lens_on_hit": {
      "count": 38,
      "max": 9.0,
      "mean": 4.368421052631579,
      "min": 1.0,
      "p50": 2.0,
      "p90": 9.0,
      "p95": 9.0,
      "p99": 9.0,
      "sum": 166.0
    },
    "accepted_suffix_lens_on_miss": {
      "count": 37,
      "max": 9.0,
      "mean": 2.6486486486486487,
      "min": 1.0,
      "p50": 2.0,
      "p90": 6.799999999999997,
      "p95": 9.0,
      "p99": 9.0,
      "sum": 98.0
    },
    "accepted_suffix_lens_with_recovery": {
      "count": 75,
      "max": 9.0,
      "mean": 3.52,
      "min": 1.0,
      "p50": 2.0,
      "p90": 9.0,
      "p95": 9.0,
      "p99": 9.0,
      "sum": 264.0
    },
    "cache_hits": {
      "count": 75,
      "max": 1.0,
      "mean": 0.5066666666666667,
      "min": 0.0,
      "p50": 1.0,
      "p90": 1.0,
      "p95": 1.0,
      "p99": 1.0,
      "sum": 38.0
    },
    "target_step_times_ms": {
      "count": 76,
      "max": 1013.1335952319205,
      "mean": 105.51963575600989,
      "min": 67.23744980990887,
      "p50": 92.17202314175665,
      "p90": 116.47729109972715,
      "p95": 116.89621489495039,
      "p99": 425.50093529280275,
      "sum": 8019.492317456752
    },
    "target_verify_times_ms": {
      "count": 75,
      "max": 79.91000730544329,
      "mean": 64.81960467994213,
      "min": 64.22974774613976,
      "p50": 64.52388502657413,
      "p90": 65.14086881652474,
      "p95": 65.2750535402447,
      "p99": 69.19866161420948,
      "sum": 4861.47035099566
    }
  },
  "metrics_accepted_suffix_tokens_per_target_verify_second": 54.30455827956065,
  "metrics_avg_accepted_suffix_lens_on_hit": 4.368421052631579,
  "metrics_avg_accepted_suffix_lens_on_miss": 2.6486486486486487,
  "metrics_avg_accepted_suffix_lens_with_recovery": 3.52,
  "metrics_avg_cache_hits": 0.5066666666666667,
  "metrics_avg_target_step_time_ms": 105.51963575600989,
  "metrics_avg_target_verify_time_ms": 64.81960467994213,
  "metrics_decode_throughput": 37.68195429616673,
  "metrics_decode_tokens_per_target_verify_second": 54.30455827956065,
  "metrics_decode_total_time": 7.0060060559771955,
  "metrics_decode_total_tokens": 264,
  "metrics_prefill_throughput": 505.368920478364,
  "metrics_prefill_total_time": 1.0131212649866939,
  "metrics_prefill_total_tokens": 512,
  "metrics_spec_steps": 75,
  "metrics_target_verify_total_time": 4.86147035099566,
  "metrics_total_accepted_suffix_lens_with_recovery": 264,
  "mode": "CUDA Graphs + Speculative(k=8) + Async + JIT",
  "model_name": "Qwen3-8B",
  "numseqs": 4,
  "official_end_to_end_throughput": 31.908683798597927,
  "official_total_time": 8.022894382476807,
  "official_total_tokens": 256,
  "output_len": 64,
  "random_mode": false,
  "raw_metrics": {
    "accepted_suffix_lens_on_hit": [
      1.0,
      2.0,
      9.0,
      9.0,
      9.0,
      9.0,
      9.0,
      9.0,
      9.0,
      6.0,
      1.0,
      1.0,
      2.0,
      3.0,
      1.0,
      2.0,
      1.0,
      2.0,
      1.0,
      1.0,
      1.0,
      2.0,
      2.0,
      2.0,
      2.0,
      6.0,
      2.0,
      2.0,
      1.0,
      1.0,
      1.0,
      3.0,
      9.0,
      9.0,
      9.0,
      9.0,
      9.0,
      9.0
    ],
    "accepted_suffix_lens_on_miss": [
      3.0,
      2.0,
      9.0,
      1.0,
      8.0,
      1.0,
      1.0,
      3.0,
      1.0,
      1.0,
      3.0,
      3.0,
      1.0,
      2.0,
      9.0,
      1.0,
      1.0,
      1.0,
      6.0,
      2.0,
      1.0,
      1.0,
      1.0,
      1.0,
      1.0,
      2.0,
      1.0,
      2.0,
      4.0,
      1.0,
      4.0,
      3.0,
      3.0,
      1.0,
      1.0,
      3.0,
      9.0
    ],
    "accepted_suffix_lens_with_recovery": [
      3.0,
      1.0,
      2.0,
      9.0,
      9.0,
      9.0,
      9.0,
      9.0,
      9.0,
      9.0,
      2.0,
      9.0,
      6.0,
      1.0,
      1.0,
      8.0,
      1.0,
      1.0,
      1.0,
      2.0,
      3.0,
      3.0,
      1.0,
      1.0,
      1.0,
      3.0,
      3.0,
      2.0,
      1.0,
      1.0,
      2.0,
      2.0,
      1.0,
      9.0,
      1.0,
      1.0,
      1.0,
      1.0,
      1.0,
      2.0,
      6.0,
      2.0,
      2.0,
      1.0,
      2.0,
      2.0,
      1.0,
      1.0,
      1.0,
      6.0,
      2.0,
      1.0,
      2.0,
      2.0,
      1.0,
      2.0,
      4.0,
      1.0,
      4.0,
      1.0,
      3.0,
      3.0,
      1.0,
      1.0,
      1.0,
      1.0,
      3.0,
      3.0,
      9.0,
      9.0,
      9.0,
      9.0,
      9.0,
      9.0,
      9.0
    ],
    "cache_hits": [
      0.0,
      1.0,
      1.0,
      1.0,
      1.0,
      1.0,
      1.0,
      1.0,
      1.0,
      1.0,
      0.0,
      0.0,
      1.0,
      1.0,
      0.0,
      0.0,
      0.0,
      0.0,
      1.0,
      1.0,
      0.0,
      1.0,
      0.0,
      0.0,
      1.0,
      0.0,
      0.0,
      1.0,
      0.0,
      1.0,
      1.0,
      0.0,
      1.0,
      0.0,
      0.0,
      1.0,
      0.0,
      1.0,
      0.0,
      1.0,
      0.0,
      0.0,
      1.0,
      0.0,
      1.0,
      1.0,
      0.0,
      0.0,
      0.0,
      1.0,
      1.0,
      0.0,
      1.0,
      0.0,
      0.0,
      0.0,
      0.0,
      0.0,
      0.0,
      1.0,
      0.0,
      0.0,
      0.0,
      1.0,
      1.0,
      0.0,
      1.0,
      0.0,
      0.0,
      1.0,
      1.0,
      1.0,
      1.0,
      1.0,
      1.0
    ],
    "decode_total_time": 7.0060060559771955,
    "decode_total_tokens": 264.0,
    "prefill_total_time": 1.0131212649866939,
    "prefill_total_tokens": 512.0,
    "target_step_times": [
      1.0131335952319205,
      0.2296233819797635,
      0.06875404668971896,
      0.06839445978403091,
      0.06831703102216125,
      0.06843025982379913,
      0.06736898887902498,
      0.06723744980990887,
      0.06831205124035478,
      0.06835285061970353,
      0.06892097601667047,
      0.11590910609811544,
      0.1158776069059968,
      0.06997854635119438,
      0.06922646285966039,
      0.11663474887609482,
      0.11592376697808504,
      0.11672970885410905,
      0.11739573301747441,
      0.0690116141922772,
      0.06899588508531451,
      0.11582433711737394,
      0.068607437890023,
      0.11532264202833176,
      0.1158855757676065,
      0.06858921889215708,
      0.11543454974889755,
      0.11626679264008999,
      0.06847154023125768,
      0.11641893209889531,
      0.06877091713249683,
      0.06861828779801726,
      0.11530422186478972,
      0.06832972075790167,
      0.11549405986443162,
      0.11593255586922169,
      0.06844272976741195,
      0.11639007227495313,
      0.06737929908558726,
      0.11506244400516152,
      0.06893704505637288,
      0.11621878342702985,
      0.11625203397125006,
      0.06830638134852052,
      0.11471255728974938,
      0.06880904594436288,
      0.06863264832645655,
      0.11651951121166348,
      0.11563037894666195,
      0.11652194103226066,
      0.0676230969838798,
      0.0683572911657393,
      0.1154207312501967,
      0.06836060993373394,
      0.11520571215078235,
      0.11538063222542405,
      0.11589740589261055,
      0.11608341475948691,
      0.11631624307483435,
      0.11643507098779082,
      0.06973437778651714,
      0.1160447858273983,
      0.11789878876879811,
      0.11630144296213984,
      0.06832659104838967,
      0.06727075995877385,
      0.11436549993231893,
      0.06842096010223031,
      0.1159583660773933,
      0.11632228223606944,
      0.06851189862936735,
      0.06837854068726301,
      0.06823721108958125,
      0.06848959904164076,
      0.06828831089660525,
      0.0682487622834742
    ],