{
  "async_speculative": true,
  "batch_size": 1,
  "calibration_schema_version": 1,
  "dataset": "gsm",
  "draft_model": "0.6",
  "draft_temperature": null,
  "f": 2,
  "fan_out_list_hit": null,
  "fan_out_list_miss": null,
  "gpus": 2,
  "input_len": 128,
  "k": 6,
  "metric_stats": {
    "accepted_suffix_lens_on_hit": {
      "count": 52,
      "max": 7.0,
      "mean": 3.923076923076923,
      "min": 1.0,
      "p50": 2.5,
      "p90": 7.0,
      "p95": 7.0,
      "p99": 7.0,
      "sum": 204.0
    },
    "accepted_suffix_lens_on_miss": {
      "count": 30,
      "max": 7.0,
      "mean": 2.1666666666666665,
      "min": 1.0,
      "p50": 1.5,
      "p90": 4.0,
      "p95": 5.6499999999999915,
      "p99": 7.0,
      "sum": 65.0
    },
    "accepted_suffix_lens_with_recovery": {
      "count": 82,
      "max": 7.0,
      "mean": 3.2804878048780486,
      "min": 1.0,
      "p50": 2.0,
      "p90": 7.0,
      "p95": 7.0,
      "p99": 7.0,
      "sum": 269.0
    },
    "cache_hits": {
      "count": 82,
      "max": 1.0,
      "mean": 0.6341463414634146,
      "min": 0.0,
      "p50": 1.0,
      "p90": 1.0,
      "p95": 1.0,
      "p99": 1.0,
      "sum": 52.0
    },
    "target_step_times_ms": {
      "count": 83,
      "max": 1021.9309632666409,
      "mean": 94.88207003079265,
      "min": 68.22155229747295,
      "p50": 70.00806601718068,
      "p90": 106.01489096879959,
      "p95": 107.10439174436033,
      "p99": 338.25173188931626,
      "sum": 7875.21181255579
    },
    "target_verify_times_ms": {
      "count": 82,
      "max": 96.53236996382475,
      "mean": 65.05887942365939,
      "min": 64.18596813455224,
      "p50": 64.63521393015981,
      "p90": 65.1692352257669,
      "p95": 65.4217581031844,
      "p99": 71.47461888380342,
      "sum": 5334.82811274007
    }
  },
  "metrics_accepted_suffix_tokens_per_target_verify_second": 50.42336778529055,
  "metrics_avg_accepted_suffix_lens_on_hit": 3.923076923076923,
  "metrics_avg_accepted_suffix_lens_on_miss": 2.1666666666666665,
  "metrics_avg_accepted_suffix_lens_with_recovery": 3.2804878048780486,
  "metrics_avg_cache_hits": 0.6341463414634146,
  "metrics_avg_target_step_time_ms": 94.88207003079265,
  "metrics_avg_target_verify_time_ms": 65.05887942365939,
  "metrics_decode_throughput": 39.253637795859674,
  "metrics_decode_tokens_per_target_verify_second": 50.42336778529055,
  "metrics_decode_total_time": 6.852868042420596,
  "metrics_decode_total_tokens": 269,
  "metrics_prefill_throughput": 501.0204755392912,
  "metrics_prefill_total_time": 1.021914322860539,
  "metrics_prefill_total_tokens": 512,
  "metrics_spec_steps": 82,
  "metrics_target_verify_total_time": 5.33482811274007,
  "metrics_total_accepted_suffix_lens_with_recovery": 269,
  "mode": "CUDA Graphs + Speculative(k=6) + Async + JIT",
  "model_name": "Qwen3-8B",
  "numseqs": 4,
  "official_end_to_end_throughput": 32.49088550720875,
  "official_total_time": 7.8791327476501465,
  "official_total_tokens": 256,
  "output_len": 64,
  "random_mode": false,
  "raw_metrics": {
    "accepted_suffix_lens_on_hit": [
      1.0,
      2.0,
      7.0,
      7.0,
      7.0,
      7.0,
      7.0,
      7.0,
      7.0,
      7.0,
      7.0,
      2.0,
      6.0,
      1.0,
      1.0,
      1.0,
      1.0,
      2.0,
      3.0,
      1.0,
      2.0,
      1.0,
      2.0,
      1.0,
      7.0,
      7.0,
      1.0,
      1.0,
      1.0,
      2.0,
      6.0,
      2.0,
      2.0,
      2.0,
      1.0,
      6.0,
      2.0,
      2.0,
      1.0,
      3.0,
      1.0,
      1.0,
      3.0,
      7.0,
      7.0,
      7.0,
      7.0,
      7.0,
      7.0,
      7.0,
      7.0,
      7.0
    ],
    "accepted_suffix_lens_on_miss": [
      3.0,
      2.0,
      7.0,
      1.0,
      7.0,
      1.0,
      3.0,
      1.0,
      1.0,
      3.0,
      3.0,
      1.0,
      2.0,
      1.0,
      1.0,
      2.0,
      1.0,
      1.0,
      1.0,
      1.0,
      2.0,
      1.0,
      2.0,
      4.0,
      1.0,
      4.0,
      3.0,
      1.0,
      1.0,
      3.0
    ],
    "accepted_suffix_lens_with_recovery": [
      3.0,
      1.0,
      2.0,
      7.0,
      7.0,
      7.0,
      7.0,
      7.0,
      7.0,
      7.0,
      7.0,
      7.0,
      2.0,
      7.0,
      2.0,
      6.0,
      1.0,
      1.0,
      7.0,
      1.0,
      1.0,
      1.0,
      1.0,
      2.0,
      3.0,
      3.0,
      1.0,
      1.0,
      1.0,
      3.0,
      3.0,
      2.0,
      1.0,
      1.0,
      2.0,
      2.0,
      1.0,
      7.0,
      7.0,
      1.0,
      1.0,
      1.0,
      1.0,
      1.0,
      2.0,
      6.0,
      2.0,
      2.0,
      1.0,
      2.0,
      2.0,
      1.0,
      1.0,
      1.0,
      6.0,
      2.0,
      1.0,
      2.0,
      2.0,
      1.0,
      2.0,
      4.0,
      1.0,
      4.0,
      1.0,
      3.0,
      3.0,
      1.0,
      1.0,
      1.0,
      1.0,
      3.0,
      3.0,
      7.0,
      7.0,
      7.0,
      7.0,
      7.0,
      7.0,
      7.0,
      7.0,
      7.0
    ],
    "cache_hits": [
      0.0,
      1.0,
      1.0,
      1.0,
      1.0,
      1.0,
      1.0,
      1.0,
      1.0,
      1.0,
      1.0,
      1.0,
      0.0,
      0.0,
      1.0,
      1.0,
      1.0,
      0.0,
      0.0,
      1.0,
      1.0,
      0.0,
      1.0,
      1.0,
      0.0,
      1.0,
      0.0,
      0.0,
      1.0,
      0.0,
      0.0,
      1.0,
      0.0,
      1.0,
      1.0,
      0.0,
      1.0,
      1.0,
      1.0,
      0.0,
      1.0,
      0.0,
      1.0,
      1.0,
      1.0,
      1.0,
      0.0,
      1.0,
      0.0,
      1.0,
      1.0,
      0.0,
      1.0,
      0.0,
      1.0,
      1.0,
      0.0,
      1.0,
      0.0,
      0.0,
      0.0,
      0.0,
      0.0,
      0.0,
      1.0,
      1.0,
      0.0,
      0.0,
      1.0,
      1.0,
      0.0,
      1.0,
      0.0,
      1.0,
      1.0,
      1.0,
      1.0,
      1.0,
      1.0,
      1.0,
      1.0,
      1.0
    ],
    "decode_total_time": 6.852868042420596,
    "decode_total_tokens": 269.0,
    "prefill_total_time": 1.021914322860539,
    "prefill_total_tokens": 512.0,