{
  "async_speculative": true,
  "batch_size": 1,
  "calibration_schema_version": 1,
  "dataset": "gsm",
  "draft_model": "0.6",
  "draft_temperature": null,
  "f": 4,
  "fan_out_list_hit": null,
  "fan_out_list_miss": null,
  "gpus": 2,
  "input_len": 128,
  "k": 4,
  "metric_stats": {
    "accepted_suffix_lens_on_hit": {
      "count": 70,
      "max": 5.0,
      "mean": 3.142857142857143,
      "min": 1.0,
      "p50": 3.0,
      "p90": 5.0,
      "p95": 5.0,
      "p99": 5.0,
      "sum": 220.0
    },
    "accepted_suffix_lens_on_miss": {
      "count": 22,
      "max": 5.0,
      "mean": 2.0,
      "min": 1.0,
      "p50": 1.5,
      "p90": 3.0,
      "p95": 4.899999999999999,
      "p99": 5.0,
      "sum": 44.0
    },
    "accepted_suffix_lens_with_recovery": {
      "count": 92,
      "max": 5.0,
      "mean": 2.869565217391304,
      "min": 1.0,
      "p50": 2.0,
      "p90": 5.0,
      "p95": 5.0,
      "p99": 5.0,
      "sum": 264.0
    },
    "cache_hits": {
      "count": 92,
      "max": 1.0,
      "mean": 0.7608695652173914,
      "min": 0.0,
      "p50": 1.0,
      "p90": 1.0,
      "p95": 1.0,
      "p99": 1.0,
      "sum": 70.0
    },
    "target_step_times_ms": {
      "count": 93,
      "max": 1065.3772917576134,
      "mean": 87.60354155173866,
      "min": 68.11174424365163,
      "p50": 69.70384996384382,
      "p90": 92.70243346691132,
      "p95": 93.10772009193897,
      "p99": 325.5979070067392,
      "sum": 8147.129364311695
    },
    "target_verify_times_ms": {
      "count": 92,
      "max": 92.25244913250208,
      "mean": 64.65545286545935,
      "min": 64.0748399309814,
      "p50": 64.26319270394742,
      "p90": 64.78351899422705,
      "p95": 64.97224420309067,
      "p99": 67.68878231290738,
      "sum": 5948.30166362226
    }
  },
  "metrics_accepted_suffix_tokens_per_target_verify_second": 44.382416180156426,
  "metrics_avg_accepted_suffix_lens_on_hit": 3.142857142857143,
  "metrics_avg_accepted_suffix_lens_on_miss": 2.0,
  "metrics_avg_accepted_suffix_lens_with_recovery": 2.869565217391304,
  "metrics_avg_cache_hits": 0.7608695652173914,
  "metrics_avg_target_step_time_ms": 87.60354155173866,
  "metrics_avg_target_verify_time_ms": 64.65545286545935,
  "metrics_decode_throughput": 37.28106764265706,
  "metrics_decode_tokens_per_target_verify_second": 44.382416180156426,
  "metrics_decode_total_time": 7.081342265475541,
  "metrics_decode_total_tokens": 264,
  "metrics_prefill_throughput": 480.5899156474747,
  "metrics_prefill_total_time": 1.065357352141291,
  "metrics_prefill_total_tokens": 512,
  "metrics_spec_steps": 92,
  "metrics_target_verify_total_time": 5.94830166362226,
  "metrics_total_accepted_suffix_lens_with_recovery": 264,
  "mode": "CUDA Graphs + Speculative(k=4) + Async + JIT",
  "model_name": "Qwen3-8B",
  "numseqs": 4,
  "official_end_to_end_throughput": 31.407190132401436,
  "official_total_time": 8.150999784469604,
  "official_total_tokens": 256,
  "output_len": 64,
  "random_mode": false,
  "raw_metrics": {
    "accepted_suffix_lens_on_hit": [
      1.0,
      2.0,
      5.0,
      5.0,
      5.0,
      5.0,
      5.0,
      5.0,
      5.0,
      5.0,
      5.0,
      5.0,
      5.0,
      5.0,
      4.0,
      5.0,
      1.0,
      1.0,
      1.0,
      3.0,
      1.0,
      1.0,
      1.0,
      2.0,
      3.0,
      3.0,
      1.0,
      1.0,
      2.0,
      1.0,
      2.0,
      1.0,
      5.0,
      5.0,
      1.0,
      1.0,
      1.0,
      2.0,
      5.0,
      1.0,
      2.0,
      1.0,
      2.0,
      2.0,
      1.0,
      5.0,
      1.0,
      2.0,
      2.0,
      2.0,
      4.0,
      4.0,
      1.0,
      3.0,
      1.0,
      1.0,
      3.0,
      5.0,
      5.0,
      5.0,
      5.0,
      5.0,
      5.0,
      5.0,
      5.0,
      5.0,
      5.0,
      5.0,
      5.0,
      5.0
    ],
    "accepted_suffix_lens_on_miss": [
      3.0,
      2.0,
      5.0,
      5.0,
      1.0,
      3.0,
      3.0,
      1.0,
      2.0,
      1.0,
      1.0,
      2.0,
      1.0,
      1.0,
      1.0,
      2.0,
      1.0,
      1.0,
      3.0,
      1.0,
      1.0,
      3.0
    ],
    "accepted_suffix_lens_with_recovery": [
      3.0,
      1.0,
      2.0,
      5.0,
      5.0,
      5.0,
      5.0,
      5.0,
      5.0,
      5.0,
      5.0,
      5.0,
      5.0,
      5.0,
      5.0,
      2.0,
      5.0,
      4.0,
      5.0,
      1.0,
      1.0,
      1.0,
      5.0,
      3.0,
      1.0,
      1.0,
      1.0,
      2.0,
      3.0,
      3.0,
      1.0,
      1.0,
      1.0,
      3.0,
      3.0,
      2.0,
      1.0,
      1.0,
      2.0,
      2.0,
      1.0,
      5.0,
      5.0,
      1.0,
      1.0,
      1.0,
      1.0,
      1.0,
      2.0,
      5.0,
      1.0,
      2.0,
      2.0,
      1.0,
      2.0,
      2.0,
      1.0,
      1.0,
      1.0,
      5.0,
      1.0,
      2.0,
      1.0,
      2.0,
      2.0,
      1.0,
      2.0,
      4.0,
      1.0,
      4.0,
      1.0,
      3.0,
      3.0,
      1.0,
      1.0,
      1.0,
      1.0,
      3.0,
      3.0,
      5.0,
      5.0,
      5.0,
      5.0,
      5.0,
      5.0,
      5.0,
      5.0,
      5.0,
      5.0,
      5.0,
      5.0,
      5.0
    ],
    "cache_hits": [
      0.0,
      1.0,
      1.0,
      1.0,
      1.0,
      1.0,
      1.0,
      1.0,
      1.0,
      1.0,
      1.0,
      1.0,
      1.0,
      1.0,
      1.0,
      0.0,
      0.0,
      1.0,
      1.0,
      1.0,
      1.0,
      1.0,
      0.0,
      1.0,
      1.0,
      1.0,
      1.0,
      1.0,
      1.0,
      1.0,
      1.0,
      0.0,
      1.0,
      0.0,
      0.0,
      1.0,
      0.0,
      1.0,
      1.0,
      0.0,
      1.0,
      1.0,
      1.0,
      0.0,
      1.0,
      0.0,
      1.0,
      1.0,
      1.0,
      1.0,
      1.0,
      0.0,
      1.0,
      1.0,
      1.0,
      1.0,
      0.0,
      1.0,
      0.0,
      1.0,
      1.0,
      1.0,
      0.0,
      1.0,
      0.0,
      0.0,
      1.0,
      1.0,
      0.0,
      1.0,
      1.0,
      1.0,
      0.0,
      0.0,
      1.0,
      1.0,
      0.0,
      1.0,
      0.0,
      1.0,
      1.0,
      1.0,
      1.0,
      1.0,
      1.0,
      1.0,
      1.0,
      1.0,
      1.0,
      1.0,
      1.0,
      1.0
    ],
    "decode_total_time": 7.081342265475541,
    "decode_total_tokens": 264.0,
    "prefill_total_time": 1.065357352141291,
    "prefill_total_tokens": 512.0,