{
  "async_speculative": true,
  "batch_size": 1,
  "calibration_schema_version": 1,
  "dataset": "gsm",
  "draft_model": "0.6",
  "draft_temperature": null,
  "f": 2,
  "fan_out_list_hit": null,
  "fan_out_list_miss": null,
  "gpus": 2,
  "input_len": 128,
  "k": 8,
  "metric_stats": {
    "accepted_suffix_lens_on_hit": {
      "count": 45,
      "max": 9.0,
      "mean": 4.355555555555555,
      "min": 1.0,
      "p50": 2.0,
      "p90": 9.0,
      "p95": 9.0,
      "p99": 9.0,
      "sum": 196.0
    },
    "accepted_suffix_lens_on_miss": {
      "count": 30,
      "max": 9.0,
      "mean": 2.2666666666666666,
      "min": 1.0,
      "p50": 1.5,
      "p90": 4.0,
      "p95": 6.199999999999989,
      "p99": 8.71,
      "sum": 68.0
    },
    "accepted_suffix_lens_with_recovery": {
      "count": 75,
      "max": 9.0,
      "mean": 3.52,
      "min": 1.0,
      "p50": 2.0,
      "p90": 9.0,
      "p95": 9.0,
      "p99": 9.0,
      "sum": 264.0
    },
    "cache_hits": {
      "count": 75,
      "max": 1.0,
      "mean": 0.6,
      "min": 0.0,
      "p50": 1.0,
      "p90": 1.0,
      "p95": 1.0,
      "p99": 1.0,
      "sum": 45.0
    },
    "target_step_times_ms": {
      "count": 76,
      "max": 1483.7570353411138,
      "mean": 107.7568061576274,
      "min": 67.19469139352441,
      "p50": 69.16637299582362,
      "p90": 116.74479465000331,
      "p95": 117.53367458004504,
      "p99": 546.0096281021833,
      "sum": 8189.5172679796815
    },
    "target_verify_times_ms": {
      "count": 75,
      "max": 81.42148423939943,
      "mean": 64.88679368669789,
      "min": 64.22507809475064,
      "p50": 64.63257409632206,
      "p90": 65.13548707589507,
      "p95": 65.3229184448719,
      "p99": 69.8233754094691,
      "sum": 4866.509526502341
    }
  },
  "metrics_accepted_suffix_tokens_per_target_verify_second": 54.248326970756416,
  "metrics_avg_accepted_suffix_lens_on_hit": 4.355555555555555,
  "metrics_avg_accepted_suffix_lens_on_miss": 2.2666666666666666,
  "metrics_avg_accepted_suffix_lens_with_recovery": 3.52,
  "metrics_avg_cache_hits": 0.6,
  "metrics_avg_target_step_time_ms": 107.7568061576274,
  "metrics_avg_target_verify_time_ms": 64.88679368669789,
  "metrics_decode_throughput": 39.37120930152621,
  "metrics_decode_tokens_per_target_verify_second": 54.248326970756416,
  "metrics_decode_total_time": 6.705407445784658,
  "metrics_decode_total_tokens": 264,
  "metrics_prefill_throughput": 345.0752872171374,
  "metrics_prefill_total_time": 1.4837341848760843,
  "metrics_prefill_total_tokens": 512,
  "metrics_spec_steps": 75,
  "metrics_target_verify_total_time": 4.866509526502341,
  "metrics_total_accepted_suffix_lens_with_recovery": 264,
  "mode": "CUDA Graphs + Speculative(k=8) + Async + JIT",
  "model_name": "Qwen3-8B",
  "numseqs": 4,
  "official_end_to_end_throughput": 31.24479707240933,
  "official_total_time": 8.193364143371582,
  "official_total_tokens": 256,
  "output_len": 64,
  "random_mode": false,
  "raw_metrics": {
    "accepted_suffix_lens_on_hit": [
      1.0,
      2.0,
      9.0,
      9.0,
      9.0,
      9.0,
      9.0,
      9.0,
      9.0,
      6.0,
      1.0,
      1.0,
      1.0,
      2.0,
      3.0,
      1.0,
      2.0,
      1.0,
      2.0,
      1.0,
      9.0,
      1.0,
      1.0,
      1.0,
      2.0,
      6.0,
      2.0,
      2.0,
      2.0,
      1.0,
      6.0,
      2.0,
      2.0,
      1.0,
      3.0,
      1.0,
      1.0,
      3.0,
      9.0,
      9.0,
      9.0,
      9.0,
      9.0,
      9.0,
      9.0
    ],
    "accepted_suffix_lens_on_miss": [
      3.0,
      2.0,
      9.0,
      1.0,
      8.0,
      1.0,
      3.0,
      1.0,
      1.0,
      3.0,
      3.0,
      1.0,
      2.0,
      1.0,
      1.0,
      2.0,
      1.0,
      1.0,
      1.0,
      1.0,
      2.0,
      1.0,
      2.0,
      4.0,
      1.0,
      4.0,
      3.0,
      1.0,
      1.0,
      3.0
    ],
    "accepted_suffix_lens_with_recovery": [
      3.0,
      1.0,
      2.0,
      9.0,
      9.0,
      9.0,
      9.0,
      9.0,
      9.0,
      9.0,
      2.0,
      9.0,
      6.0,
      1.0,
      1.0,
      8.0,
      1.0,
      1.0,
      1.0,
      2.0,
      3.0,
      3.0,
      1.0,
      1.0,
      1.0,
      3.0,
      3.0,
      2.0,
      1.0,
      1.0,
      2.0,
      2.0,
      1.0,
      9.0,
      1.0,
      1.0,
      1.0,
      1.0,
      1.0,
      2.0,
      6.0,
      2.0,
      2.0,
      1.0,
      2.0,
      2.0,
      1.0,
      1.0,
      1.0,
      6.0,
      2.0,
      1.0,
      2.0,
      2.0,
      1.0,
      2.0,
      4.0,
      1.0,
      4.0,
      1.0,
      3.0,
      3.0,
      1.0,
      1.0,
      1.0,
      1.0,
      3.0,
      3.0,
      9.0,
      9.0,
      9.0,
      9.0,
      9.0,
      9.0,
      9.0
    ],
    "cache_hits": [
      0.0,
      1.0,
      1.0,
      1.0,
      1.0,
      1.0,
      1.0,
      1.0,
      1.0,
      1.0,
      0.0,
      0.0,
      1.0,
      1.0,
      0.0,
      0.0,
      1.0,
      0.0,
      1.0,
      1.0,
      0.0,
      1.0,
      0.0,
      0.0,
      1.0,
      0.0,
      0.0,
      1.0,
      0.0,
      1.0,
      1.0,
      0.0,
      1.0,
      1.0,
      0.0,
      1.0,
      0.0,
      1.0,
      1.0,
      1.0,
      1.0,
      0.0,
      1.0,
      0.0,
      1.0,
      1.0,
      0.0,
      1.0,
      0.0,
      1.0,
      1.0,
      0.0,
      1.0,
      0.0,
      0.0,
      0.0,
      0.0,
      0.0,
      0.0,
      1.0,
      1.0,
      0.0,
      0.0,
      1.0,
      1.0,
      0.0,
      1.0,
      0.0,
      1.0,
      1.0,
      1.0,
      1.0,
      1.0,
      1.0,
      1.0
    ],
    "decode_total_time": 6.705407445784658,
    "decode_total_tokens": 264.0,
    "prefill_total_time": 1.4837341848760843,
    "prefill_total_tokens": 512.0,
    "target_step_times": [
      1.4837570353411138,
      0.23342715902253985,
      0.07948343176394701,
      0.06833221111446619,
      0.06832460081204772,
      0.06832569092512131,
      0.06724176090210676,
      0.06739073991775513,
      0.06845400994643569,
      0.06831379095092416,
      0.0683094710111618,
      0.11532680178061128,
      0.1167918792925775,
      0.07093782722949982,
      0.06893726577982306,
      0.11680059926584363,
      0.1164165916852653,
      0.06921651307493448,
      0.11592102702707052,
      0.06852231919765472,
      0.06767407711595297,
      0.11621285416185856,
      0.06869725836440921,
      0.11601137602701783,
      0.11669771000742912,
      0.0682476507499814,
      0.11593565717339516,
      0.1165365013293922,
      0.0689151263795793,
      0.11744578275829554,
      0.06927380291745067,
      0.06866716826334596,
      0.11779735004529357,
      0.06892712600529194,
      0.06911623291671276,
      0.1161744249984622,
      0.0683722198009491,
      0.1151954741217196,
      0.06821185164153576,
      0.06719469139352441,
      0.06832489091902971,
      0.06725586019456387,
      0.11630302388221025,
      0.06855855928733945,
      0.11614615423604846,
      0.06863405928015709,
      0.06891107512637973,
      0.11652037221938372,
      0.06816403195261955,
      0.11666942993178964,
      0.06785607477650046,
      0.06926752300933003,
      0.11665714997798204,
      0.06907814368605614,
      0.11524284305050969,
      0.11571297887712717,
      0.1159933558665216,
      0.1170626562088728,
      0.11614948511123657,
      0.11614036466926336,
      0.06965290894731879,
      0.07174434140324593,
      0.11604591505602002,
      0.1188043518923223,
      0.06880602706223726,
      0.06848140014335513,
      0.11663910001516342,
      0.06862583803012967,
      0.1166173811070621,
      0.06846792018041015,
      0.06839501997455955,
      0.06858037924394011,
      0.06849328894168139,
      0.06730822008103132,
      0.06832579057663679,
      0.06834629084914923
    ],