{
  "async_speculative": true,
  "batch_size": 1,
  "calibration_schema_version": 1,
  "dataset": "gsm",
  "draft_model": "0.6",
  "draft_temperature": null,
  "f": 2,
  "fan_out_list_hit": null,
  "fan_out_list_miss": null,
  "gpus": 2,
  "input_len": 128,
  "k": 8,
  "metric_stats": {
    "accepted_suffix_lens_on_hit": {
      "count": 45,
      "max": 9.0,
      "mean": 4.355555555555555,
      "min": 1.0,
      "p50": 2.0,
      "p90": 9.0,
      "p95": 9.0,
      "p99": 9.0,
      "sum": 196.0
    },
    "accepted_suffix_lens_on_miss": {
      "count": 30,
      "max": 9.0,
      "mean": 2.2666666666666666,
      "min": 1.0,
      "p50": 1.5,
      "p90": 4.0,
      "p95": 6.199999999999989,
      "p99": 8.71,
      "sum": 68.0
    },
    "accepted_suffix_lens_with_recovery": {
      "count": 75,
      "max": 9.0,
      "mean": 3.52,
      "min": 1.0,
      "p50": 2.0,
      "p90": 9.0,
      "p95": 9.0,
      "p99": 9.0,
      "sum": 264.0
    },
    "cache_hits": {
      "count": 75,
      "max": 1.0,
      "mean": 0.6,
      "min": 0.0,
      "p50": 1.0,
      "p90": 1.0,
      "p95": 1.0,
      "p99": 1.0,
      "sum": 45.0
    },
    "target_step_times_ms": {
      "count": 76,
      "max": 1510.3849139995873,
      "mean": 107.61781556433753,
      "min": 67.21519213169813,
      "p50": 69.38329781405628,
      "p90": 117.35168704763055,
      "p95": 117.90655378717929,
      "p99": 512.7152226632461,
      "sum": 8178.953982889652
    },
    "target_verify_times_ms": {
      "count": 75,
      "max": 79.95825912803411,
      "mean": 64.90877045939366,
      "min": 64.25340892747045,
      "p50": 64.67990530654788,
      "p90": 65.25244321674109,
      "p95": 65.4278842266649,
      "p99": 69.86929280683405,
      "sum": 4868.1577844545245
    }
  },
  "metrics_accepted_suffix_tokens_per_target_verify_second": 54.22995960464357,
  "metrics_avg_accepted_suffix_lens_on_hit": 4.355555555555555,
  "metrics_avg_accepted_suffix_lens_on_miss": 2.2666666666666666,
  "metrics_avg_accepted_suffix_lens_with_recovery": 3.52,
  "metrics_avg_cache_hits": 0.6,
  "metrics_avg_target_step_time_ms": 107.61781556433753,
  "metrics_avg_target_verify_time_ms": 64.90877045939366,
  "metrics_decode_throughput": 39.590842173947756,
  "metrics_decode_tokens_per_target_verify_second": 54.22995960464357,
  "metrics_decode_total_time": 6.668208744842559,
  "metrics_decode_total_tokens": 264,
  "metrics_prefill_throughput": 338.9901780223996,
  "metrics_prefill_total_time": 1.5103682442568243,
  "metrics_prefill_total_tokens": 512,
  "metrics_spec_steps": 75,
  "metrics_target_verify_total_time": 4.8681577844545245,
  "metrics_total_accepted_suffix_lens_with_recovery": 264,
  "mode": "CUDA Graphs + Speculative(k=8) + Async + JIT",
  "model_name": "Qwen3-8B",
  "numseqs": 4,
  "official_end_to_end_throughput": 31.287151834360376,
  "official_total_time": 8.18227243423462,
  "official_total_tokens": 256,
  "output_len": 64,
  "random_mode": false,
  "raw_metrics": {
    "accepted_suffix_lens_on_hit": [
      1.0,
      2.0,
      9.0,
      9.0,
      9.0,
      9.0,
      9.0,
      9.0,
      9.0,
      6.0,
      1.0,
      1.0,
      1.0,
      2.0,
      3.0,
      1.0,
      2.0,
      1.0,
      2.0,
      1.0,
      9.0,
      1.0,
      1.0,
      1.0,
      2.0,
      6.0,
      2.0,
      2.0,
      2.0,
      1.0,
      6.0,
      2.0,
      2.0,
      1.0,
      3.0,
      1.0,
      1.0,
      3.0,
      9.0,
      9.0,
      9.0,
      9.0,
      9.0,
      9.0,
      9.0
    ],
    "accepted_suffix_lens_on_miss": [
      3.0,
      2.0,
      9.0,
      1.0,
      8.0,
      1.0,
      3.0,
      1.0,
      1.0,
      3.0,
      3.0,
      1.0,
      2.0,
      1.0,
      1.0,
      2.0,
      1.0,
      1.0,
      1.0,
      1.0,
      2.0,
      1.0,
      2.0,
      4.0,
      1.0,
      4.0,
      3.0,
      1.0,
      1.0,
      3.0
    ],
    "accepted_suffix_lens_with_recovery": [
      3.0,
      1.0,
      2.0,
      9.0,
      9.0,
      9.0,
      9.0,
      9.0,
      9.0,
      9.0,
      2.0,
      9.0,
      6.0,
      1.0,
      1.0,
      8.0,
      1.0,
      1.0,
      1.0,
      2.0,
      3.0,
      3.0,
      1.0,
      1.0,
      1.0,
      3.0,
      3.0,
      2.0,
      1.0,
      1.0,
      2.0,
      2.0,
      1.0,
      9.0,
      1.0,
      1.0,
      1.0,
      1.0,
      1.0,
      2.0,
      6.0,
      2.0,
      2.0,
      1.0,
      2.0,
      2.0,
      1.0,
      1.0,
      1.0,
      6.0,
      2.0,
      1.0,
      2.0,
      2.0,
      1.0,
      2.0,
      4.0,
      1.0,
      4.0,
      1.0,
      3.0,
      3.0,
      1.0,
      1.0,
      1.0,
      1.0,
      3.0,
      3.0,
      9.0,
      9.0,
      9.0,
      9.0,
      9.0,
      9.0,
      9.0
    ],
    "cache_hits": [
      0.0,
      1.0,
      1.0,
      1.0,
      1.0,
      1.0,
      1.0,
      1.0,
      1.0,
      1.0,
      0.0,
      0.0,
      1.0,
      1.0,
      0.0,
      0.0,
      1.0,
      0.0,
      1.0,
      1.0,
      0.0,
      1.0,
      0.0,
      0.0,
      1.0,
      0.0,
      0.0,
      1.0,
      0.0,
      1.0,
      1.0,
      0.0,
      1.0,
      1.0,
      0.0,
      1.0,
      0.0,
      1.0,
      1.0,
      1.0,
      1.0,
      0.0,
      1.0,
      0.0,
      1.0,
      1.0,
      0.0,
      1.0,
      0.0,
      1.0,
      1.0,
      0.0,
      1.0,
      0.0,
      0.0,
      0.0,
      0.0,
      0.0,
      0.0,
      1.0,
      1.0,
      0.0,
      0.0,
      1.0,
      1.0,
      0.0,
      1.0,
      0.0,
      1.0,
      1.0,
      1.0,
      1.0,
      1.0,
      1.0,
      1.0
    ],
    "decode_total_time": 6.668208744842559,
    "decode_total_tokens": 264.0,
    "prefill_total_time": 1.5103682442568243,
    "prefill_total_tokens": 512.0,
    "target_step_times": [
      1.5103849139995873,
      0.1801586588844657,
      0.07731231302022934,
      0.06860132003203034,
      0.06837027193978429,
      0.06829253304749727,
      0.06834647199138999,
      0.06854812102392316,
      0.07005180697888136,
      0.06742366077378392,
      0.067876145709306,
      0.11591626890003681,
      0.11760472506284714,
      0.06879660813137889,
      0.06842399202287197,
      0.116811980959028,
      0.11740193702280521,
      0.06934607261791825,
      0.11704328982159495,
      0.06946355197578669,
      0.06949648214504123,
      0.1167570617981255,
      0.0694205230101943,
      0.11586041003465652,
      0.11638934584334493,
      0.06850302079692483,
      0.11643385468050838,
      0.12916417233645916,
      0.06827757321298122,
      0.11770384386181831,
      0.06869210908189416,
      0.06880099792033434,
      0.1161412880755961,
      0.0683296830393374,
      0.06891360739246011,
      0.1171531779691577,
      0.06920268526300788,
      0.11591855017468333,
      0.06947426218539476,
      0.06833432195708156,
      0.06834146287292242,
      0.0683804121799767,
      0.11504235723987222,
      0.06891796784475446,
      0.11636167485266924,
      0.06902304710820317,
      0.06948226178064942,
      0.11730143707245588,
      0.06861699977889657,
      0.11557173309847713,
      0.06841709138825536,
      0.0683827418833971,
      0.11646795505657792,
      0.06903947563841939,
      0.11616020789369941,
      0.11628464609384537,
      0.11643653502687812,
      0.1163563746958971,
      0.11639362620189786,
      0.11781607195734978,
      0.0686852103099227,
      0.06893801689147949,
      0.11817799927666783,
      0.11665759282186627,
      0.0684475819580257,
      0.06832287227734923,
      0.11524283606559038,
      0.06829816289246082,
      0.1157530308701098,
      0.06721809320151806,
      0.0688352882862091,
      0.0690461858175695,
      0.06752157025039196,
      0.06834399234503508,
      0.06831466313451529,
      0.06721519213169813
    ],