{
  "async_speculative": true,
  "batch_size": 1,
  "calibration_schema_version": 1,
  "dataset": "gsm",
  "draft_model": "0.6",
  "draft_temperature": null,
  "f": 3,
  "fan_out_list_hit": null,
  "fan_out_list_miss": null,
  "gpus": 2,
  "input_len": 128,
  "k": 6,
  "metric_stats": {
    "accepted_suffix_lens_on_hit": {
      "count": 60,
      "max": 7.0,
      "mean": 3.683333333333333,
      "min": 1.0,
      "p50": 2.0,
      "p90": 7.0,
      "p95": 7.0,
      "p99": 7.0,
      "sum": 221.0
    },
    "accepted_suffix_lens_on_miss": {
      "count": 22,
      "max": 7.0,
      "mean": 2.1818181818181817,
      "min": 1.0,
      "p50": 1.5,
      "p90": 3.0,
      "p95": 6.799999999999997,
      "p99": 7.0,
      "sum": 48.0
    },
    "accepted_suffix_lens_with_recovery": {
      "count": 82,
      "max": 7.0,
      "mean": 3.2804878048780486,
      "min": 1.0,
      "p50": 2.0,
      "p90": 7.0,
      "p95": 7.0,
      "p99": 7.0,
      "sum": 269.0
    },
    "cache_hits": {
      "count": 82,
      "max": 1.0,
      "mean": 0.7317073170731707,
      "min": 0.0,
      "p50": 1.0,
      "p90": 1.0,
      "p95": 1.0,
      "p99": 1.0,
      "sum": 60.0
    },
    "target_step_times_ms": {
      "count": 83,
      "max": 1541.0818178206682,
      "mean": 97.01434111626573,
      "min": 67.33178067952394,
      "p50": 69.28260205313563,
      "p90": 104.75775878876448,
      "p95": 105.18803899176419,
      "p99": 422.808049628501,
      "sum": 8052.190312650055
    },
    "target_verify_times_ms": {
      "count": 82,
      "max": 81.88053127378225,
      "mean": 64.74334688675476,
      "min": 64.15838794782758,
      "p50": 64.41917107440531,
      "p90": 64.93132296018302,
      "p95": 65.12087562587112,
      "p99": 69.7551251808181,
      "sum": 5308.954444713891
    }
  },
  "metrics_accepted_suffix_tokens_per_target_verify_second": 50.66911061326632,
  "metrics_avg_accepted_suffix_lens_on_hit": 3.683333333333333,
  "metrics_avg_accepted_suffix_lens_on_miss": 2.1818181818181817,
  "metrics_avg_accepted_suffix_lens_with_recovery": 3.2804878048780486,
  "metrics_avg_cache_hits": 0.7317073170731707,
  "metrics_avg_target_step_time_ms": 97.01434111626573,
  "metrics_avg_target_verify_time_ms": 64.74334688675476,
  "metrics_decode_throughput": 41.31676636638463,
  "metrics_decode_tokens_per_target_verify_second": 50.66911061326632,
  "metrics_decode_total_time": 6.510674083605409,
  "metrics_decode_total_tokens": 269,
  "metrics_prefill_throughput": 332.23765468068837,
  "metrics_prefill_total_time": 1.5410655378364027,
  "metrics_prefill_total_tokens": 512,
  "metrics_spec_steps": 82,
  "metrics_target_verify_total_time": 5.3089544447138906,
  "metrics_total_accepted_suffix_lens_with_recovery": 269,
  "mode": "CUDA Graphs + Speculative(k=6) + Async + JIT",
  "model_name": "Qwen3-8B",
  "numseqs": 4,
  "official_end_to_end_throughput": 31.775411134040876,
  "official_total_time": 8.056544065475464,
  "official_total_tokens": 256,
  "output_len": 64,
  "random_mode": false,
  "raw_metrics": {
    "accepted_suffix_lens_on_hit": [
      1.0,
      2.0,
      7.0,
      7.0,
      7.0,
      7.0,
      7.0,
      7.0,
      7.0,
      7.0,
      7.0,
      2.0,
      6.0,
      1.0,
      1.0,
      1.0,
      1.0,
      1.0,
      1.0,
      2.0,
      3.0,
      3.0,
      1.0,
      1.0,
      2.0,
      1.0,
      2.0,
      1.0,
      7.0,
      7.0,
      1.0,
      1.0,
      1.0,
      2.0,
      6.0,
      2.0,
      1.0,
      2.0,
      2.0,
      1.0,
      6.0,
      2.0,
      2.0,
      2.0,
      4.0,
      4.0,
      1.0,
      3.0,
      1.0,
      1.0,
      3.0,
      7.0,
      7.0,
      7.0,
      7.0,
      7.0,
      7.0,
      7.0,
      7.0,
      7.0
    ],
    "accepted_suffix_lens_on_miss": [
      3.0,
      2.0,
      7.0,
      7.0,
      1.0,
      3.0,
      3.0,
      1.0,
      2.0,
      1.0,
      1.0,
      2.0,
      1.0,
      1.0,
      1.0,
      2.0,
      1.0,
      1.0,
      3.0,
      1.0,
      1.0,
      3.0
    ],
    "accepted_suffix_lens_with_recovery": [
      3.0,
      1.0,
      2.0,
      7.0,
      7.0,
      7.0,
      7.0,
      7.0,
      7.0,
      7.0,
      7.0,
      7.0,
      2.0,
      7.0,
      2.0,
      6.0,
      1.0,
      1.0,
      7.0,
      1.0,
      1.0,
      1.0,
      1.0,
      2.0,
      3.0,
      3.0,
      1.0,
      1.0,
      1.0,
      3.0,
      3.0,
      2.0,
      1.0,
      1.0,
      2.0,
      2.0,
      1.0,
      7.0,
      7.0,
      1.0,
      1.0,
      1.0,
      1.0,
      1.0,
      2.0,
      6.0,
      2.0,
      2.0,
      1.0,
      2.0,
      2.0,
      1.0,
      1.0,
      1.0,
      6.0,
      2.0,
      1.0,
      2.0,
      2.0,
      1.0,
      2.0,
      4.0,
      1.0,
      4.0,
      1.0,
      3.0,
      3.0,
      1.0,
      1.0,
      1.0,
      1.0,
      3.0,
      3.0,
      7.0,
      7.0,
      7.0,
      7.0,
      7.0,
      7.0,
      7.0,
      7.0,
      7.0
    ],
    "cache_hits": [
      0.0,
      1.0,
      1.0,
      1.0,
      1.0,
      1.0,
      1.0,
      1.0,
      1.0,
      1.0,
      1.0,
      1.0,
      0.0,
      0.0,
      1.0,
      1.0,
      1.0,
      1.0,
      0.0,
      1.0,
      1.0,
      1.0,
      1.0,
      1.0,
      1.0,
      1.0,
      1.0,
      0.0,
      1.0,
      0.0,
      0.0,
      1.0,
      0.0,
      1.0,
      1.0,
      0.0,
      1.0,
      1.0,
      1.0,
      0.0,
      1.0,
      0.0,
      1.0,
      1.0,
      1.0,
      1.0,
      0.0,
      1.0,
      1.0,
      1.0,
      1.0,
      0.0,
      1.0,
      0.0,
      1.0,
      1.0,
      0.0,
      1.0,
      0.0,
      0.0,
      1.0,
      1.0,
      0.0,
      1.0,
      1.0,
      1.0,
      0.0,
      0.0,
      1.0,
      1.0,
      0.0,
      1.0,
      0.0,
      1.0,
      1.0,
      1.0,
      1.0,
      1.0,
      1.0,
      1.0,
      1.0,
      1.0
    ],
    "decode_total_time": 6.510674083605409,
    "decode_total_tokens": 269.0,
    "prefill_total_time": 1.5410655378364027,
    "prefill_total_tokens": 512.0,