{
  "async_speculative": true,
  "batch_size": 1,
  "calibration_schema_version": 1,
  "dataset": "gsm",
  "draft_model": "0.6",
  "draft_temperature": null,
  "f": 1,
  "fan_out_list_hit": null,
  "fan_out_list_miss": null,
  "gpus": 2,
  "input_len": 128,
  "k": 8,
  "metric_stats": {
    "accepted_suffix_lens_on_hit": {
      "count": 38,
      "max": 9.0,
      "mean": 4.368421052631579,
      "min": 1.0,
      "p50": 2.0,
      "p90": 9.0,
      "p95": 9.0,
      "p99": 9.0,
      "sum": 166.0
    },
    "accepted_suffix_lens_on_miss": {
      "count": 37,
      "max": 9.0,
      "mean": 2.6486486486486487,
      "min": 1.0,
      "p50": 2.0,
      "p90": 6.799999999999997,
      "p95": 9.0,
      "p99": 9.0,
      "sum": 98.0
    },
    "accepted_suffix_lens_with_recovery": {
      "count": 75,
      "max": 9.0,
      "mean": 3.52,
      "min": 1.0,
      "p50": 2.0,
      "p90": 9.0,
      "p95": 9.0,
      "p99": 9.0,
      "sum": 264.0
    },
    "cache_hits": {
      "count": 75,
      "max": 1.0,
      "mean": 0.5066666666666667,
      "min": 0.0,
      "p50": 1.0,
      "p90": 1.0,
      "p95": 1.0,
      "p99": 1.0,
      "sum": 38.0
    },
    "target_step_times_ms": {
      "count": 76,
      "max": 1509.595048148185,
      "mean": 111.52827220135613,
      "min": 67.3040789552033,
      "p50": 92.9072720464319,
      "p90": 117.24319960922003,
      "p95": 118.04100987501442,
      "p99": 512.7852070145309,
      "sum": 8476.148687303066
    },
    "target_verify_times_ms": {
      "count": 75,
      "max": 80.37483412772417,
      "mean": 64.9590987774233,
      "min": 64.26032679155469,
      "p50": 64.6162130869925,
      "p90": 65.40800826624036,
      "p95": 65.72224381379783,
      "p99": 70.49782299436636,
      "sum": 4871.932408306748
    }
  },
  "metrics_accepted_suffix_tokens_per_target_verify_second": 54.18794389468015,
  "metrics_avg_accepted_suffix_lens_on_hit": 4.368421052631579,
  "metrics_avg_accepted_suffix_lens_on_miss": 2.6486486486486487,
  "metrics_avg_accepted_suffix_lens_with_recovery": 3.52,
  "metrics_avg_cache_hits": 0.5066666666666667,
  "metrics_avg_target_step_time_ms": 111.52827220135613,
  "metrics_avg_target_verify_time_ms": 64.9590987774233,
  "metrics_decode_throughput": 37.89774251578134,
  "metrics_decode_tokens_per_target_verify_second": 54.18794389468015,
  "metrics_decode_total_time": 6.966114139650017,
  "metrics_decode_total_tokens": 264,
  "metrics_prefill_throughput": 339.166240134336,
  "metrics_prefill_total_time": 1.5095842080190778,
  "metrics_prefill_total_tokens": 512,
  "metrics_spec_steps": 75,
  "metrics_target_verify_total_time": 4.871932408306748,
  "metrics_total_accepted_suffix_lens_with_recovery": 264,
  "mode": "CUDA Graphs + Speculative(k=8) + Async + JIT",
  "model_name": "Qwen3-8B",
  "numseqs": 4,
  "official_end_to_end_throughput": 30.18740523226289,
  "official_total_time": 8.480357885360718,
  "official_total_tokens": 256,
  "output_len": 64,
  "random_mode": false,
  "raw_metrics": {
    "accepted_suffix_lens_on_hit": [
      1.0,
      2.0,
      9.0,
      9.0,
      9.0,
      9.0,
      9.0,
      9.0,
      9.0,
      6.0,
      1.0,
      1.0,
      2.0,
      3.0,
      1.0,
      2.0,
      1.0,
      2.0,
      1.0,
      1.0,
      1.0,
      2.0,
      2.0,
      2.0,
      2.0,
      6.0,
      2.0,
      2.0,
      1.0,
      1.0,
      1.0,
      3.0,
      9.0,
      9.0,
      9.0,
      9.0,
      9.0,
      9.0
    ],
    "accepted_suffix_lens_on_miss": [
      3.0,
      2.0,
      9.0,
      1.0,
      8.0,
      1.0,
      1.0,
      3.0,
      1.0,
      1.0,
      3.0,
      3.0,
      1.0,
      2.0,
      9.0,
      1.0,
      1.0,
      1.0,
      6.0,
      2.0,
      1.0,
      1.0,
      1.0,
      1.0,
      1.0,
      2.0,
      1.0,
      2.0,
      4.0,
      1.0,
      4.0,
      3.0,
      3.0,
      1.0,
      1.0,
      3.0,
      9.0
    ],
    "accepted_suffix_lens_with_recovery": [
      3.0,
      1.0,
      2.0,
      9.0,
      9.0,
      9.0,
      9.0,
      9.0,
      9.0,
      9.0,
      2.0,
      9.0,
      6.0,
      1.0,
      1.0,
      8.0,
      1.0,
      1.0,
      1.0,
      2.0,
      3.0,
      3.0,
      1.0,
      1.0,
      1.0,
      3.0,
      3.0,
      2.0,
      1.0,
      1.0,
      2.0,
      2.0,
      1.0,
      9.0,
      1.0,
      1.0,
      1.0,
      1.0,
      1.0,
      2.0,
      6.0,
      2.0,
      2.0,
      1.0,
      2.0,
      2.0,
      1.0,
      1.0,
      1.0,
      6.0,
      2.0,
      1.0,
      2.0,
      2.0,
      1.0,
      2.0,
      4.0,
      1.0,
      4.0,
      1.0,
      3.0,
      3.0,
      1.0,
      1.0,
      1.0,
      1.0,
      3.0,
      3.0,
      9.0,
      9.0,
      9.0,
      9.0,
      9.0,
      9.0,
      9.0
    ],
    "cache_hits": [
      0.0,
      1.0,
      1.0,
      1.0,
      1.0,
      1.0,
      1.0,
      1.0,
      1.0,
      1.0,
      0.0,
      0.0,
      1.0,
      1.0,
      0.0,
      0.0,
      0.0,
      0.0,
      1.0,
      1.0,
      0.0,
      1.0,
      0.0,
      0.0,
      1.0,
      0.0,
      0.0,
      1.0,
      0.0,
      1.0,
      1.0,
      0.0,
      1.0,
      0.0,
      0.0,
      1.0,
      0.0,
      1.0,
      0.0,
      1.0,
      0.0,
      0.0,
      1.0,
      0.0,
      1.0,
      1.0,
      0.0,
      0.0,
      0.0,
      1.0,
      1.0,
      0.0,
      1.0,
      0.0,
      0.0,
      0.0,
      0.0,
      0.0,
      0.0,
      1.0,
      0.0,
      0.0,
      0.0,
      1.0,
      1.0,
      0.0,
      1.0,
      0.0,
      0.0,
      1.0,
      1.0,
      1.0,
      1.0,
      1.0,
      1.0
    ],
    "decode_total_time": 6.966114139650017,
    "decode_total_tokens": 264.0,
    "prefill_total_time": 1.5095842080190778,
    "prefill_total_tokens": 512.0,
    "target_step_times": [
      1.509595048148185,
      0.18051525996997952,
      0.06881855707615614,
      0.0673040789552033,
      0.06739522889256477,
      0.06829775124788284,
      0.06852972880005836,
      0.0683365911245346,
      0.06854440784081817,
      0.06913242395967245,
      0.06909389421343803,
      0.11466756789013743,
      0.11881455965340137,
      0.07159290183335543,
      0.06929927226155996,
      0.11700413562357426,
      0.11628646310418844,
      0.1160952253267169,
      0.11676561925560236,
      0.06858986802399158,
      0.06734448904171586,
      0.11533640185371041,
      0.06833910010755062,
      0.11461927788332105,
      0.11537643102928996,
      0.06841383967548609,
      0.11599370604380965,
      0.11778315994888544,
      0.06929749203845859,
      0.11673841904848814,
      0.06871235789731145,
      0.06731520872563124,
      0.11525989323854446,
      0.06832455098628998,
      0.11532793194055557,
      0.11483453633263707,
      0.06830785097554326,
      0.11422164225950837,
      0.06836389983072877,
      0.11516790324822068,
      0.0682538109831512,
      0.11583065707236528,
      0.11728297406807542,
      0.06936222175136209,
      0.11738470336422324,
      0.06937183113768697,
      0.06900072516873479,
      0.11437416961416602,
      0.11559135932475328,
      0.11519850278273225,
      0.06878519617021084,
      0.06762046692892909,
      0.11540998099371791,
      0.06849868921563029,
      0.1142700407654047,
      0.11608559498563409,
      0.11746652191504836,
      0.11683489894494414,
      0.11678732791915536,
      0.11714791506528854,
      0.06909740390256047,
      0.12084330199286342,
      0.1171694160439074,
      0.11720342515036464,
      0.06882758624851704,
      0.06865250831469893,
      0.11469910712912679,
      0.06850713863968849,
      0.11574863828718662,
      0.11530612176284194,
      0.06940870126709342,
      0.06832034094259143,
      0.06834719004109502,
      0.06834336090832949,
      0.0677392459474504,
      0.06762093724682927
    ],