{
  "async_speculative": true,
  "batch_size": 1,
  "calibration_schema_version": 1,
  "dataset": "gsm",
  "draft_model": "0.6",
  "draft_temperature": null,
  "f": 4,
  "fan_out_list_hit": null,
  "fan_out_list_miss": null,
  "gpus": 2,
  "input_len": 128,
  "k": 8,
  "metric_stats": {
    "accepted_suffix_lens_on_hit": {
      "count": 53,
      "max": 9.0,
      "mean": 4.018867924528302,
      "min": 1.0,
      "p50": 2.0,
      "p90": 9.0,
      "p95": 9.0,
      "p99": 9.0,
      "sum": 213.0
    },
    "accepted_suffix_lens_on_miss": {
      "count": 22,
      "max": 9.0,
      "mean": 2.3181818181818183,
      "min": 1.0,
      "p50": 1.5,
      "p90": 3.0,
      "p95": 7.7499999999999964,
      "p99": 8.79,
      "sum": 51.0
    },
    "accepted_suffix_lens_with_recovery": {
      "count": 75,
      "max": 9.0,
      "mean": 3.52,
      "min": 1.0,
      "p50": 2.0,
      "p90": 9.0,
      "p95": 9.0,
      "p99": 9.0,
      "sum": 264.0
    },
    "cache_hits": {
      "count": 75,
      "max": 1.0,
      "mean": 0.7066666666666667,
      "min": 0.0,
      "p50": 1.0,
      "p90": 1.0,
      "p95": 1.0,
      "p99": 1.0,
      "sum": 53.0
    },
    "target_step_times_ms": {
      "count": 76,
      "max": 1641.7032559402287,
      "mean": 106.96554411888907,
      "min": 69.34447400271893,
      "p50": 71.52038905769587,
      "p90": 119.49339718557894,
      "p95": 121.47511239163578,
      "p99": 566.635460476391,
      "sum": 8129.381353035569
    },
    "target_verify_times_ms": {
      "count": 75,
      "max": 80.53483394905925,
      "mean": 64.87671616176765,
      "min": 64.20823931694031,
      "p50": 64.50485670939088,
      "p90": 65.2768979780376,
      "p95": 65.47810663469136,
      "p99": 70.60233945027001,
      "sum": 4865.753712132573
    }
  },
  "metrics_accepted_suffix_tokens_per_target_verify_second": 54.256753551197214,
  "metrics_avg_accepted_suffix_lens_on_hit": 4.018867924528302,
  "metrics_avg_accepted_suffix_lens_on_miss": 2.3181818181818183,
  "metrics_avg_accepted_suffix_lens_with_recovery": 3.52,
  "metrics_avg_cache_hits": 0.7066666666666667,
  "metrics_avg_target_step_time_ms": 106.96554411888907,
  "metrics_avg_target_verify_time_ms": 64.87671616176765,
  "metrics_decode_throughput": 40.69482044856718,
  "metrics_decode_tokens_per_target_verify_second": 54.256753551197214,
  "metrics_decode_total_time": 6.487312072888017,
  "metrics_decode_total_tokens": 264,
  "metrics_prefill_throughput": 311.87291991907813,
  "metrics_prefill_total_time": 1.641694316174835,
  "metrics_prefill_total_tokens": 512,
  "metrics_spec_steps": 75,
  "metrics_target_verify_total_time": 4.865753712132573,
  "metrics_total_accepted_suffix_lens_with_recovery": 264,
  "mode": "CUDA Graphs + Speculative(k=8) + Async + JIT",
  "model_name": "Qwen3-8B",
  "numseqs": 4,
  "official_end_to_end_throughput": 31.478013374688306,
  "official_total_time": 8.132660627365112,
  "official_total_tokens": 256,
  "output_len": 64,
  "random_mode": false,
  "raw_metrics": {
    "accepted_suffix_lens_on_hit": [
      1.0,
      2.0,
      9.0,
      9.0,
      9.0,
      9.0,
      9.0,
      9.0,
      9.0,
      6.0,
      1.0,
      1.0,
      1.0,
      1.0,
      1.0,
      2.0,
      3.0,
      3.0,
      1.0,
      1.0,
      2.0,
      1.0,
      2.0,
      1.0,
      9.0,
      1.0,
      1.0,
      1.0,
      2.0,
      6.0,
      2.0,
      1.0,
      2.0,
      2.0,
      1.0,
      6.0,
      2.0,
      2.0,
      2.0,
      4.0,
      4.0,
      1.0,
      3.0,
      1.0,
      1.0,
      3.0,
      9.0,
      9.0,
      9.0,
      9.0,
      9.0,
      9.0,
      9.0
    ],
    "accepted_suffix_lens_on_miss": [
      3.0,
      2.0,
      9.0,
      8.0,
      1.0,
      3.0,
      3.0,
      1.0,
      2.0,
      1.0,
      1.0,
      2.0,
      1.0,
      1.0,
      1.0,
      2.0,
      1.0,
      1.0,
      3.0,
      1.0,
      1.0,
      3.0
    ],
    "accepted_suffix_lens_with_recovery": [
      3.0,
      1.0,
      2.0,
      9.0,
      9.0,
      9.0,
      9.0,
      9.0,
      9.0,
      9.0,
      2.0,
      9.0,
      6.0,
      1.0,
      1.0,
      8.0,
      1.0,
      1.0,
      1.0,
      2.0,
      3.0,
      3.0,
      1.0,
      1.0,
      1.0,
      3.0,
      3.0,
      2.0,
      1.0,
      1.0,
      2.0,
      2.0,
      1.0,
      9.0,
      1.0,
      1.0,
      1.0,
      1.0,
      1.0,
      2.0,
      6.0,
      2.0,
      2.0,
      1.0,
      2.0,
      2.0,
      1.0,
      1.0,
      1.0,
      6.0,
      2.0,
      1.0,
      2.0,
      2.0,
      1.0,
      2.0,
      4.0,
      1.0,
      4.0,
      1.0,
      3.0,
      3.0,
      1.0,
      1.0,
      1.0,
      1.0,
      3.0,
      3.0,
      9.0,
      9.0,
      9.0,
      9.0,
      9.0,
      9.0,
      9.0
    ],
    "cache_hits": [
      0.0,
      1.0,
      1.0,
      1.0,
      1.0,
      1.0,
      1.0,
      1.0,
      1.0,
      1.0,
      0.0,
      0.0,
      1.0,
      1.0,
      1.0,
      0.0,
      1.0,
      1.0,
      1.0,
      1.0,
      1.0,
      1.0,
      1.0,
      0.0,
      1.0,
      0.0,
      0.0,
      1.0,
      0.0,
      1.0,
      1.0,
      0.0,
      1.0,
      1.0,
      0.0,
      1.0,
      0.0,
      1.0,
      1.0,
      1.0,
      1.0,
      0.0,
      1.0,
      1.0,
      1.0,
      1.0,
      0.0,
      1.0,
      0.0,
      1.0,
      1.0,
      0.0,
      1.0,
      0.0,
      0.0,
      1.0,
      1.0,
      0.0,
      1.0,
      1.0,
      1.0,
      0.0,
      0.0,
      1.0,
      1.0,
      0.0,
      1.0,
      0.0,
      1.0,
      1.0,
      1.0,
      1.0,
      1.0,
      1.0,
      1.0
    ],
    "decode_total_time": 6.487312072888017,
    "decode_total_tokens": 264.0,
    "prefill_total_time": 1.641694316174835,
    "prefill_total_tokens": 512.0,
    "target_step_times": [
      1.6417032559402287,
      0.2082795286551118,
      0.08365582581609488,
      0.07211849885061383,
      0.0717495521530509,
      0.07182744098827243,
      0.07153283432126045,
      0.07006858801469207,
      0.06985441921278834,
      0.07084042020142078,
      0.07071444112807512,
      0.11882566334679723,
      0.1193670085631311,
      0.07363012619316578,
      0.07150794379413128,
      0.06934447400271893,
      0.11763169383630157,
      0.07138707488775253,
      0.06935388408601284,
      0.0703976540826261,
      0.06983053917065263,
      0.06951620196923614,
      0.07120682718232274,
      0.07036100514233112,
      0.11961978580802679,
      0.0746169169433415,
      0.11904922174289823,
      0.1207929770462215,
      0.07162397308275104,
      0.11842142697423697,
      0.07146511459723115,
      0.06937031308189034,
      0.11733177723363042,
      0.07042260421440005,
      0.0704661039635539,
      0.11742441682145,
      0.07029747497290373,
      0.11804015981033444,
      0.07048641378059983,
      0.07043184386566281,
      0.07221301877871156,
      0.07035645376890898,
      0.11875389376655221,
      0.06993033876642585,
      0.07117125671356916,
      0.07095886906608939,
      0.06960337096825242,
      0.12443240405991673,
      0.07146880496293306,
      0.11676924210041761,
      0.0707590407691896,
      0.0697362800128758,
      0.11795841064304113,
      0.07052847323939204,
      0.11776406271383166,
      0.12258406123146415,
      0.07726399414241314,
      0.07261533429846168,
      0.12110546277835965,
      0.07316451985388994,
      0.07110821781679988,
      0.07054519280791283,
      0.11761012393981218,
      0.11972017586231232,
      0.07373007386922836,
      0.06953602191060781,
      0.11778867337852716,
      0.07262197509407997,
      0.11794901173561811,
      0.07045467291027308,
      0.06939834263175726,
      0.07081586075946689,
      0.07074075099080801,
      0.07054211338981986,
      0.07044250424951315,
      0.07267492357641459
    ],