{
  "async_speculative": true,
  "batch_size": 1,
  "calibration_schema_version": 1,
  "dataset": "gsm",
  "draft_model": "0.6",
  "draft_temperature": null,
  "f": 1,
  "fan_out_list_hit": null,
  "fan_out_list_miss": null,
  "gpus": 2,
  "input_len": 128,
  "k": 8,
  "metric_stats": {
    "accepted_suffix_lens_on_hit": {
      "count": 38,
      "max": 9.0,
      "mean": 4.368421052631579,
      "min": 1.0,
      "p50": 2.0,
      "p90": 9.0,
      "p95": 9.0,
      "p99": 9.0,
      "sum": 166.0
    },
    "accepted_suffix_lens_on_miss": {
      "count": 37,
      "max": 9.0,
      "mean": 2.6486486486486487,
      "min": 1.0,
      "p50": 2.0,
      "p90": 6.799999999999997,
      "p95": 9.0,
      "p99": 9.0,
      "sum": 98.0
    },
    "accepted_suffix_lens_with_recovery": {
      "count": 75,
      "max": 9.0,
      "mean": 3.52,
      "min": 1.0,
      "p50": 2.0,
      "p90": 9.0,
      "p95": 9.0,
      "p99": 9.0,
      "sum": 264.0
    },
    "cache_hits": {
      "count": 75,
      "max": 1.0,
      "mean": 0.5066666666666667,
      "min": 0.0,
      "p50": 1.0,
      "p90": 1.0,
      "p95": 1.0,
      "p99": 1.0,
      "sum": 38.0
    },
    "target_step_times_ms": {
      "count": 76,
      "max": 1633.7841977365315,
      "mean": 113.64341890561934,
      "min": 67.25264992564917,
      "p50": 98.63878996111453,
      "p90": 118.02664306014776,
      "p95": 119.48277242481709,
      "p99": 544.3605731707066,
      "sum": 8636.89983682707
    },
    "target_verify_times_ms": {
      "count": 75,
      "max": 79.91161802783608,
      "mean": 65.1647452947994,
      "min": 64.23246767371893,
      "p50": 64.50638500973582,
      "p90": 65.33087939023972,
      "p95": 66.23374167829752,
      "p99": 78.08256875723602,
      "sum": 4887.355897109956
    }
  },
  "metrics_accepted_suffix_tokens_per_target_verify_second": 54.01693790217147,
  "metrics_avg_accepted_suffix_lens_on_hit": 4.368421052631579,
  "metrics_avg_accepted_suffix_lens_on_miss": 2.6486486486486487,
  "metrics_avg_accepted_suffix_lens_with_recovery": 3.52,
  "metrics_avg_cache_hits": 0.5066666666666667,
  "metrics_avg_target_step_time_ms": 113.64341890561934,
  "metrics_avg_target_verify_time_ms": 65.1647452947994,
  "metrics_decode_throughput": 37.69911302300572,
  "metrics_decode_tokens_per_target_verify_second": 54.01693790217147,
  "metrics_decode_total_time": 7.002817276865244,
  "metrics_decode_total_tokens": 264,
  "metrics_prefill_throughput": 313.38466939179807,
  "metrics_prefill_total_time": 1.6337748779915273,
  "metrics_prefill_total_tokens": 512,
  "metrics_spec_steps": 75,
  "metrics_target_verify_total_time": 4.8873558971099555,
  "metrics_total_accepted_suffix_lens_with_recovery": 264,
  "mode": "CUDA Graphs + Speculative(k=8) + Async + JIT",
  "model_name": "Qwen3-8B",
  "numseqs": 4,
  "official_end_to_end_throughput": 29.62869966283594,
  "official_total_time": 8.640271186828613,
  "official_total_tokens": 256,
  "output_len": 64,
  "random_mode": false,
  "raw_metrics": {
    "accepted_suffix_lens_on_hit": [
      1.0,
      2.0,
      9.0,
      9.0,
      9.0,
      9.0,
      9.0,
      9.0,
      9.0,
      6.0,
      1.0,
      1.0,
      2.0,
      3.0,
      1.0,
      2.0,
      1.0,
      2.0,
      1.0,
      1.0,
      1.0,
      2.0,
      2.0,
      2.0,
      2.0,
      6.0,
      2.0,
      2.0,
      1.0,
      1.0,
      1.0,
      3.0,
      9.0,
      9.0,
      9.0,
      9.0,
      9.0,
      9.0
    ],
    "accepted_suffix_lens_on_miss": [
      3.0,
      2.0,
      9.0,
      1.0,
      8.0,
      1.0,
      1.0,
      3.0,
      1.0,
      1.0,
      3.0,
      3.0,
      1.0,
      2.0,
      9.0,
      1.0,
      1.0,
      1.0,
      6.0,
      2.0,
      1.0,
      1.0,
      1.0,
      1.0,
      1.0,
      2.0,
      1.0,
      2.0,
      4.0,
      1.0,
      4.0,
      3.0,
      3.0,
      1.0,
      1.0,
      3.0,
      9.0
    ],
    "accepted_suffix_lens_with_recovery": [
      3.0,
      1.0,
      2.0,
      9.0,
      9.0,
      9.0,
      9.0,
      9.0,
      9.0,
      9.0,
      2.0,
      9.0,
      6.0,
      1.0,
      1.0,
      8.0,
      1.0,
      1.0,
      1.0,
      2.0,
      3.0,
      3.0,
      1.0,
      1.0,
      1.0,
      3.0,
      3.0,
      2.0,
      1.0,
      1.0,
      2.0,
      2.0,
      1.0,
      9.0,
      1.0,
      1.0,
      1.0,
      1.0,
      1.0,
      2.0,
      6.0,
      2.0,
      2.0,
      1.0,
      2.0,
      2.0,
      1.0,
      1.0,
      1.0,
      6.0,
      2.0,
      1.0,
      2.0,
      2.0,
      1.0,
      2.0,
      4.0,
      1.0,
      4.0,
      1.0,
      3.0,
      3.0,
      1.0,
      1.0,
      1.0,
      1.0,
      3.0,
      3.0,
      9.0,
      9.0,
      9.0,
      9.0,
      9.0,
      9.0,
      9.0
    ],
    "cache_hits": [
      0.0,
      1.0,
      1.0,
      1.0,
      1.0,
      1.0,
      1.0,
      1.0,
      1.0,
      1.0,
      0.0,
      0.0,
      1.0,
      1.0,
      0.0,
      0.0,
      0.0,
      0.0,
      1.0,
      1.0,
      0.0,
      1.0,
      0.0,
      0.0,
      1.0,
      0.0,
      0.0,
      1.0,
      0.0,
      1.0,
      1.0,
      0.0,
      1.0,
      0.0,
      0.0,
      1.0,
      0.0,
      1.0,
      0.0,
      1.0,
      0.0,
      0.0,
      1.0,
      0.0,
      1.0,
      1.0,
      0.0,
      0.0,
      0.0,
      1.0,
      1.0,
      0.0,
      1.0,
      0.0,
      0.0,
      0.0,
      0.0,
      0.0,
      0.0,
      1.0,
      0.0,
      0.0,
      0.0,
      1.0,
      1.0,
      0.0,
      1.0,
      0.0,
      0.0,
      1.0,
      1.0,
      1.0,
      1.0,
      1.0,
      1.0
    ],
    "decode_total_time": 7.002817276865244,
    "decode_total_tokens": 264.0,
    "prefill_total_time": 1.6337748779915273,
    "prefill_total_tokens": 512.0,
    "target_step_times": [
      1.6337841977365315,
      0.18121936498209834,
      0.06887060636654496,
      0.06725478963926435,
      0.06731644086539745,
      0.0673016500659287,
      0.06833219109103084,
      0.06925750244408846,
      0.06990317720919847,
      0.06862275907769799,
      0.06924569187685847,
      0.11715520499274135,
      0.12468961905688047,
      0.06827784096822143,
      0.06862032786011696,
      0.11545993108302355,
      0.11620079400017858,
      0.11625034408643842,
      0.11621919367462397,
      0.06831617094576359,
      0.06832275213673711,
      0.11433529993519187,
      0.06729904096573591,
      0.1155822891741991,
      0.11702230665832758,
      0.06983399763703346,
      0.1160272560082376,
      0.11767022078856826,
      0.08294227998703718,
      0.11754655325785279,
      0.06870622700080276,
      0.06833228096365929,
      0.11536811199039221,
      0.06725490000098944,
      0.11441654106602073,
      0.11518498323857784,
      0.06933387229219079,
      0.11536103207617998,
      0.06833261111751199,
      0.11533134197816253,
      0.06831019092351198,
      0.11539487121626735,
      0.11803625803440809,
      0.0702310437336564,
      0.11899609910324216,
      0.07016818458214402,
      0.0705539807677269,
      0.11736890394240618,
      0.11860630288720131,
      0.11572945769876242,
      0.06839749030768871,
      0.06838596099987626,
      0.12094279238954186,
      0.0684617799706757,
      0.11572220781818032,
      0.11631587287411094,
      0.11535090208053589,
      0.11714529618620872,
      0.11801702808588743,
      0.11849196394905448,
      0.0695553501136601,
      0.1171239260584116,
      0.11698370706290007,
      0.11625005397945642,
      0.06832616124302149,
      0.06836411124095321,
      0.11532911192625761,
      0.06727101001888514,
      0.11524890316650271,
      0.11594150587916374,
      0.06831641215831041,
      0.06726027000695467,
      0.06725264992564917,
      0.06899508601054549,
      0.06874024821445346,
      0.06881304597482085
    ],