{
  "async_speculative": true,
  "batch_size": 1,
  "calibration_schema_version": 1,
  "dataset": "gsm",
  "draft_model": "0.6",
  "draft_temperature": null,
  "f": 4,
  "fan_out_list_hit": null,
  "fan_out_list_miss": null,
  "gpus": 2,
  "input_len": 128,
  "k": 4,
  "metric_stats": {
    "accepted_suffix_lens_on_hit": {
      "count": 70,
      "max": 5.0,
      "mean": 3.142857142857143,
      "min": 1.0,
      "p50": 3.0,
      "p90": 5.0,
      "p95": 5.0,
      "p99": 5.0,
      "sum": 220.0
    },
    "accepted_suffix_lens_on_miss": {
      "count": 22,
      "max": 5.0,
      "mean": 2.0,
      "min": 1.0,
      "p50": 1.5,
      "p90": 3.0,
      "p95": 4.899999999999999,
      "p99": 5.0,
      "sum": 44.0
    },
    "accepted_suffix_lens_with_recovery": {
      "count": 92,
      "max": 5.0,
      "mean": 2.869565217391304,
      "min": 1.0,
      "p50": 2.0,
      "p90": 5.0,
      "p95": 5.0,
      "p99": 5.0,
      "sum": 264.0
    },
    "cache_hits": {
      "count": 92,
      "max": 1.0,
      "mean": 0.7608695652173914,
      "min": 0.0,
      "p50": 1.0,
      "p90": 1.0,
      "p95": 1.0,
      "p99": 1.0,
      "sum": 70.0
    },
    "target_step_times_ms": {
      "count": 93,
      "max": 1099.4012961164117,
      "mean": 87.23120684284837,
      "min": 68.15028516575694,
      "p50": 69.41557256504893,
      "p90": 92.7859834395349,
      "p95": 93.61578421667218,
      "p99": 255.63263831659995,
      "sum": 8112.502236384898
    },
    "target_verify_times_ms": {
      "count": 92,
      "max": 82.64279505237937,
      "mean": 64.61173742908336,
      "min": 64.05063066631556,
      "p50": 64.15690993890166,
      "p90": 65.16568316146731,
      "p95": 65.4328346485272,
      "p99": 68.85031263809657,
      "sum": 5944.27984347567
    }
  },
  "metrics_accepted_suffix_tokens_per_target_verify_second": 44.41244472865144,
  "metrics_avg_accepted_suffix_lens_on_hit": 3.142857142857143,
  "metrics_avg_accepted_suffix_lens_on_miss": 2.0,
  "metrics_avg_accepted_suffix_lens_with_recovery": 2.869565217391304,
  "metrics_avg_cache_hits": 0.7608695652173914,
  "metrics_avg_target_step_time_ms": 87.23120684284837,
  "metrics_avg_target_verify_time_ms": 64.61173742908336,
  "metrics_decode_throughput": 37.64597973502251,
  "metrics_decode_tokens_per_target_verify_second": 44.41244472865144,
  "metrics_decode_total_time": 7.0127010070718825,
  "metrics_decode_total_tokens": 264,
  "metrics_prefill_throughput": 465.7141022958472,
  "metrics_prefill_total_time": 1.0993869360536337,
  "metrics_prefill_total_tokens": 512,
  "metrics_spec_steps": 92,
  "metrics_target_verify_total_time": 5.94427984347567,
  "metrics_total_accepted_suffix_lens_with_recovery": 264,
  "mode": "CUDA Graphs + Speculative(k=4) + Async + JIT",
  "model_name": "Qwen3-8B",
  "numseqs": 4,
  "official_end_to_end_throughput": 31.54294713279551,
  "official_total_time": 8.1159188747406,
  "official_total_tokens": 256,
  "output_len": 64,
  "random_mode": false,
  "raw_metrics": {
    "accepted_suffix_lens_on_hit": [
      1.0,
      2.0,
      5.0,
      5.0,
      5.0,
      5.0,
      5.0,
      5.0,
      5.0,
      5.0,
      5.0,
      5.0,
      5.0,
      5.0,
      4.0,
      5.0,
      1.0,
      1.0,
      1.0,
      3.0,
      1.0,
      1.0,
      1.0,
      2.0,
      3.0,
      3.0,
      1.0,
      1.0,
      2.0,
      1.0,
      2.0,
      1.0,
      5.0,
      5.0,
      1.0,
      1.0,
      1.0,
      2.0,
      5.0,
      1.0,
      2.0,
      1.0,
      2.0,
      2.0,
      1.0,
      5.0,
      1.0,
      2.0,
      2.0,
      2.0,
      4.0,
      4.0,
      1.0,
      3.0,
      1.0,
      1.0,
      3.0,
      5.0,
      5.0,
      5.0,
      5.0,
      5.0,
      5.0,
      5.0,
      5.0,
      5.0,
      5.0,
      5.0,
      5.0,
      5.0
    ],
    "accepted_suffix_lens_on_miss": [
      3.0,
      2.0,
      5.0,
      5.0,
      1.0,
      3.0,
      3.0,
      1.0,
      2.0,
      1.0,
      1.0,
      2.0,
      1.0,
      1.0,
      1.0,
      2.0,
      1.0,
      1.0,
      3.0,
      1.0,
      1.0,
      3.0
    ],
    "accepted_suffix_lens_with_recovery": [
      3.0,
      1.0,
      2.0,
      5.0,
      5.0,
      5.0,
      5.0,
      5.0,
      5.0,
      5.0,
      5.0,
      5.0,
      5.0,
      5.0,
      5.0,
      2.0,
      5.0,
      4.0,
      5.0,
      1.0,
      1.0,
      1.0,
      5.0,
      3.0,
      1.0,
      1.0,
      1.0,
      2.0,
      3.0,
      3.0,
      1.0,
      1.0,
      1.0,
      3.0,
      3.0,
      2.0,
      1.0,
      1.0,
      2.0,
      2.0,
      1.0,
      5.0,
      5.0,
      1.0,
      1.0,
      1.0,
      1.0,
      1.0,
      2.0,
      5.0,
      1.0,
      2.0,
      2.0,
      1.0,
      2.0,
      2.0,
      1.0,
      1.0,
      1.0,
      5.0,
      1.0,
      2.0,
      1.0,
      2.0,
      2.0,
      1.0,
      2.0,
      4.0,
      1.0,
      4.0,
      1.0,
      3.0,
      3.0,
      1.0,
      1.0,
      1.0,
      1.0,
      3.0,
      3.0,
      5.0,
      5.0,
      5.0,
      5.0,
      5.0,
      5.0,
      5.0,
      5.0,
      5.0,
      5.0,
      5.0,
      5.0,
      5.0
    ],
    "cache_hits": [
      0.0,
      1.0,
      1.0,
      1.0,
      1.0,
      1.0,
      1.0,
      1.0,
      1.0,
      1.0,
      1.0,
      1.0,
      1.0,
      1.0,
      1.0,
      0.0,
      0.0,
      1.0,
      1.0,
      1.0,
      1.0,
      1.0,
      0.0,
      1.0,
      1.0,
      1.0,
      1.0,
      1.0,
      1.0,
      1.0,
      1.0,
      0.0,
      1.0,
      0.0,
      0.0,
      1.0,
      0.0,
      1.0,
      1.0,
      0.0,
      1.0,
      1.0,
      1.0,
      0.0,
      1.0,
      0.0,
      1.0,
      1.0,
      1.0,
      1.0,
      1.0,
      0.0,
      1.0,
      1.0,
      1.0,
      1.0,
      0.0,
      1.0,
      0.0,
      1.0,
      1.0,
      1.0,
      0.0,
      1.0,
      0.0,
      0.0,
      1.0,
      1.0,
      0.0,
      1.0,
      1.0,
      1.0,
      0.0,
      0.0,
      1.0,
      1.0,
      0.0,
      1.0,
      0.0,
      1.0,
      1.0,
      1.0,
      1.0,
      1.0,
      1.0,
      1.0,
      1.0,
      1.0,
      1.0,
      1.0,
      1.0,
      1.0
    ],
    "decode_total_time": 7.0127010070718825,
    "decode_total_tokens": 264.0,
    "prefill_total_time": 1.0993869360536337,
    "prefill_total_tokens": 512.0,