{
  "async_speculative": true,
  "batch_size": 1,
  "calibration_schema_version": 1,
  "dataset": "gsm",
  "draft_model": "0.6",
  "draft_temperature": null,
  "f": 4,
  "fan_out_list_hit": null,
  "fan_out_list_miss": null,
  "gpus": 2,
  "input_len": 128,
  "k": 8,
  "metric_stats": {
    "accepted_suffix_lens_on_hit": {
      "count": 53,
      "max": 9.0,
      "mean": 4.018867924528302,
      "min": 1.0,
      "p50": 2.0,
      "p90": 9.0,
      "p95": 9.0,
      "p99": 9.0,
      "sum": 213.0
    },
    "accepted_suffix_lens_on_miss": {
      "count": 22,
      "max": 9.0,
      "mean": 2.3181818181818183,
      "min": 1.0,
      "p50": 1.5,
      "p90": 3.0,
      "p95": 7.7499999999999964,
      "p99": 8.79,
      "sum": 51.0
    },
    "accepted_suffix_lens_with_recovery": {
      "count": 75,
      "max": 9.0,
      "mean": 3.52,
      "min": 1.0,
      "p50": 2.0,
      "p90": 9.0,
      "p95": 9.0,
      "p99": 9.0,
      "sum": 264.0
    },
    "cache_hits": {
      "count": 75,
      "max": 1.0,
      "mean": 0.7066666666666667,
      "min": 0.0,
      "p50": 1.0,
      "p90": 1.0,
      "p95": 1.0,
      "p99": 1.0,
      "sum": 53.0
    },
    "target_step_times_ms": {
      "count": 76,
      "max": 1976.702197920531,
      "mean": 111.59540432211207,
      "min": 69.00709588080645,
      "p50": 71.57101854681969,
      "p90": 119.13356045261025,
      "p95": 120.50615600310266,
      "p99": 652.9996722238138,
      "sum": 8481.250728480518
    },
    "target_verify_times_ms": {
      "count": 75,
      "max": 80.82505082711577,
      "mean": 64.7677187435329,
      "min": 64.23991918563843,
      "p50": 64.38763719052076,
      "p90": 65.13899033889174,
      "p95": 65.28865788131952,
      "p99": 69.46097226813444,
      "sum": 4857.578905764967
    }
  },
  "metrics_accepted_suffix_tokens_per_target_verify_second": 54.34806209461368,
  "metrics_avg_accepted_suffix_lens_on_hit": 4.018867924528302,
  "metrics_avg_accepted_suffix_lens_on_miss": 2.3181818181818183,
  "metrics_avg_accepted_suffix_lens_with_recovery": 3.52,
  "metrics_avg_cache_hits": 0.7066666666666667,
  "metrics_avg_target_step_time_ms": 111.59540432211207,
  "metrics_avg_target_verify_time_ms": 64.7677187435329,
  "metrics_decode_throughput": 40.58890382179925,
  "metrics_decode_tokens_per_target_verify_second": 54.34806209461368,
  "metrics_decode_total_time": 6.504240694921464,
  "metrics_decode_total_tokens": 264,
  "metrics_prefill_throughput": 259.0210574226956,
  "metrics_prefill_total_time": 1.9766732677817345,
  "metrics_prefill_total_tokens": 512,
  "metrics_spec_steps": 75,
  "metrics_target_verify_total_time": 4.857578905764967,
  "metrics_total_accepted_suffix_lens_with_recovery": 264,
  "mode": "CUDA Graphs + Speculative(k=8) + Async + JIT",
  "model_name": "Qwen3-8B",
  "numseqs": 4,
  "official_end_to_end_throughput": 30.169900867202646,
  "official_total_time": 8.485278129577637,
  "official_total_tokens": 256,
  "output_len": 64,
  "random_mode": false,
  "raw_metrics": {
    "accepted_suffix_lens_on_hit": [
      1.0,
      2.0,
      9.0,
      9.0,
      9.0,
      9.0,
      9.0,
      9.0,
      9.0,
      6.0,
      1.0,
      1.0,
      1.0,
      1.0,
      1.0,
      2.0,
      3.0,
      3.0,
      1.0,
      1.0,
      2.0,
      1.0,
      2.0,
      1.0,
      9.0,
      1.0,
      1.0,
      1.0,
      2.0,
      6.0,
      2.0,
      1.0,
      2.0,
      2.0,
      1.0,
      6.0,
      2.0,
      2.0,
      2.0,
      4.0,
      4.0,
      1.0,
      3.0,
      1.0,
      1.0,
      3.0,
      9.0,
      9.0,
      9.0,
      9.0,
      9.0,
      9.0,
      9.0
    ],
    "accepted_suffix_lens_on_miss": [
      3.0,
      2.0,
      9.0,
      8.0,
      1.0,
      3.0,
      3.0,
      1.0,
      2.0,
      1.0,
      1.0,
      2.0,
      1.0,
      1.0,
      1.0,
      2.0,
      1.0,
      1.0,
      3.0,
      1.0,
      1.0,
      3.0
    ],
    "accepted_suffix_lens_with_recovery": [
      3.0,
      1.0,
      2.0,
      9.0,
      9.0,
      9.0,
      9.0,
      9.0,
      9.0,
      9.0,
      2.0,
      9.0,
      6.0,
      1.0,
      1.0,
      8.0,
      1.0,
      1.0,
      1.0,
      2.0,
      3.0,
      3.0,
      1.0,
      1.0,
      1.0,
      3.0,
      3.0,
      2.0,
      1.0,
      1.0,
      2.0,
      2.0,
      1.0,
      9.0,
      1.0,
      1.0,
      1.0,
      1.0,
      1.0,
      2.0,
      6.0,
      2.0,
      2.0,
      1.0,
      2.0,
      2.0,
      1.0,
      1.0,
      1.0,
      6.0,
      2.0,
      1.0,
      2.0,
      2.0,
      1.0,
      2.0,
      4.0,
      1.0,
      4.0,
      1.0,
      3.0,
      3.0,
      1.0,
      1.0,
      1.0,
      1.0,
      3.0,
      3.0,
      9.0,
      9.0,
      9.0,
      9.0,
      9.0,
      9.0,
      9.0
    ],
    "cache_hits": [
      0.0,
      1.0,
      1.0,
      1.0,
      1.0,
      1.0,
      1.0,
      1.0,
      1.0,
      1.0,
      0.0,
      0.0,
      1.0,
      1.0,
      1.0,
      0.0,
      1.0,
      1.0,
      1.0,
      1.0,
      1.0,
      1.0,
      1.0,
      0.0,
      1.0,
      0.0,
      0.0,
      1.0,
      0.0,
      1.0,
      1.0,
      0.0,
      1.0,
      1.0,
      0.0,
      1.0,
      0.0,
      1.0,
      1.0,
      1.0,
      1.0,
      0.0,
      1.0,
      1.0,
      1.0,
      1.0,
      0.0,
      1.0,
      0.0,
      1.0,
      1.0,
      0.0,
      1.0,
      0.0,
      0.0,
      1.0,
      1.0,
      0.0,
      1.0,
      1.0,
      1.0,
      0.0,
      0.0,
      1.0,
      1.0,
      0.0,
      1.0,
      0.0,
      1.0,
      1.0,
      1.0,
      1.0,
      1.0,
      1.0,
      1.0
    ],
    "decode_total_time": 6.504240694921464,
    "decode_total_tokens": 264.0,
    "prefill_total_time": 1.9766732677817345,
    "prefill_total_tokens": 512.0,
    "target_step_times": [
      1.976702197920531,
      0.21176549699157476,
      0.11239799112081528,
      0.06943710194900632,
      0.07053874293342233,
      0.06941196322441101,
      0.07050803396850824,
      0.070459243375808,
      0.07054883288219571,
      0.06939387274906039,
      0.07051809271797538,
      0.1181830489076674,
      0.12093848502263427,
      0.07152802404016256,
      0.07149653509259224,
      0.07089707907289267,
      0.11782567296177149,
      0.07241411600261927,
      0.07159555377438664,
      0.07158976281061769,
      0.07217283872887492,
      0.07039993396028876,
      0.07046737289056182,
      0.07040879409760237,
      0.11836414784193039,
      0.07147109508514404,
      0.11901468224823475,
      0.11916752997785807,
      0.07284275302663445,
      0.1206367970444262,
      0.07262692460790277,
      0.07155227428302169,
      0.12046260898932815,
      0.07188560115173459,
      0.06947958189994097,
      0.11821113899350166,
      0.07257290510460734,
      0.11838126694783568,
      0.07171117281541228,
      0.0694158929400146,
      0.06945854192599654,
      0.0693969028070569,
      0.11793077224865556,
      0.0716284029185772,
      0.06908830581232905,
      0.06977052986621857,
      0.06989034777507186,
      0.12014952162280679,
      0.07114191772416234,
      0.11774728307500482,
      0.06966785108670592,
      0.07044090377166867,
      0.11773373279720545,
      0.07093694899231195,
      0.11909959092736244,
      0.11877331510186195,
      0.07372913416475058,
      0.06942241312935948,
      0.11757833464071155,
      0.0715446937829256,
      0.07048140279948711,
      0.07045435439795256,
      0.11798165086656809,
      0.11939723882824183,
      0.07279870193451643,
      0.07152940426021814,
      0.1173484968021512,
      0.07251083571463823,
      0.11735917581245303,
      0.07146679470315576,
      0.07253913534805179,
      0.07144410535693169,
      0.07149726385250688,
      0.07137873582541943,
      0.06900709588080645,
      0.06953173177316785
    ],