{
  "async_speculative": true,
  "batch_size": 1,
  "calibration_schema_version": 1,
  "dataset": "gsm",
  "draft_model": "0.6",
  "draft_temperature": null,
  "f": 2,
  "fan_out_list_hit": null,
  "fan_out_list_miss": null,
  "gpus": 2,
  "input_len": 128,
  "k": 8,
  "metric_stats": {
    "accepted_suffix_lens_on_hit": {
      "count": 45,
      "max": 9.0,
      "mean": 4.355555555555555,
      "min": 1.0,
      "p50": 2.0,
      "p90": 9.0,
      "p95": 9.0,
      "p99": 9.0,
      "sum": 196.0
    },
    "accepted_suffix_lens_on_miss": {
      "count": 30,
      "max": 9.0,
      "mean": 2.2666666666666666,
      "min": 1.0,
      "p50": 1.5,
      "p90": 4.0,
      "p95": 6.199999999999989,
      "p99": 8.71,
      "sum": 68.0
    },
    "accepted_suffix_lens_with_recovery": {
      "count": 75,
      "max": 9.0,
      "mean": 3.52,
      "min": 1.0,
      "p50": 2.0,
      "p90": 9.0,
      "p95": 9.0,
      "p99": 9.0,
      "sum": 264.0
    },
    "cache_hits": {
      "count": 75,
      "max": 1.0,
      "mean": 0.6,
      "min": 0.0,
      "p50": 1.0,
      "p90": 1.0,
      "p95": 1.0,
      "p99": 1.0,
      "sum": 45.0
    },
    "target_step_times_ms": {
      "count": 76,
      "max": 1765.1680470444262,
      "mean": 111.29396064452042,
      "min": 67.22261104732752,
      "p50": 69.79478313587606,
      "p90": 117.23339022137225,
      "p95": 118.11355035752058,
      "p99": 589.2341774888337,
      "sum": 8458.341008983552
    },
    "target_verify_times_ms": {
      "count": 75,
      "max": 89.97711818665266,
      "mean": 65.13246026510994,
      "min": 64.27859701216221,
      "p50": 64.85893158242106,
      "p90": 65.34782378003001,
      "p95": 65.51278331317008,
      "p99": 72.08532018587006,
      "sum": 4884.934519883245
    }
  },
  "metrics_accepted_suffix_tokens_per_target_verify_second": 54.04371316041916,
  "metrics_avg_accepted_suffix_lens_on_hit": 4.355555555555555,
  "metrics_avg_accepted_suffix_lens_on_miss": 2.2666666666666666,
  "metrics_avg_accepted_suffix_lens_with_recovery": 3.52,
  "metrics_avg_cache_hits": 0.6,
  "metrics_avg_target_step_time_ms": 111.29396064452042,
  "metrics_avg_target_verify_time_ms": 65.13246026510994,
  "metrics_decode_throughput": 39.44553768065912,
  "metrics_decode_tokens_per_target_verify_second": 54.04371316041916,
  "metrics_decode_total_time": 6.692772250622511,
  "metrics_decode_total_tokens": 264,
  "metrics_prefill_throughput": 290.0592228469423,
  "metrics_prefill_total_time": 1.7651567668654025,
  "metrics_prefill_total_tokens": 512,
  "metrics_spec_steps": 75,
  "metrics_target_verify_total_time": 4.884934519883245,
  "metrics_total_accepted_suffix_lens_with_recovery": 264,
  "mode": "CUDA Graphs + Speculative(k=8) + Async + JIT",
  "model_name": "Qwen3-8B",
  "numseqs": 4,
  "official_end_to_end_throughput": 30.25384270400945,
  "official_total_time": 8.461735010147095,
  "official_total_tokens": 256,
  "output_len": 64,
  "random_mode": false,
  "raw_metrics": {
    "accepted_suffix_lens_on_hit": [
      1.0,
      2.0,
      9.0,
      9.0,
      9.0,
      9.0,
      9.0,
      9.0,
      9.0,
      6.0,
      1.0,
      1.0,
      1.0,
      2.0,
      3.0,
      1.0,
      2.0,
      1.0,
      2.0,
      1.0,
      9.0,
      1.0,
      1.0,
      1.0,
      2.0,
      6.0,
      2.0,
      2.0,
      2.0,
      1.0,
      6.0,
      2.0,
      2.0,
      1.0,
      3.0,
      1.0,
      1.0,
      3.0,
      9.0,
      9.0,
      9.0,
      9.0,
      9.0,
      9.0,
      9.0
    ],
    "accepted_suffix_lens_on_miss": [
      3.0,
      2.0,
      9.0,
      1.0,
      8.0,
      1.0,
      3.0,
      1.0,
      1.0,
      3.0,
      3.0,
      1.0,
      2.0,
      1.0,
      1.0,
      2.0,
      1.0,
      1.0,
      1.0,
      1.0,
      2.0,
      1.0,
      2.0,
      4.0,
      1.0,
      4.0,
      3.0,
      1.0,
      1.0,
      3.0
    ],
    "accepted_suffix_lens_with_recovery": [
      3.0,
      1.0,
      2.0,
      9.0,
      9.0,
      9.0,
      9.0,
      9.0,
      9.0,
      9.0,
      2.0,
      9.0,
      6.0,
      1.0,
      1.0,
      8.0,
      1.0,
      1.0,
      1.0,
      2.0,
      3.0,
      3.0,
      1.0,
      1.0,
      1.0,
      3.0,
      3.0,
      2.0,
      1.0,
      1.0,
      2.0,
      2.0,
      1.0,
      9.0,
      1.0,
      1.0,
      1.0,
      1.0,
      1.0,
      2.0,
      6.0,
      2.0,
      2.0,
      1.0,
      2.0,
      2.0,
      1.0,
      1.0,
      1.0,
      6.0,
      2.0,
      1.0,
      2.0,
      2.0,
      1.0,
      2.0,
      4.0,
      1.0,
      4.0,
      1.0,
      3.0,
      3.0,
      1.0,
      1.0,
      1.0,
      1.0,
      3.0,
      3.0,
      9.0,
      9.0,
      9.0,
      9.0,
      9.0,
      9.0,
      9.0
    ],
    "cache_hits": [
      0.0,
      1.0,
      1.0,
      1.0,
      1.0,
      1.0,
      1.0,
      1.0,
      1.0,
      1.0,
      0.0,
      0.0,
      1.0,
      1.0,
      0.0,
      0.0,
      1.0,
      0.0,
      1.0,
      1.0,
      0.0,
      1.0,
      0.0,
      0.0,
      1.0,
      0.0,
      0.0,
      1.0,
      0.0,
      1.0,
      1.0,
      0.0,
      1.0,
      1.0,
      0.0,
      1.0,
      0.0,
      1.0,
      1.0,
      1.0,
      1.0,
      0.0,
      1.0,
      0.0,
      1.0,
      1.0,
      0.0,
      1.0,
      0.0,
      1.0,
      1.0,
      0.0,
      1.0,
      0.0,
      0.0,
      0.0,
      0.0,
      0.0,
      0.0,
      1.0,
      1.0,
      0.0,
      0.0,
      1.0,
      1.0,
      0.0,
      1.0,
      0.0,
      1.0,
      1.0,
      1.0,
      1.0,
      1.0,
      1.0,
      1.0
    ],
    "decode_total_time": 6.692772250622511,
    "decode_total_tokens": 264.0,
    "prefill_total_time": 1.7651567668654025,
    "prefill_total_tokens": 512.0,
    "target_step_times": [
      1.7651680470444262,
      0.19725622097030282,
      0.07775845704600215,
      0.06932783219963312,
      0.0698339082300663,
      0.06731569999828935,
      0.06835722085088491,
      0.06836492009460926,
      0.0684105297550559,
      0.06737338984385133,
      0.06975565804168582,
      0.11679494893178344,
      0.1170974662527442,
      0.06951295072212815,
      0.06834735069423914,
      0.11535915173590183,
      0.11657261103391647,
      0.06863703764975071,
      0.11726831505075097,
      0.070066646207124,
      0.06944372178986669,
      0.11654291115701199,
      0.06847395887598395,
      0.11732801469042897,
      0.11608215468004346,
      0.06927204318344593,
      0.11719846539199352,
      0.11688169790431857,
      0.07055611116811633,
      0.11570742912590504,
      0.06832698080688715,
      0.06832860130816698,
      0.11578138824552298,
      0.06947988970205188,
      0.06934895180165768,
      0.11712598567828536,
      0.06938640167936683,
      0.11810086807236075,
      0.0692480318248272,
      0.06876158807426691,
      0.06799638364464045,
      0.06965104024857283,
      0.11673659877851605,
      0.0678974948823452,
      0.1159370462410152,
      0.0688412869349122,
      0.0691869230940938,
      0.11668230034410954,
      0.06888196617364883,
      0.11641303170472383,
      0.06866015819832683,
      0.06899577518925071,
      0.11568897869437933,
      0.06897766515612602,
      0.11712882574647665,
      0.11691134795546532,
      0.11679125903174281,
      0.11905358918011189,
      0.11778566986322403,
      0.11815159721300006,
      0.07039509294554591,
      0.06929655186831951,
      0.11569735920056701,
      0.116025784984231,
      0.06938645197078586,
      0.06722261104732752,
      0.1163151329383254,
      0.06833547120913863,
      0.11560499994084239,
      0.06836646003648639,
      0.06848749984055758,
      0.07014661515131593,
      0.06968448776751757,
      0.0699024167843163,
      0.06770690670236945,
      0.06944467080757022
    ],