{
  "async_speculative": true,
  "batch_size": 1,
  "calibration_schema_version": 1,
  "dataset": "gsm",
  "draft_model": "0.6",
  "draft_temperature": null,
  "f": 4,
  "fan_out_list_hit": null,
  "fan_out_list_miss": null,
  "gpus": 2,
  "input_len": 128,
  "k": 4,
  "metric_stats": {
    "accepted_suffix_lens_on_hit": {
      "count": 70,
      "max": 5.0,
      "mean": 3.142857142857143,
      "min": 1.0,
      "p50": 3.0,
      "p90": 5.0,
      "p95": 5.0,
      "p99": 5.0,
      "sum": 220.0
    },
    "accepted_suffix_lens_on_miss": {
      "count": 22,
      "max": 5.0,
      "mean": 2.0,
      "min": 1.0,
      "p50": 1.5,
      "p90": 3.0,
      "p95": 4.899999999999999,
      "p99": 5.0,
      "sum": 44.0
    },
    "accepted_suffix_lens_with_recovery": {
      "count": 92,
      "max": 5.0,
      "mean": 2.869565217391304,
      "min": 1.0,
      "p50": 2.0,
      "p90": 5.0,
      "p95": 5.0,
      "p99": 5.0,
      "sum": 264.0
    },
    "cache_hits": {
      "count": 92,
      "max": 1.0,
      "mean": 0.7608695652173914,
      "min": 0.0,
      "p50": 1.0,
      "p90": 1.0,
      "p95": 1.0,
      "p99": 1.0,
      "sum": 70.0
    },
    "target_step_times_ms": {
      "count": 93,
      "max": 1419.4688508287072,
      "mean": 90.23396150078825,
      "min": 68.15191358327866,
      "p50": 69.30139334872365,
      "p90": 93.11546636745334,
      "p95": 93.90964657068253,
      "p99": 264.497905820606,
      "sum": 8391.758419573307
    },
    "target_verify_times_ms": {
      "count": 92,
      "max": 79.46096314117312,
      "mean": 64.52444998506942,
      "min": 64.07845998182893,
      "p50": 64.16763900779188,
      "p90": 64.9380021262914,
      "p95": 65.02769561484456,
      "p99": 66.63566533010459,
      "sum": 5936.249398626387
    }
  },
  "metrics_accepted_suffix_tokens_per_target_verify_second": 44.47252503594071,
  "metrics_avg_accepted_suffix_lens_on_hit": 3.142857142857143,
  "metrics_avg_accepted_suffix_lens_on_miss": 2.0,
  "metrics_avg_accepted_suffix_lens_with_recovery": 2.869565217391304,
  "metrics_avg_cache_hits": 0.7608695652173914,
  "metrics_avg_target_step_time_ms": 90.23396150078825,
  "metrics_avg_target_verify_time_ms": 64.52444998506942,
  "metrics_decode_throughput": 37.86635889249264,
  "metrics_decode_tokens_per_target_verify_second": 44.47252503594071,
  "metrics_decode_total_time": 6.971887652296573,
  "metrics_decode_total_tokens": 264,
  "metrics_prefill_throughput": 360.70039024282494,
  "metrics_prefill_total_time": 1.4194606211967766,
  "metrics_prefill_total_tokens": 512,
  "metrics_spec_steps": 92,
  "metrics_target_verify_total_time": 5.936249398626387,
  "metrics_total_accepted_suffix_lens_with_recovery": 264,
  "mode": "CUDA Graphs + Speculative(k=4) + Async + JIT",
  "model_name": "Qwen3-8B",
  "numseqs": 4,
  "official_end_to_end_throughput": 30.49408386128615,
  "official_total_time": 8.395071029663086,
  "official_total_tokens": 256,
  "output_len": 64,
  "random_mode": false,
  "raw_metrics": {
    "accepted_suffix_lens_on_hit": [
      1.0,
      2.0,
      5.0,
      5.0,
      5.0,
      5.0,
      5.0,
      5.0,
      5.0,
      5.0,
      5.0,
      5.0,
      5.0,
      5.0,
      4.0,
      5.0,
      1.0,
      1.0,
      1.0,
      3.0,
      1.0,
      1.0,
      1.0,
      2.0,
      3.0,
      3.0,
      1.0,
      1.0,
      2.0,
      1.0,
      2.0,
      1.0,
      5.0,
      5.0,
      1.0,
      1.0,
      1.0,
      2.0,
      5.0,
      1.0,
      2.0,
      1.0,
      2.0,
      2.0,
      1.0,
      5.0,
      1.0,
      2.0,
      2.0,
      2.0,
      4.0,
      4.0,
      1.0,
      3.0,
      1.0,
      1.0,
      3.0,
      5.0,
      5.0,
      5.0,
      5.0,
      5.0,
      5.0,
      5.0,
      5.0,
      5.0,
      5.0,
      5.0,
      5.0,
      5.0
    ],
    "accepted_suffix_lens_on_miss": [
      3.0,
      2.0,
      5.0,
      5.0,
      1.0,
      3.0,
      3.0,
      1.0,
      2.0,
      1.0,
      1.0,
      2.0,
      1.0,
      1.0,
      1.0,
      2.0,
      1.0,
      1.0,
      3.0,
      1.0,
      1.0,
      3.0
    ],
    "accepted_suffix_lens_with_recovery": [
      3.0,
      1.0,
      2.0,
      5.0,
      5.0,
      5.0,
      5.0,
      5.0,
      5.0,
      5.0,
      5.0,
      5.0,
      5.0,
      5.0,
      5.0,
      2.0,
      5.0,
      4.0,
      5.0,
      1.0,
      1.0,
      1.0,
      5.0,
      3.0,
      1.0,
      1.0,
      1.0,
      2.0,
      3.0,
      3.0,
      1.0,
      1.0,
      1.0,
      3.0,
      3.0,
      2.0,
      1.0,
      1.0,
      2.0,
      2.0,
      1.0,
      5.0,
      5.0,
      1.0,
      1.0,
      1.0,
      1.0,
      1.0,
      2.0,
      5.0,
      1.0,
      2.0,
      2.0,
      1.0,
      2.0,
      2.0,
      1.0,
      1.0,
      1.0,
      5.0,
      1.0,
      2.0,
      1.0,
      2.0,
      2.0,
      1.0,
      2.0,
      4.0,
      1.0,
      4.0,
      1.0,
      3.0,
      3.0,
      1.0,
      1.0,
      1.0,
      1.0,
      3.0,
      3.0,
      5.0,
      5.0,
      5.0,
      5.0,
      5.0,
      5.0,
      5.0,
      5.0,
      5.0,
      5.0,
      5.0,
      5.0,
      5.0
    ],
    "cache_hits": [
      0.0,
      1.0,
      1.0,
      1.0,
      1.0,
      1.0,
      1.0,
      1.0,
      1.0,
      1.0,
      1.0,
      1.0,
      1.0,
      1.0,
      1.0,
      0.0,
      0.0,
      1.0,
      1.0,
      1.0,
      1.0,
      1.0,
      0.0,
      1.0,
      1.0,
      1.0,
      1.0,
      1.0,
      1.0,
      1.0,
      1.0,
      0.0,
      1.0,
      0.0,
      0.0,
      1.0,
      0.0,
      1.0,
      1.0,
      0.0,
      1.0,
      1.0,
      1.0,
      0.0,
      1.0,
      0.0,
      1.0,
      1.0,
      1.0,
      1.0,
      1.0,
      0.0,
      1.0,
      1.0,
      1.0,
      1.0,
      0.0,
      1.0,
      0.0,
      1.0,
      1.0,
      1.0,
      0.0,
      1.0,
      0.0,
      0.0,
      1.0,
      1.0,
      0.0,
      1.0,
      1.0,
      1.0,
      0.0,
      0.0,
      1.0,
      1.0,
      0.0,
      1.0,
      0.0,
      1.0,
      1.0,
      1.0,
      1.0,
      1.0,
      1.0,
      1.0,
      1.0,
      1.0,
      1.0,
      1.0,
      1.0,
      1.0
    ],
    "decode_total_time": 6.971887652296573,
    "decode_total_tokens": 264.0,
    "prefill_total_time": 1.4194606211967766,
    "prefill_total_tokens": 512.0,