{
  "async_speculative": true,
  "batch_size": 1,
  "calibration_schema_version": 1,
  "dataset": "gsm",
  "draft_model": "0.6",
  "draft_temperature": null,
  "f": 1,
  "fan_out_list_hit": null,
  "fan_out_list_miss": null,
  "gpus": 2,
  "input_len": 128,
  "k": 8,
  "metric_stats": {
    "accepted_suffix_lens_on_hit": {
      "count": 38,
      "max": 9.0,
      "mean": 4.368421052631579,
      "min": 1.0,
      "p50": 2.0,
      "p90": 9.0,
      "p95": 9.0,
      "p99": 9.0,
      "sum": 166.0
    },
    "accepted_suffix_lens_on_miss": {
      "count": 37,
      "max": 9.0,
      "mean": 2.6486486486486487,
      "min": 1.0,
      "p50": 2.0,
      "p90": 6.799999999999997,
      "p95": 9.0,
      "p99": 9.0,
      "sum": 98.0
    },
    "accepted_suffix_lens_with_recovery": {
      "count": 75,
      "max": 9.0,
      "mean": 3.52,
      "min": 1.0,
      "p50": 2.0,
      "p90": 9.0,
      "p95": 9.0,
      "p99": 9.0,
      "sum": 264.0
    },
    "cache_hits": {
      "count": 75,
      "max": 1.0,
      "mean": 0.5066666666666667,
      "min": 0.0,
      "p50": 1.0,
      "p90": 1.0,
      "p95": 1.0,
      "p99": 1.0,
      "sum": 38.0
    },
    "target_step_times_ms": {
      "count": 76,
      "max": 1057.313796132803,
      "mean": 106.31603054628756,
      "min": 67.23560020327568,
      "p50": 92.57104992866516,
      "p90": 117.72351060062647,
      "p95": 118.72039397712797,
      "p99": 416.8271702947095,
      "sum": 8080.018321517855
    },
    "target_verify_times_ms": {
      "count": 75,
      "max": 94.7091756388545,
      "mean": 65.23764250179131,
      "min": 64.24602679908276,
      "p50": 64.81132190674543,
      "p90": 65.27903014793992,
      "p95": 65.5587128829211,
      "p99": 75.05003777332618,
      "sum": 4892.823187634349
    }
  },
  "metrics_accepted_suffix_tokens_per_target_verify_second": 53.95657882492223,
  "metrics_avg_accepted_suffix_lens_on_hit": 4.368421052631579,
  "metrics_avg_accepted_suffix_lens_on_miss": 2.6486486486486487,
  "metrics_avg_accepted_suffix_lens_with_recovery": 3.52,
  "metrics_avg_cache_hits": 0.5066666666666667,
  "metrics_avg_target_step_time_ms": 106.31603054628756,
  "metrics_avg_target_verify_time_ms": 65.23764250179131,
  "metrics_decode_throughput": 37.594576508625266,
  "metrics_decode_tokens_per_target_verify_second": 53.95657882492223,
  "metrics_decode_total_time": 7.022289503365755,
  "metrics_decode_total_tokens": 264,
  "metrics_prefill_throughput": 484.2560984146815,
  "metrics_prefill_total_time": 1.057291795965284,
  "metrics_prefill_total_tokens": 512,
  "metrics_spec_steps": 75,
  "metrics_target_verify_total_time": 4.892823187634349,
  "metrics_total_accepted_suffix_lens_with_recovery": 264,
  "mode": "CUDA Graphs + Speculative(k=8) + Async + JIT",
  "model_name": "Qwen3-8B",
  "numseqs": 4,
  "official_end_to_end_throughput": 31.66623011419335,
  "official_total_time": 8.084321975708008,
  "official_total_tokens": 256,
  "output_len": 64,
  "random_mode": false,
  "raw_metrics": {
    "accepted_suffix_lens_on_hit": [
      1.0,
      2.0,
      9.0,
      9.0,
      9.0,
      9.0,
      9.0,
      9.0,
      9.0,
      6.0,
      1.0,
      1.0,
      2.0,
      3.0,
      1.0,
      2.0,
      1.0,
      2.0,
      1.0,
      1.0,
      1.0,
      2.0,
      2.0,
      2.0,
      2.0,
      6.0,
      2.0,
      2.0,
      1.0,
      1.0,
      1.0,
      3.0,
      9.0,
      9.0,
      9.0,
      9.0,
      9.0,
      9.0
    ],
    "accepted_suffix_lens_on_miss": [
      3.0,
      2.0,
      9.0,
      1.0,
      8.0,
      1.0,
      1.0,
      3.0,
      1.0,
      1.0,
      3.0,
      3.0,
      1.0,
      2.0,
      9.0,
      1.0,
      1.0,
      1.0,
      6.0,
      2.0,
      1.0,
      1.0,
      1.0,
      1.0,
      1.0,
      2.0,
      1.0,
      2.0,
      4.0,
      1.0,
      4.0,
      3.0,
      3.0,
      1.0,
      1.0,
      3.0,
      9.0
    ],
    "accepted_suffix_lens_with_recovery": [
      3.0,
      1.0,
      2.0,
      9.0,
      9.0,
      9.0,
      9.0,
      9.0,
      9.0,
      9.0,
      2.0,
      9.0,
      6.0,
      1.0,
      1.0,
      8.0,
      1.0,
      1.0,
      1.0,
      2.0,
      3.0,
      3.0,
      1.0,
      1.0,
      1.0,
      3.0,
      3.0,
      2.0,
      1.0,
      1.0,
      2.0,
      2.0,
      1.0,
      9.0,
      1.0,
      1.0,
      1.0,
      1.0,
      1.0,
      2.0,
      6.0,
      2.0,
      2.0,
      1.0,
      2.0,
      2.0,
      1.0,
      1.0,
      1.0,
      6.0,
      2.0,
      1.0,
      2.0,
      2.0,
      1.0,
      2.0,
      4.0,
      1.0,
      4.0,
      1.0,
      3.0,
      3.0,
      1.0,
      1.0,
      1.0,
      1.0,
      3.0,
      3.0,
      9.0,
      9.0,
      9.0,
      9.0,
      9.0,
      9.0,
      9.0
    ],
    "cache_hits": [
      0.0,
      1.0,
      1.0,
      1.0,
      1.0,
      1.0,
      1.0,
      1.0,
      1.0,
      1.0,
      0.0,
      0.0,
      1.0,
      1.0,
      0.0,
      0.0,
      0.0,
      0.0,
      1.0,
      1.0,
      0.0,
      1.0,
      0.0,
      0.0,
      1.0,
      0.0,
      0.0,
      1.0,
      0.0,
      1.0,
      1.0,
      0.0,
      1.0,
      0.0,
      0.0,
      1.0,
      0.0,
      1.0,
      0.0,
      1.0,
      0.0,
      0.0,
      1.0,
      0.0,
      1.0,
      1.0,
      0.0,
      0.0,
      0.0,
      1.0,
      1.0,
      0.0,
      1.0,
      0.0,
      0.0,
      0.0,
      0.0,
      0.0,
      0.0,
      1.0,
      0.0,
      0.0,
      0.0,
      1.0,
      1.0,
      0.0,
      1.0,
      0.0,
      0.0,
      1.0,
      1.0,
      1.0,
      1.0,
      1.0,
      1.0
    ],
    "decode_total_time": 7.022289503365755,
    "decode_total_tokens": 264.0,
    "prefill_total_time": 1.057291795965284,
    "prefill_total_tokens": 512.0,
    "target_step_times": [
      1.057313796132803,
      0.20333162834867835,
      0.06989688705652952,
      0.06835281988605857,
      0.06733546033501625,
      0.0689960652962327,
      0.06872350815683603,
      0.06723560020327568,
      0.06872306764125824,
      0.06866881810128689,
      0.06916236318647861,
      0.11810697708278894,
      0.11697509698569775,
      0.06877807667478919,
      0.07026782399043441,
      0.11552924010902643,
      0.11529023293405771,
      0.11666955007240176,
      0.11732476390898228,
      0.06828686129301786,
      0.06827315222471952,
      0.11522727319970727,
      0.06947943987324834,
      0.11640022322535515,
      0.1178446002304554,
      0.06862973794341087,
      0.11768017103895545,
      0.11656388081610203,
      0.06835348019376397,
      0.11606577644124627,
      0.069187942892313,
      0.06801282381638885,
      0.11630632309243083,
      0.06811118312180042,
      0.11699051689356565,
      0.1165787810459733,
      0.06900590471923351,
      0.11741091310977936,
      0.06855847919359803,
      0.11555471969768405,
      0.068517099134624,
      0.11562535027042031,
      0.12056064466014504,
      0.06954762991517782,
      0.11628847429528832,
      0.068829286377877,
      0.06877909693866968,
      0.11518155410885811,
      0.1161273350007832,
      0.11632645316421986,
      0.06858127797022462,
      0.06751613924279809,
      0.11487810639664531,
      0.06884984578937292,
      0.11776685016229749,
      0.11635795282199979,
      0.11570832878351212,
      0.11677368870005012,
      0.11652991082519293,
      0.12718471698462963,
      0.06874073715880513,
      0.11487427586689591,
      0.11528833163902164,
      0.11636151280254126,
      0.06836892105638981,
      0.06840830016881227,
      0.11728457501158118,
      0.06948693003505468,
      0.11668713018298149,
      0.11791584873571992,
      0.06901560490950942,
      0.06943370122462511,
      0.06938850088045001,
      0.06977155897766352,
      0.06909200409427285,
      0.06876668706536293
    ],