{
  "async_speculative": true,
  "batch_size": 1,
  "calibration_schema_version": 1,
  "dataset": "gsm",
  "draft_model": "0.6",
  "draft_temperature": null,
  "f": 4,
  "fan_out_list_hit": null,
  "fan_out_list_miss": null,
  "gpus": 2,
  "input_len": 128,
  "k": 8,
  "metric_stats": {
    "accepted_suffix_lens_on_hit": {
      "count": 53,
      "max": 9.0,
      "mean": 4.018867924528302,
      "min": 1.0,
      "p50": 2.0,
      "p90": 9.0,
      "p95": 9.0,
      "p99": 9.0,
      "sum": 213.0
    },
    "accepted_suffix_lens_on_miss": {
      "count": 22,
      "max": 9.0,
      "mean": 2.3181818181818183,
      "min": 1.0,
      "p50": 1.5,
      "p90": 3.0,
      "p95": 7.7499999999999964,
      "p99": 8.79,
      "sum": 51.0
    },
    "accepted_suffix_lens_with_recovery": {
      "count": 75,
      "max": 9.0,
      "mean": 3.52,
      "min": 1.0,
      "p50": 2.0,
      "p90": 9.0,
      "p95": 9.0,
      "p99": 9.0,
      "sum": 264.0
    },
    "cache_hits": {
      "count": 75,
      "max": 1.0,
      "mean": 0.7066666666666667,
      "min": 0.0,
      "p50": 1.0,
      "p90": 1.0,
      "p95": 1.0,
      "p99": 1.0,
      "sum": 53.0
    },
    "target_step_times_ms": {
      "count": 76,
      "max": 1631.3853678293526,
      "mean": 106.58235442947205,
      "min": 68.9386366866529,
      "p50": 71.25563151203096,
      "p90": 119.86113945022225,
      "p95": 121.02433713153005,
      "p99": 561.9727701414376,
      "sum": 8100.258936639875
    },
    "target_verify_times_ms": {
      "count": 75,
      "max": 101.00609203800559,
      "mean": 65.11108163123329,
      "min": 64.2559677362442,
      "p50": 64.46805689483881,
      "p90": 65.12654330581427,
      "p95": 65.48148985020816,
      "p99": 75.91609675437229,
      "sum": 4883.331122342497
    }
  },
  "metrics_accepted_suffix_tokens_per_target_verify_second": 54.06145792410677,
  "metrics_avg_accepted_suffix_lens_on_hit": 4.018867924528302,
  "metrics_avg_accepted_suffix_lens_on_miss": 2.3181818181818183,
  "metrics_avg_accepted_suffix_lens_with_recovery": 3.52,
  "metrics_avg_cache_hits": 0.7066666666666667,
  "metrics_avg_target_step_time_ms": 106.58235442947205,
  "metrics_avg_target_verify_time_ms": 65.11108163123329,
  "metrics_decode_throughput": 40.81312951485388,
  "metrics_decode_tokens_per_target_verify_second": 54.06145792410677,
  "metrics_decode_total_time": 6.468506657984108,
  "metrics_decode_total_tokens": 264,
  "metrics_prefill_throughput": 313.8484146051631,
  "metrics_prefill_total_time": 1.6313607976771891,
  "metrics_prefill_total_tokens": 512,
  "metrics_spec_steps": 75,
  "metrics_target_verify_total_time": 4.883331122342497,
  "metrics_total_accepted_suffix_lens_with_recovery": 264,
  "mode": "CUDA Graphs + Speculative(k=8) + Async + JIT",
  "model_name": "Qwen3-8B",
  "numseqs": 4,
  "official_end_to_end_throughput": 31.58912170334666,
  "official_total_time": 8.104055643081665,
  "official_total_tokens": 256,
  "output_len": 64,
  "random_mode": false,
  "raw_metrics": {
    "accepted_suffix_lens_on_hit": [
      1.0,
      2.0,
      9.0,
      9.0,
      9.0,
      9.0,
      9.0,
      9.0,
      9.0,
      6.0,
      1.0,
      1.0,
      1.0,
      1.0,
      1.0,
      2.0,
      3.0,
      3.0,
      1.0,
      1.0,
      2.0,
      1.0,
      2.0,
      1.0,
      9.0,
      1.0,
      1.0,
      1.0,
      2.0,
      6.0,
      2.0,
      1.0,
      2.0,
      2.0,
      1.0,
      6.0,
      2.0,
      2.0,
      2.0,
      4.0,
      4.0,
      1.0,
      3.0,
      1.0,
      1.0,
      3.0,
      9.0,
      9.0,
      9.0,
      9.0,
      9.0,
      9.0,
      9.0
    ],
    "accepted_suffix_lens_on_miss": [
      3.0,
      2.0,
      9.0,
      8.0,
      1.0,
      3.0,
      3.0,
      1.0,
      2.0,
      1.0,
      1.0,
      2.0,
      1.0,
      1.0,
      1.0,
      2.0,
      1.0,
      1.0,
      3.0,
      1.0,
      1.0,
      3.0
    ],
    "accepted_suffix_lens_with_recovery": [
      3.0,
      1.0,
      2.0,
      9.0,
      9.0,
      9.0,
      9.0,
      9.0,
      9.0,
      9.0,
      2.0,
      9.0,
      6.0,
      1.0,
      1.0,
      8.0,
      1.0,
      1.0,
      1.0,
      2.0,
      3.0,
      3.0,
      1.0,
      1.0,
      1.0,
      3.0,
      3.0,
      2.0,
      1.0,
      1.0,
      2.0,
      2.0,
      1.0,
      9.0,
      1.0,
      1.0,
      1.0,
      1.0,
      1.0,
      2.0,
      6.0,
      2.0,
      2.0,
      1.0,
      2.0,
      2.0,
      1.0,
      1.0,
      1.0,
      6.0,
      2.0,
      1.0,
      2.0,
      2.0,
      1.0,
      2.0,
      4.0,
      1.0,
      4.0,
      1.0,
      3.0,
      3.0,
      1.0,
      1.0,
      1.0,
      1.0,
      3.0,
      3.0,
      9.0,
      9.0,
      9.0,
      9.0,
      9.0,
      9.0,
      9.0
    ],
    "cache_hits": [
      0.0,
      1.0,
      1.0,
      1.0,
      1.0,
      1.0,
      1.0,
      1.0,
      1.0,
      1.0,
      0.0,
      0.0,
      1.0,
      1.0,
      1.0,
      0.0,
      1.0,
      1.0,
      1.0,
      1.0,
      1.0,
      1.0,
      1.0,
      0.0,
      1.0,
      0.0,
      0.0,
      1.0,
      0.0,
      1.0,
      1.0,
      0.0,
      1.0,
      1.0,
      0.0,
      1.0,
      0.0,
      1.0,
      1.0,
      1.0,
      1.0,
      0.0,
      1.0,
      1.0,
      1.0,
      1.0,
      0.0,
      1.0,
      0.0,
      1.0,
      1.0,
      0.0,
      1.0,
      0.0,
      0.0,
      1.0,
      1.0,
      0.0,
      1.0,
      1.0,
      1.0,
      0.0,
      0.0,
      1.0,
      1.0,
      0.0,
      1.0,
      0.0,
      1.0,
      1.0,
      1.0,
      1.0,
      1.0,
      1.0,
      1.0
    ],
    "decode_total_time": 6.468506657984108,
    "decode_total_tokens": 264.0,
    "prefill_total_time": 1.6313607976771891,
    "prefill_total_tokens": 512.0,
    "target_step_times": [
      1.6313853678293526,
      0.205501904245466,
      0.0689386366866529,
      0.06944561190903187,
      0.06943735294044018,
      0.07046083407476544,
      0.07049450278282166,
      0.07046785298734903,
      0.06970353098586202,
      0.06960371090099216,
      0.0704718641936779,
      0.11862358590587974,
      0.11968334577977657,
      0.07519022095948458,
      0.07182552199810743,
      0.06974836997687817,
      0.11945180827751756,
      0.07196528976783156,
      0.07104854891076684,
      0.07077194005250931,
      0.069456422701478,
      0.0704654729925096,
      0.0704141347669065,
      0.06937473313882947,
      0.11846423707902431,
      0.07044250285252929,
      0.1188431940972805,
      0.11920158984139562,
      0.07653554016724229,
      0.12023865105584264,
      0.07467807596549392,
      0.07194602023810148,
      0.12104975385591388,
      0.07186510134488344,
      0.06990558886900544,
      0.11863347515463829,
      0.07112788781523705,
      0.11817270889878273,
      0.06970293074846268,
      0.06938682263717055,
      0.06940144300460815,
      0.07042601425200701,
      0.11780261201784015,
      0.07157546374946833,
      0.06940122321248055,
      0.06943813292309642,
      0.06940803304314613,
      0.11814770009368658,
      0.07057543192058802,
      0.11883492395281792,
      0.072478705085814,
      0.07027493510395288,
      0.12101586489006877,
      0.06899523595348,
      0.12028902070596814,
      0.12184009701013565,
      0.07634300086647272,
      0.0694691021926701,
      0.12003893312066793,
      0.0699262791313231,
      0.069731829687953,
      0.07000355701893568,
      0.11883168388158083,
      0.11941785784438252,
      0.07482856512069702,
      0.07060006260871887,
      0.11877725366503,
      0.07270939275622368,
      0.119513806886971,
      0.07207218976691365,
      0.07038652384653687,
      0.0718682212755084,
      0.06899710698053241,
      0.07138337520882487,
      0.07078800071030855,
      0.07054271176457405
    ],