{
  "async_speculative": true,
  "batch_size": 1,
  "calibration_schema_version": 1,
  "dataset": "gsm",
  "draft_model": "0.6",
  "draft_temperature": null,
  "f": 1,
  "fan_out_list_hit": null,
  "fan_out_list_miss": null,
  "gpus": 2,
  "input_len": 128,
  "k": 4,
  "metric_stats": {
    "accepted_suffix_lens_on_hit": {
      "count": 53,
      "max": 5.0,
      "mean": 3.4150943396226414,
      "min": 1.0,
      "p50": 5.0,
      "p90": 5.0,
      "p95": 5.0,
      "p99": 5.0,
      "sum": 181.0
    },
    "accepted_suffix_lens_on_miss": {
      "count": 38,
      "max": 5.0,
      "mean": 2.1842105263157894,
      "min": 1.0,
      "p50": 1.5,
      "p90": 5.0,
      "p95": 5.0,
      "p99": 5.0,
      "sum": 83.0
    },
    "accepted_suffix_lens_with_recovery": {
      "count": 91,
      "max": 5.0,
      "mean": 2.901098901098901,
      "min": 1.0,
      "p50": 2.0,
      "p90": 5.0,
      "p95": 5.0,
      "p99": 5.0,
      "sum": 264.0
    },
    "cache_hits": {
      "count": 91,
      "max": 1.0,
      "mean": 0.5824175824175825,
      "min": 0.0,
      "p50": 1.0,
      "p90": 1.0,
      "p95": 1.0,
      "p99": 1.0,
      "sum": 53.0
    },
    "target_step_times_ms": {
      "count": 92,
      "max": 999.4731680490077,
      "mean": 91.41503930415796,
      "min": 67.53336312249303,
      "p50": 70.66959026269615,
      "p90": 93.75071842223406,
      "p95": 95.30772857833654,
      "p99": 342.12614476215344,
      "sum": 8410.183615982533
    },
    "target_verify_times_ms": {
      "count": 91,
      "max": 82.5814907439053,
      "mean": 64.6219102276878,
      "min": 64.06497396528721,
      "p50": 64.2129029147327,
      "p90": 64.92668623104692,
      "p95": 65.14485413208604,
      "p99": 68.56055911630384,
      "sum": 5880.59383071959
    }
  },
  "metrics_accepted_suffix_tokens_per_target_verify_second": 44.893425323968536,
  "metrics_avg_accepted_suffix_lens_on_hit": 3.4150943396226414,
  "metrics_avg_accepted_suffix_lens_on_miss": 2.1842105263157894,
  "metrics_avg_accepted_suffix_lens_with_recovery": 2.901098901098901,
  "metrics_avg_cache_hits": 0.5824175824175825,
  "metrics_avg_target_step_time_ms": 91.41503930415796,
  "metrics_avg_target_verify_time_ms": 64.6219102276878,
  "metrics_decode_throughput": 35.62617220663044,
  "metrics_decode_tokens_per_target_verify_second": 44.893425323968536,
  "metrics_decode_total_time": 7.41028248751536,
  "metrics_decode_total_tokens": 264,
  "metrics_prefill_throughput": 512.2778549449384,
  "metrics_prefill_total_time": 0.9994576089084148,
  "metrics_prefill_total_tokens": 512,
  "metrics_spec_steps": 91,
  "metrics_target_verify_total_time": 5.88059383071959,
  "metrics_total_accepted_suffix_lens_with_recovery": 264,
  "mode": "CUDA Graphs + Speculative(k=4) + Async + JIT",
  "model_name": "Qwen3-8B",
  "numseqs": 4,
  "official_end_to_end_throughput": 30.424531173884965,
  "official_total_time": 8.414262771606445,
  "official_total_tokens": 256,
  "output_len": 64,
  "random_mode": false,
  "raw_metrics": {
    "accepted_suffix_lens_on_hit": [
      1.0,
      2.0,
      5.0,
      5.0,
      5.0,
      5.0,
      5.0,
      5.0,
      5.0,
      5.0,
      5.0,
      5.0,
      5.0,
      5.0,
      5.0,
      5.0,
      3.0,
      1.0,
      2.0,
      3.0,
      1.0,
      2.0,
      1.0,
      2.0,
      1.0,
      5.0,
      1.0,
      1.0,
      2.0,
      1.0,
      2.0,
      2.0,
      2.0,
      5.0,
      1.0,
      2.0,
      2.0,
      1.0,
      1.0,
      1.0,
      3.0,
      5.0,
      5.0,
      5.0,
      5.0,
      5.0,
      5.0,
      5.0,
      5.0,
      5.0,
      5.0,
      5.0,
      5.0
    ],
    "accepted_suffix_lens_on_miss": [
      3.0,
      2.0,
      5.0,
      1.0,
      1.0,
      5.0,
      1.0,
      1.0,
      3.0,
      1.0,
      1.0,
      3.0,
      3.0,
      1.0,
      2.0,
      5.0,
      1.0,
      1.0,
      1.0,
      5.0,
      2.0,
      1.0,
      1.0,
      1.0,
      1.0,
      1.0,
      2.0,
      1.0,
      2.0,
      4.0,
      1.0,
      4.0,
      3.0,
      3.0,
      1.0,
      1.0,
      3.0,
      5.0
    ],
    "accepted_suffix_lens_with_recovery": [
      3.0,
      1.0,
      2.0,
      5.0,
      5.0,
      5.0,
      5.0,
      5.0,
      5.0,
      5.0,
      5.0,
      5.0,
      5.0,
      5.0,
      5.0,
      2.0,
      5.0,
      5.0,
      5.0,
      1.0,
      1.0,
      5.0,
      3.0,
      1.0,
      1.0,
      1.0,
      2.0,
      3.0,
      3.0,
      1.0,
      1.0,
      1.0,
      3.0,
      3.0,
      2.0,
      1.0,
      1.0,
      2.0,
      2.0,
      1.0,
      5.0,
      5.0,
      1.0,
      1.0,
      1.0,
      1.0,
      1.0,
      2.0,
      5.0,
      1.0,
      2.0,
      2.0,
      1.0,
      2.0,
      2.0,
      1.0,
      1.0,
      1.0,
      5.0,
      1.0,
      2.0,
      1.0,
      2.0,
      2.0,
      1.0,
      2.0,
      4.0,
      1.0,
      4.0,
      1.0,
      3.0,
      3.0,
      1.0,
      1.0,
      1.0,
      1.0,
      3.0,
      3.0,
      5.0,
      5.0,
      5.0,
      5.0,
      5.0,
      5.0,
      5.0,
      5.0,
      5.0,
      5.0,
      5.0,
      5.0,
      5.0
    ],
    "cache_hits": [
      0.0,
      1.0,
      1.0,
      1.0,
      1.0,
      1.0,
      1.0,
      1.0,
      1.0,
      1.0,
      1.0,
      1.0,
      1.0,
      1.0,
      1.0,
      0.0,
      0.0,
      1.0,
      1.0,
      0.0,
      0.0,
      0.0,
      1.0,
      0.0,
      0.0,
      1.0,
      1.0,
      0.0,
      1.0,
      0.0,
      0.0,
      1.0,
      0.0,
      0.0,
      1.0,
      0.0,
      1.0,
      1.0,
      0.0,
      1.0,
      0.0,
      1.0,
      0.0,
      1.0,
      0.0,
      1.0,
      0.0,
      1.0,
      0.0,
      1.0,
      0.0,
      1.0,
      0.0,
      1.0,
      1.0,
      0.0,
      0.0,
      0.0,
      1.0,
      1.0,
      1.0,
      0.0,
      1.0,
      0.0,
      0.0,
      0.0,
      0.0,
      0.0,
      0.0,
      1.0,
      0.0,
      0.0,
      0.0,
      1.0,
      1.0,
      0.0,
      1.0,
      0.0,
      0.0,
      1.0,
      1.0,
      1.0,
      1.0,
      1.0,
      1.0,
      1.0,
      1.0,
      1.0,
      1.0,
      1.0,
      1.0
    ],
    "decode_total_time": 7.41028248751536,
    "decode_total_tokens": 264.0,
    "prefill_total_time": 0.9994576089084148,
    "prefill_total_tokens": 512.0,