{
  "async_speculative": true,
  "batch_size": 1,
  "calibration_schema_version": 1,
  "dataset": "gsm",
  "draft_model": "0.6",
  "draft_temperature": null,
  "f": 2,
  "fan_out_list_hit": null,
  "fan_out_list_miss": null,
  "gpus": 2,
  "input_len": 128,
  "k": 8,
  "metric_stats": {
    "accepted_suffix_lens_on_hit": {
      "count": 45,
      "max": 9.0,
      "mean": 4.355555555555555,
      "min": 1.0,
      "p50": 2.0,
      "p90": 9.0,
      "p95": 9.0,
      "p99": 9.0,
      "sum": 196.0
    },
    "accepted_suffix_lens_on_miss": {
      "count": 30,
      "max": 9.0,
      "mean": 2.2666666666666666,
      "min": 1.0,
      "p50": 1.5,
      "p90": 4.0,
      "p95": 6.199999999999989,
      "p99": 8.71,
      "sum": 68.0
    },
    "accepted_suffix_lens_with_recovery": {
      "count": 75,
      "max": 9.0,
      "mean": 3.52,
      "min": 1.0,
      "p50": 2.0,
      "p90": 9.0,
      "p95": 9.0,
      "p99": 9.0,
      "sum": 264.0
    },
    "cache_hits": {
      "count": 75,
      "max": 1.0,
      "mean": 0.6,
      "min": 0.0,
      "p50": 1.0,
      "p90": 1.0,
      "p95": 1.0,
      "p99": 1.0,
      "sum": 45.0
    },
    "target_step_times_ms": {
      "count": 76,
      "max": 1841.0197608172894,
      "mean": 112.0001608505845,
      "min": 67.1895807608962,
      "p50": 69.31691290810704,
      "p90": 117.03390209004283,
      "p95": 117.45105090085417,
      "p99": 612.0561072602868,
      "sum": 8512.012224644423
    },
    "target_verify_times_ms": {
      "count": 75,
      "max": 80.92904835939407,
      "mean": 64.857036365817,
      "min": 64.21761680394411,
      "p50": 64.59581386297941,
      "p90": 65.08508790284395,
      "p95": 65.24298558942974,
      "p99": 69.58993702195593,
      "sum": 4864.277727436274
    }
  },
  "metrics_accepted_suffix_tokens_per_target_verify_second": 54.27321686649287,
  "metrics_avg_accepted_suffix_lens_on_hit": 4.355555555555555,
  "metrics_avg_accepted_suffix_lens_on_miss": 2.2666666666666666,
  "metrics_avg_accepted_suffix_lens_with_recovery": 3.52,
  "metrics_avg_cache_hits": 0.6,
  "metrics_avg_target_step_time_ms": 112.0001608505845,
  "metrics_avg_target_verify_time_ms": 64.857036365817,
  "metrics_decode_throughput": 39.57637118765576,
  "metrics_decode_tokens_per_target_verify_second": 54.27321686649287,
  "metrics_decode_total_time": 6.670646956190467,
  "metrics_decode_total_tokens": 264,
  "metrics_prefill_throughput": 278.10918652534076,
  "metrics_prefill_total_time": 1.8410035511478782,
  "metrics_prefill_total_tokens": 512,
  "metrics_spec_steps": 75,
  "metrics_target_verify_total_time": 4.864277727436274,
  "metrics_total_accepted_suffix_lens_with_recovery": 264,
  "mode": "CUDA Graphs + Speculative(k=8) + Async + JIT",
  "model_name": "Qwen3-8B",
  "numseqs": 4,
  "official_end_to_end_throughput": 30.063791834172378,
  "official_total_time": 8.515226602554321,
  "official_total_tokens": 256,
  "output_len": 64,
  "random_mode": false,
  "raw_metrics": {
    "accepted_suffix_lens_on_hit": [
      1.0,
      2.0,
      9.0,
      9.0,
      9.0,
      9.0,
      9.0,
      9.0,
      9.0,
      6.0,
      1.0,
      1.0,
      1.0,
      2.0,
      3.0,
      1.0,
      2.0,
      1.0,
      2.0,
      1.0,
      9.0,
      1.0,
      1.0,
      1.0,
      2.0,
      6.0,
      2.0,
      2.0,
      2.0,
      1.0,
      6.0,
      2.0,
      2.0,
      1.0,
      3.0,
      1.0,
      1.0,
      3.0,
      9.0,
      9.0,
      9.0,
      9.0,
      9.0,
      9.0,
      9.0
    ],
    "accepted_suffix_lens_on_miss": [
      3.0,
      2.0,
      9.0,
      1.0,
      8.0,
      1.0,
      3.0,
      1.0,
      1.0,
      3.0,
      3.0,
      1.0,
      2.0,
      1.0,
      1.0,
      2.0,
      1.0,
      1.0,
      1.0,
      1.0,
      2.0,
      1.0,
      2.0,
      4.0,
      1.0,
      4.0,
      3.0,
      1.0,
      1.0,
      3.0
    ],
    "accepted_suffix_lens_with_recovery": [
      3.0,
      1.0,
      2.0,
      9.0,
      9.0,
      9.0,
      9.0,
      9.0,
      9.0,
      9.0,
      2.0,
      9.0,
      6.0,
      1.0,
      1.0,
      8.0,
      1.0,
      1.0,
      1.0,
      2.0,
      3.0,
      3.0,
      1.0,
      1.0,
      1.0,
      3.0,
      3.0,
      2.0,
      1.0,
      1.0,
      2.0,
      2.0,
      1.0,
      9.0,
      1.0,
      1.0,
      1.0,
      1.0,
      1.0,
      2.0,
      6.0,
      2.0,
      2.0,
      1.0,
      2.0,
      2.0,
      1.0,
      1.0,
      1.0,
      6.0,
      2.0,
      1.0,
      2.0,
      2.0,
      1.0,
      2.0,
      4.0,
      1.0,
      4.0,
      1.0,
      3.0,
      3.0,
      1.0,
      1.0,
      1.0,
      1.0,
      3.0,
      3.0,
      9.0,
      9.0,
      9.0,
      9.0,
      9.0,
      9.0,
      9.0
    ],
    "cache_hits": [
      0.0,
      1.0,
      1.0,
      1.0,
      1.0,
      1.0,
      1.0,
      1.0,
      1.0,
      1.0,
      0.0,
      0.0,
      1.0,
      1.0,
      0.0,
      0.0,
      1.0,
      0.0,
      1.0,
      1.0,
      0.0,
      1.0,
      0.0,
      0.0,
      1.0,
      0.0,
      0.0,
      1.0,
      0.0,
      1.0,
      1.0,
      0.0,
      1.0,
      1.0,
      0.0,
      1.0,
      0.0,
      1.0,
      1.0,
      1.0,
      1.0,
      0.0,
      1.0,
      0.0,
      1.0,
      1.0,
      0.0,
      1.0,
      0.0,
      1.0,
      1.0,
      0.0,
      1.0,
      0.0,
      0.0,
      0.0,
      0.0,
      0.0,
      0.0,
      1.0,
      1.0,
      0.0,
      0.0,
      1.0,
      1.0,
      0.0,
      1.0,
      0.0,
      1.0,
      1.0,
      1.0,
      1.0,
      1.0,
      1.0,
      1.0
    ],
    "decode_total_time": 6.670646956190467,
    "decode_total_tokens": 264.0,
    "prefill_total_time": 1.8410035511478782,
    "prefill_total_tokens": 512.0,
    "target_step_times": [
      1.8410197608172894,
      0.2024015560746193,
      0.08526004012674093,
      0.06837035017088056,
      0.06839896133169532,
      0.06843489035964012,
      0.0683383010327816,
      0.0685016792267561,
      0.0683670211583376,
      0.06899370485916734,
      0.06762391654774547,
      0.11603592615574598,
      0.1175390318967402,
      0.0692583229392767,
      0.0692129828967154,
      0.1156545290723443,
      0.11493086628615856,
      0.06832100078463554,
      0.1154985697939992,
      0.06782059604302049,
      0.06815338181331754,
      0.1157455388456583,
      0.06731780990958214,
      0.11565778870135546,
      0.11702932696789503,
      0.06864947779104114,
      0.11584885697811842,
      0.11647020187228918,
      0.06955908006057143,
      0.11703847721219063,
      0.07140984293073416,
      0.06937526213005185,
      0.11533394176512957,
      0.0682806707918644,
      0.0687071280553937,
      0.11565434001386166,
      0.0671895807608962,
      0.1152318730019033,
      0.0682685412466526,
      0.06828361097723246,
      0.06825381238013506,
      0.06843025982379913,
      0.11557898996397853,
      0.06832444109022617,
      0.11637458298355341,
      0.06878466671332717,
      0.0679505942389369,
      0.11685773823410273,
      0.06929413275793195,
      0.11894683027639985,
      0.06933969305828214,
      0.06864489894360304,
      0.11582502676174045,
      0.06864534830674529,
      0.11488208593800664,
      0.11488259630277753,
      0.11589757725596428,
      0.11704793712124228,
      0.11612606514245272,
      0.1171870562247932,
      0.06900385487824678,
      0.06976559897884727,
      0.11581138661131263,
      0.1174217239022255,
      0.06941093085333705,
      0.06929224217310548,
      0.11679492937400937,
      0.06848079012706876,
      0.11445963988080621,
      0.06724226986989379,
      0.06832555122673512,
      0.0682965419255197,
      0.06725638033822179,
      0.06835879059508443,
      0.06838802015408874,
      0.0672425008378923
    ],