alpha1,alpha2,r1,r2,a1,a2,b1,b2,capacity,t_v_base,t_v_slope,continuous_budget,k1_gs,k2_gs,k1_ssd,k2_ssd,gs_utility_gs_model,gs_utility_ssd_model,ssd_utility,utility_gap_abs,utility_gap_pct,gs_mu1_ssd_model,gs_mu2_ssd_model,ssd_mu1,ssd_mu2,gs_budget1_ssd_model,gs_budget2_ssd_model,ssd_budget1,ssd_budget2,gs_order,ssd_order,reversal,valid,invalid_reason
0.5,0.5,0.8,0.8,0.1,0.1,0.01,0.01,10,10.0,1.0,False,5,5,5,5,1.3547976471836123,1.2703370620385404,1.2703370620385404,0.0,0.0,1.8873401900233948,1.8873401900233948,1.8873401900233948,1.8873401900233948,390.0,390.0,390.0,390.0,0,0,False,True,
0.5,0.5,0.8,0.8,0.1,0.1,0.01,0.02,10,10.0,1.0,False,5,5,5,5,1.3547976471836123,1.2394079549595702,1.2394079549595702,0.0,0.0,1.8873401900233948,1.8298599318298372,1.8873401900233948,1.8298599318298372,390.0,195.0,390.0,195.0,0,0,False,True,
0.5,0.5,0.8,0.8,0.1,0.1,0.01,0.05,10,10.0,1.0,False,5,5,6,4,1.3547976471836123,1.162100744587215,1.1786255776805186,0.01652483309330366,0.008296644513878366,1.8873401900233948,1.6937283335565871,1.8846529925201025,1.7244046536184965,390.0,78.0,323.0,98.0,0,1,False,True,
0.5,0.5,0.8,0.8,0.1,0.1,0.01,0.1,10,10.0,1.0,False,5,5,7,3,1.3547976471836123,1.0545221983033204,1.1150272107969545,0.06050501249363416,0.030714763013750087,1.8873401900233948,1.5209781799010023,1.8751867163155262,1.6263186673401444,390.0,39.0,275.0,65.0,0,1,False,True,
0.5,0.5,0.8,0.8,0.1,0.1,0.02,0.01,10,10.0,1.0,False,5,5,5,5,1.3547976471836123,1.2394079549595702,1.2394079549595702,0.0,0.0,1.8298599318298372,1.8873401900233948,1.8298599318298372,1.8873401900233948,195.0,390.0,195.0,390.0,0,0,False,True,
0.5,0.5,0.8,0.8,0.1,0.1,0.02,0.02,10,10.0,1.0,False,5,5,5,5,1.3547976471836123,1.2084788478806001,1.2084788478806001,0.0,0.0,1.8298599318298372,1.8298599318298372,1.8298599318298372,1.8298599318298372,195.0,195.0,195.0,195.0,0,0,False,True,
0.5,0.5,0.8,0.8,0.1,0.1,0.02,0.05,10,10.0,1.0,False,5,5,5,4,1.3547976471836123,1.1311716375082448,1.1411205469680148,0.009948909459770006,0.004986847870999863,1.8298599318298372,1.6937283335565871,1.8241796846478162,1.7159899576232136,195.0,78.0,185.0,93.0,0,1,False,True,
0.5,0.5,0.8,0.8,0.1,0.1,0.02,0.1,10,10.0,1.0,False,5,5,6,3,1.3547976471836123,1.0235930912243503,1.0731435872642814,0.04955049603993111,0.0250847048150951,1.8298599318298372,1.5209781799010023,1.8079228929103834,1.6176346245262945,195.0,39.0,153.0,62.0,0,1,False,True,
0.5,0.5,0.8,0.8,0.1,0.1,0.05,0.01,10,10.0,1.0,False,5,5,4,6,1.3547976471836123,1.162100744587215,1.1786255776805186,0.01652483309330366,0.008296644513878366,1.6937283335565871,1.8873401900233948,1.7244046536184965,1.8846529925201025,78.0,390.0,98.0,323.0,0,-1,False,True,
0.5,0.5,0.8,0.8,0.1,0.1,0.05,0.02,10,10.0,1.0,False,5,5,4,5,1.3547976471836123,1.1311716375082448,1.1411205469680148,0.009948909459770006,0.004986847870999863,1.6937283335565871,1.8298599318298372,1.7159899576232136,1.8241796846478162,78.0,195.0,93.0,185.0,0,-1,False,True,
0.5,0.5,0.8,0.8,0.1,0.1,0.05,0.05,10,10.0,1.0,False,5,5,4,4,1.3547976471836123,1.0538644271358895,1.0692180305966605,0.015353603460771081,0.007706343920916139,1.6937283335565871,1.6937283335565871,1.7067807866035742,1.7067807866035742,78.0,78.0,88.0,88.0,0,0,False,True,
0.5,0.5,0.8,0.8,0.1,0.1,0.05,0.1,10,10.0,1.0,False,5,5,4,3,1.3547976471836123,0.9462858808519949,0.9951483708351705,0.04886248998317555,0.024732133218620302,1.6937283335565871,1.5209781799010023,1.6966531970218361,1.5943892823880983,78.0,39.0,83.0,55.0,0,1,False,True,
0.5,0.5,0.8,0.8,0.1,0.1,0.1,0.01,10,10.0,1.0,False,5,5,3,7,1.3547976471836123,1.0545221983033204,1.1150272107969545,0.06050501249363416,0.030714763013750087,1.5209781799010023,1.8873401900233948,1.6263186673401444,1.8751867163155262,39.0,390.0,65.0,275.0,0,-1,False,True,
0.5,0.5,0.8,0.8,0.1,0.1,0.1,0.02,10,10.0,1.0,False,5,5,3,6,1.3547976471836123,1.0235930912243503,1.0731435872642814,0.04955049603993111,0.0250847048150951,1.5209781799010023,1.8298599318298372,1.6176346245262945,1.8079228929103834,39.0,195.0,62.0,153.0,0,-1,False,True,
0.5,0.5,0.8,0.8,0.1,0.1,0.1,0.05,10,10.0,1.0,False,5,5,3,4,1.3547976471836123,0.9462858808519949,0.9951483708351705,0.04886248998317555,0.024732133218620302,1.5209781799010023,1.6937283335565871,1.5943892823880983,1.6966531970218361,39.0,78.0,55.0,83.0,0,-1,False,True,
0.5,0.5,0.8,0.8,0.1,0.1,0.1,0.1,10,10.0,1.0,False,5,5,3,3,1.3547976471836123,0.8387073345681004,0.9184907632988222,0.07978342873072175,0.0406980754391037,1.5209781799010023,1.5209781799010023,1.5828790646078439,1.5828790646078439,39.0,39.0,52.0,52.0,0,0,False,True,
0.5,0.55,0.8,0.8,0.1,0.1,0.01,0.01,10,10.0,1.0,False,5,5,5,5,1.4478355503519602,1.3594601855098412,1.3594601855098412,0.0,0.0,1.8873401900233948,2.0632690748342464,1.8873401900233948,2.0632690748342464,390.0,390.0,390.0,390.0,0,0,False,True,
0.5,0.55,0.8,0.8,0.1,0.1,0.01,0.02,10,10.0,1.0,False,5,5,5,5,1.4478355503519602,1.3256450512839981,1.3256450512839981,0.0,0.0,1.8873401900233948,1.9946658054907853,1.8873401900233948,1.9946658054907853,390.0,195.0,390.0,195.0,0,0,False,True,
0.5,0.55,0.8,0.8,0.1,0.1,0.01,0.05,10,10.0,1.0,False,5,5,6,4,1.4478355503519602,1.2410318508814207,1.2552030428541032,0.014171191972682573,0.007110758216272723,1.8873401900233948,1.832833847922273,1.8846529925201025,1.8616428075064262,390.0,78.0,323.0,98.0,0,1,False,True,
0.5,0.55,0.8,0.8,0.1,0.1,0.01,0.1,10,10.0,1.0,False,5,5,7,3,1.4478355503519602,1.1229882009787997,1.1808572942218807,0.05786909324308098,0.02935721736260699,1.8873401900233948,1.628761108931513,1.8751867163155262,1.7369818839896627,390.0,39.0,275.0,65.0,0,1,False,True,
0.5,0.55,0.8,0.8,0.1,0.1,0.02,0.01,10,10.0,1.0,False,5,5,4,6,1.4478355503519602,1.328531078430871,1.3309558826854322,0.0024248042545611526,0.0012131373838518802,1.8298599318298372,2.0632690748342464,1.831017854797355,2.0669702043058558,195.0,390.0,245.0,323.0,0,-1,False,True,
0.5,0.55,0.8,0.8,0.1,0.1,0.02,0.02,10,10.0,1.0,False,5,5,5,5,1.4478355503519602,1.294715944205028,1.294715944205028,0.0,0.0,1.8298599318298372,1.9946658054907853,1.8298599318298372,1.9946658054907853,195.0,195.0,195.0,195.0,0,0,False,True,
0.5,0.55,0.8,0.8,0.1,0.1,0.02,0.05,10,10.0,1.0,False,5,5,5,4,1.4478355503519602,1.2101027438024505,1.2173181969336948,0.007215453131244276,0.0036142422443477392,1.8298599318298372,1.832833847922273,1.8241796846478162,1.8518549247980773,195.0,78.0,185.0,93.0,0,1,False,True,
0.5,0.55,0.8,0.8,0.1,0.1,0.02,0.1,10,10.0,1.0,False,5,5,6,3,1.4478355503519602,1.0920590938998296,1.1386597083183991,0.04660061441856955,0.023573880012032256,1.8298599318298372,1.628761108931513,1.8079228929103834,1.7271645837228629,195.0,39.0,153.0,62.0,0,1,False,True,
0.5,0.55,0.8,0.8,0.1,0.1,0.05,0.01,10,10.0,1.0,False,5,5,4,6,1.4478355503519602,1.2512238680585157,1.2709657282250943,0.01974186016657864,0.009919808406101727,1.6937283335565871,2.0632690748342464,1.7244046536184965,2.0669702043058558,78.0,390.0,98.0,323.0,0,-1,False,True,
0.5,0.55,0.8,0.8,0.1,0.1,0.05,0.02,10,10.0,1.0,False,5,5,4,6,1.4478355503519602,1.2174087338326727,1.228984631790602,0.011575897957929238,0.005804731518861113,1.6937283335565871,1.9946658054907853,1.7244046536184965,1.981992732627951,78.0,195.0,98.0,161.0,0,-1,False,True,
0.5,0.55,0.8,0.8,0.1,0.1,0.05,0.05,10,10.0,1.0,False,5,5,4,4,1.4478355503519602,1.1327955334300952,1.1449971604417537,0.0122016270116585,0.006119461371641953,1.6937283335565871,1.832833847922273,1.7067807866035742,1.8411458919454342,78.0,78.0,88.0,88.0,0,0,False,True,
0.5,0.55,0.8,0.8,0.1,0.1,0.05,0.1,10,10.0,1.0,False,5,5,4,3,1.4478355503519602,1.0147518835274743,1.0598119094351095,0.04506002590763525,0.022785730524694958,1.6937283335565871,1.628761108931513,1.6966531970218361,1.7008945294403999,78.0,39.0,83.0,55.0,0,1,False,True,
0.5,0.55,0.8,0.8,0.1,0.1,0.1,0.01,10,10.0,1.0,False,5,5,3,7,1.4478355503519602,1.143645321774621,1.2086978902396694,0.06505256846504848,0.03306104600386991,1.5209781799010023,2.0632690748342464,1.6263186673401444,2.059326352439506,39.0,390.0,65.0,275.0,0,-1,False,True,
0.5,0.55,0.8,0.8,0.1,0.1,0.1,0.02,10,10.0,1.0,False,5,5,3,6,1.4478355503519602,1.1098301875487782,1.161000977637895,0.051170790089116736,0.02591551063064559,1.5209781799010023,1.9946658054907853,1.6176346245262945,1.973948800426509,39.0,195.0,62.0,153.0,0,-1,False,True,
0.5,0.55,0.8,0.8,0.1,0.1,0.1,0.05,10,10.0,1.0,False,5,5,3,4,1.4478355503519602,1.0252169871462007,1.070463751767044,0.045246764620843205,0.022881231828676053,1.5209781799010023,1.832833847922273,1.5943892823880983,1.8293724488354122,39.0,78.0,55.0,83.0,0,-1,False,True,
0.5,0.55,0.8,0.8,0.1,0.1,0.1,0.1,10,10.0,1.0,False,5,5,3,3,1.4478355503519602,0.9071733372435797,0.9827253902004174,0.07555205295683765,0.03849861063787723,1.5209781799010023,1.628761108931513,1.5828790646078439,1.687891317191734,39.0,39.0,52.0,52.0,0,0,False,True,
0.5,0.6,0.8,0.8,0.1,0.1,0.01,0.01,10,10.0,1.0,False,4,6,4,6,1.5492963239382853,1.4541154066838318,1.4541154066838318,0.0,0.0,1.8753624728775729,2.282596126293539,1.8753624728775729,2.282596126293539,490.0,323.0,490.0,323.0,-1,-1,False,True,
0.5,0.6,0.8,0.8,0.1,0.1,0.01,0.02,10,10.0,1.0,False,4,6,5,5,1.5492963239382853,1.4080480004939404,1.4172250686928711,0.009177068198930716,0.0045990775422036145,1.8753624728775729,2.17982814448223,1.8873401900233948,2.1859631616618915,490.0,161.0,390.0,195.0,-1,0,False,True,
0.5,0.6,0.8,0.8,0.1,0.1,0.01,0.05,10,10.0,1.0,False,4,6,6,4,1.5492963239382853,1.2921408764343845,1.3356138132229896,0.04347293678860509,0.021974426418241384,1.8753624728775729,1.9412632419848266,1.8846529925201025,2.0175221461307475,490.0,64.0,323.0,98.0,-1,1,True,True,
0.5,0.6,0.8,0.8,0.1,0.1,0.01,0.1,10,10.0,1.0,False,4,6,7,3,1.5492963239382853,1.1308190663036704,1.2489571529132875,0.11813808660961711,0.06084848269684308,1.8753624728775729,1.6520502737651044,1.8751867163155262,1.8593908171420621,490.0,32.0,275.0,65.0,-1,1,True,True,
0.5,0.6,0.8,0.8,0.1,0.1,0.02,0.01,10,10.0,1.0,False,4,6,4,6,1.5492963239382853,1.4301854641131695,1.4301854641131695,0.0,0.0,1.831017854797355,2.282596126293539,1.831017854797355,2.282596126293539,245.0,323.0,245.0,323.0,-1,-1,False,True,
0.5,0.6,0.8,0.8,0.1,0.1,0.02,0.02,10,10.0,1.0,False,4,6,5,5,1.5492963239382853,1.3841180579232781,1.386295961613901,0.0021779036906228733,0.001089544968646852,1.831017854797355,2.17982814448223,1.8298599318298372,2.1859631616618915,245.0,161.0,195.0,195.0,-1,0,False,True,
0.5,0.6,0.8,0.8,0.1,0.1,0.02,0.05,10,10.0,1.0,False,4,6,6,4,1.5492963239382853,1.2682109338637222,1.2977183317558934,0.02950739789217116,0.014863071986049711,1.831017854797355,1.9412632419848266,1.814569471216466,2.0175221461307475,245.0,64.0,161.0,98.0,-1,1,True,True,
0.5,0.6,0.8,0.8,0.1,0.1,0.02,0.1,10,10.0,1.0,False,4,6,6,3,1.5492963239382853,1.106889123733008,1.2064910741363626,0.09960195040335451,0.0510618881775856,1.831017854797355,1.6520502737651044,1.8079228929103834,1.8483853252195346,245.0,32.0,153.0,62.0,-1,1,True,True,
0.5,0.6,0.8,0.8,0.1,0.1,0.05,0.01,10,10.0,1.0,False,4,6,3,7,1.5492963239382853,1.3701953096528317,1.3707680432643126,0.0005727336114809134,0.00028640781262841543,1.7244046536184965,2.282596126293539,1.7273113674434641,2.2800604745072786,98.0,323.0,131.0,275.0,-1,-1,False,True,
0.5,0.6,0.8,0.8,0.1,0.1,0.05,0.02,10,10.0,1.0,False,4,6,4,6,1.5492963239382853,1.3241279034629403,1.3241279034629403,0.0,0.0,1.7244046536184965,2.17982814448223,1.7244046536184965,2.17982814448223,98.0,161.0,98.0,161.0,-1,-1,False,True,
0.5,0.6,0.8,0.8,0.1,0.1,0.05,0.05,10,10.0,1.0,False,4,6,4,4,1.5492963239382853,1.2082207794033843,1.2246786357878288,0.016457856384444414,0.008262878883857534,1.7244046536184965,1.9412632419848266,1.7067807866035742,1.9938543415263217,98.0,64.0,88.0,88.0,-1,0,False,True,
0.5,0.6,0.8,0.8,0.1,0.1,0.05,0.1,10,10.0,1.0,False,4,6,4,3,1.5492963239382853,1.0468989692726702,1.1269129907600934,0.0800140214874232,0.04081807107555662,1.7244046536184965,1.6520502737651044,1.6966531970218361,1.8189426810266514,98.0,32.0,83.0,55.0,-1,1,True,True,
0.5,0.6,0.8,0.8,0.1,0.1,0.1,0.01,10,10.0,1.0,False,4,6,3,7,1.5492963239382853,1.2864015687938979,1.3105209408188927,0.024119372024994812,0.012132697228108485,1.5857985884176204,2.282596126293539,1.6263186673401444,2.2800604745072786,49.0,323.0,65.0,275.0,-1,-1,False,True,
0.5,0.6,0.8,0.8,0.1,0.1,0.1,0.02,10,10.0,1.0,False,4,6,3,6,1.5492963239382853,1.2403341626040068,1.2557462458834265,0.015412083279419786,0.0077358095938226635,1.5857985884176204,2.17982814448223,1.6176346245262945,2.1701174097258202,49.0,161.0,62.0,153.0,-1,-1,False,True,
0.5,0.6,0.8,0.8,0.1,0.1,0.1,0.05,10,10.0,1.0,False,4,6,3,4,1.5492963239382853,1.1244270385444508,1.1497211378671874,0.02529409932273663,0.012727361807376098,1.5857985884176204,1.9412632419848266,1.5943892823880983,1.980264397748369,49.0,64.0,55.0,83.0,-1,-1,False,True,
0.5,0.6,0.8,0.8,0.1,0.1,0.1,0.1,10,10.0,1.0,False,4,6,3,3,1.5492963239382853,0.9631052284137365,1.0494584340968984,0.08635320568316196,0.04412227352969739,1.5857985884176204,1.6520502737651044,1.5828790646078439,1.8043728004906345,49.0,32.0,52.0,52.0,-1,0,False,True,
0.5,0.65,0.8,0.8,0.1,0.1,0.01,0.01,10,10.0,1.0,False,4,6,4,6,1.6609559632124316,1.5605470599891174,1.5605470599891174,0.0,0.0,1.8753624728775729,2.538936012064679,1.8753624728775729,2.538936012064679,490.0,323.0,490.0,323.0,-1,-1,False,True,
0.5,0.65,0.8,0.8,0.1,0.1,0.01,0.02,10,10.0,1.0,False,4,6,5,5,1.6609559632124316,1.5105776659875445,1.514264308946077,0.0036866429585324934,0.001845021440668862,1.8753624728775729,2.415184559604082,1.8873401900233948,2.4087207029863786,490.0,161.0,390.0,195.0,-1,0,False,True,
0.5,0.65,0.8,0.8,0.1,0.1,0.01,0.05,10,10.0,1.0,False,4,6,6,4,1.6609559632124316,1.384583129656188,1.4199622141116741,0.03537908445548621,0.017846928842596546,1.8753624728775729,2.1292741990859185,1.8846529925201025,2.195080014651407,490.0,64.0,323.0,98.0,-1,1,True,True,
0.5,0.65,0.8,0.8,0.1,0.1,0.01,0.1,10,10.0,1.0,False,4,6,7,3,1.6609559632124316,1.2083331382371916,1.319422420884744,0.11108928264755247,0.057116207085972336,1.8753624728775729,1.7852012940160515,1.8751867163155262,1.995139922323499,490.0,32.0,275.0,65.0,-1,1,True,True,
0.5,0.65,0.8,0.8,0.1,0.1,0.02,0.01,10,10.0,1.0,False,4,6,4,6,1.6609559632124316,1.536617117418455,1.536617117418455,0.0,0.0,1.831017854797355,2.538936012064679,1.831017854797355,2.538936012064679,245.0,323.0,245.0,323.0,-1,-1,False,True,
0.5,0.65,0.8,0.8,0.1,0.1,0.02,0.02,10,10.0,1.0,False,4,6,4,6,1.6609559632124316,1.4866477234168822,1.4866477234168822,0.0,0.0,1.831017854797355,2.415184559604082,1.831017854797355,2.415184559604082,245.0,161.0,245.0,161.0,-1,-1,False,True,
0.5,0.65,0.8,0.8,0.1,0.1,0.02,0.05,10,10.0,1.0,False,4,6,5,5,1.6609559632124316,1.3606531870855256,1.3852842693132312,0.024631082227705603,0.012391689672799144,1.831017854797355,2.1292741990859185,1.8298599318298372,2.18375275787447,245.0,64.0,195.0,78.0,-1,0,False,True,
0.5,0.65,0.8,0.8,0.1,0.1,0.02,0.1,10,10.0,1.0,False,4,6,6,4,1.6609559632124316,1.1844031956665293,1.280421024930402,0.0960178292638727,0.04918000833639042,1.831017854797355,1.7852012940160515,1.814569471216466,1.9829245319363624,245.0,32.0,161.0,49.0,-1,1,True,True,
0.5,0.65,0.8,0.8,0.1,0.1,0.05,0.01,10,10.0,1.0,False,4,6,3,7,1.6609559632124316,1.4766269629581172,1.481481725502677,0.004854762544559854,0.002430329747408878,1.7244046536184965,2.538936012064679,1.7273113674434641,2.546998606186068,98.0,323.0,131.0,275.0,-1,-1,False,True,
0.5,0.65,0.8,0.8,0.1,0.1,0.05,0.02,10,10.0,1.0,False,4,6,4,6,1.6609559632124316,1.4266575689565444,1.4266575689565444,0.0,0.0,1.7244046536184965,2.415184559604082,1.7244046536184965,2.415184559604082,98.0,161.0,98.0,161.0,-1,-1,False,True,
0.5,0.65,0.8,0.8,0.1,0.1,0.05,0.05,10,10.0,1.0,False,4,6,4,5,1.6609559632124316,1.3006630326251878,1.3129841661479316,0.012321133522743777,0.006179582081109884,1.7244046536184965,2.1292741990859185,1.7159899576232136,2.166242321204405,98.0,64.0,93.0,74.0,-1,-1,False,True,
0.5,0.65,0.8,0.8,0.1,0.1,0.05,0.1,10,10.0,1.0,False,4,6,4,4,1.6609559632124316,1.1244130412061915,1.197897077375376,0.07348403616918464,0.037425349333724336,1.7244046536184965,1.7852012940160515,1.7067807866035742,1.9411645220369966,98.0,32.0,88.0,44.0,-1,0,False,True,
0.5,0.65,0.8,0.8,0.1,0.1,0.1,0.01,10,10.0,1.0,False,4,6,3,7,1.6609559632124316,1.3928332220991835,1.4212346230572572,0.028401400958073753,0.01430200941064723,1.5857985884176204,2.538936012064679,1.6263186673401444,2.546998606186068,49.0,323.0,65.0,275.0,-1,-1,False,True,
0.5,0.65,0.8,0.8,0.1,0.1,0.1,0.02,10,10.0,1.0,False,4,6,3,7,1.6609559632124316,1.3428638280976108,1.3604654394437707,0.017601611346159896,0.008839646623598001,1.5857985884176204,2.415184559604082,1.6263186673401444,2.396828643861572,49.0,161.0,65.0,137.0,-1,-1,False,True,
0.5,0.65,0.8,0.8,0.1,0.1,0.1,0.05,10,10.0,1.0,False,4,6,3,5,1.6609559632124316,1.2168692917662542,1.2372012355438846,0.020331943777630368,0.010217820930725041,1.5857985884176204,2.1292741990859185,1.6049156826521427,2.1471255937659026,49.0,64.0,58.0,70.0,-1,-1,False,True,
0.5,0.65,0.8,0.8,0.1,0.1,0.1,0.1,10,10.0,1.0,False,4,6,3,3,1.6609559632124316,1.0406193003472577,1.1188564449601428,0.07823714461288511,0.03989377894413436,1.5857985884176204,1.7852012940160515,1.5828790646078439,1.9340399689978065,49.0,32.0,52.0,52.0,-1,0,False,True,
0.5,0.7,0.8,0.8,0.1,0.1,0.01,0.01,10,10.0,1.0,False,4,6,4,6,1.7794273760002493,1.6744249899871368,1.6744249899871368,0.0,0.0,1.8753624728775729,2.845170599286769,1.8753624728775729,2.845170599286769,490.0,323.0,490.0,323.0,-1,-1,False,True,
0.5,0.7,0.8,0.8,0.1,0.1,0.01,0.02,10,10.0,1.0,False,4,6,4,6,1.7794273760002493,1.6210036013756728,1.6210036013756728,0.0,0.0,1.8753624728775729,2.6971661338744872,1.8753624728775729,2.6971661338744872,490.0,161.0,490.0,161.0,-1,-1,False,True,
0.5,0.7,0.8,0.8,0.1,0.1,0.01,0.05,10,10.0,1.0,False,4,6,5,5,1.7794273760002493,1.4859819060053736,1.5135180354440236,0.027536129438650025,0.013863281001871007,1.8753624728775729,2.3565058418107934,1.8873401900233948,2.406923809122425,490.0,64.0,390.0,78.0,-1,0,False,True,
0.5,0.7,0.8,0.8,0.1,0.1,0.01,0.1,10,10.0,1.0,False,4,6,6,4,1.7794273760002493,1.2960690025139776,1.4028434314998033,0.10677442898582568,0.0548380146178948,1.8753624728775729,1.948903765398115,1.8846529925201025,2.1578227266301155,490.0,32.0,323.0,49.0,-1,1,True,True,
0.5,0.7,0.8,0.8,0.1,0.1,0.02,0.01,10,10.0,1.0,False,4,6,4,6,1.7794273760002493,1.6504950474164746,1.6504950474164746,0.0,0.0,1.831017854797355,2.845170599286769,1.831017854797355,2.845170599286769,245.0,323.0,245.0,323.0,-1,-1,False,True,
0.5,0.7,0.8,0.8,0.1,0.1,0.02,0.02,10,10.0,1.0,False,4,6,4,6,1.7794273760002493,1.5970736588050105,1.5970736588050105,0.0,0.0,1.831017854797355,2.6971661338744872,1.831017854797355,2.6971661338744872,245.0,161.0,245.0,161.0,-1,-1,False,True,
0.5,0.7,0.8,0.8,0.1,0.1,0.02,0.05,10,10.0,1.0,False,4,6,5,5,1.7794273760002493,1.4620519634347113,1.4825889283650535,0.020536964930342183,0.010321384249870735,1.831017854797355,2.3565058418107934,1.8298599318298372,2.406923809122425,245.0,64.0,195.0,78.0,-1,0,False,True,
0.5,0.7,0.8,0.8,0.1,0.1,0.02,0.1,10,10.0,1.0,False,4,6,6,4,1.7794273760002493,1.2721390599433153,1.364947950032707,0.09280889008939175,0.047497980663437196,1.831017854797355,1.948903765398115,1.814569471216466,2.1578227266301155,245.0,32.0,161.0,49.0,-1,1,True,True,
0.5,0.7,0.8,0.8,0.1,0.1,0.05,0.01,10,10.0,1.0,False,4,6,3,7,1.7794273760002493,1.5905048929561367,1.6017781590413853,0.01127326608524859,0.0056525487482653935,1.7244046536184965,2.845170599286769,1.7273113674434641,2.8725843135865583,98.0,323.0,131.0,275.0,-1,-1,False,True,
0.5,0.7,0.8,0.8,0.1,0.1,0.05,0.02,10,10.0,1.0,False,4,6,4,6,1.7794273760002493,1.5370835043446727,1.5370835043446727,0.0,0.0,1.7244046536184965,2.6971661338744872,1.7244046536184965,2.6971661338744872,98.0,161.0,98.0,161.0,-1,-1,False,True,
0.5,0.7,0.8,0.8,0.1,0.1,0.05,0.05,10,10.0,1.0,False,4,6,4,5,1.7794273760002493,1.4020618089743735,1.4098406347389147,0.007778825764541253,0.0038969864643008697,1.7244046536184965,2.3565058418107934,1.7159899576232136,2.3865540033529427,98.0,64.0,93.0,74.0,-1,-1,False,True,
0.5,0.7,0.8,0.8,0.1,0.1,0.05,0.1,10,10.0,1.0,False,4,6,4,4,1.7794273760002493,1.2121489054829775,1.28156221394243,0.0694133084594526,0.03531595869251756,1.7244046536184965,1.948903765398115,1.7067807866035742,2.110559754173862,98.0,32.0,88.0,44.0,-1,0,False,True,
0.5,0.7,0.8,0.8,0.1,0.1,0.1,0.01,10,10.0,1.0,False,4,6,3,7,1.7794273760002493,1.506711152097203,1.5415310565959652,0.034819904498762266,0.01756238882090845,1.5857985884176204,2.845170599286769,1.6263186673401444,2.8725843135865583,49.0,323.0,65.0,275.0,-1,-1,False,True,
0.5,0.7,0.8,0.8,0.1,0.1,0.1,0.02,10,10.0,1.0,False,4,6,3,7,1.7794273760002493,1.453289763485739,1.4756043078351988,0.022314544349459897,0.011219746668037406,1.5857985884176204,2.6971661338744872,1.6263186673401444,2.689311824437254,49.0,161.0,65.0,137.0,-1,-1,False,True,
0.5,0.7,0.8,0.8,0.1,0.1,0.1,0.05,10,10.0,1.0,False,4,6,3,5,1.7794273760002493,1.3182680681154397,1.3335619392094367,0.015293871093996936,0.007676248027875247,1.5857985884176204,2.3565058418107934,1.6049156826521427,2.36432062419796,49.0,64.0,58.0,70.0,-1,-1,False,True,
0.5,0.7,0.8,0.8,0.1,0.1,0.1,0.1,10,10.0,1.0,False,4,6,3,4,1.7794273760002493,1.1283551646240437,1.1978681771870714,0.06951301256302767,0.03536757260382577,1.5857985884176204,1.948903765398115,1.5943892823880983,2.077940812443172,49.0,32.0,55.0,41.0,-1,-1,False,True,
0.5,0.75,0.8,0.8,0.1,0.1,0.01,0.01,10,10.0,1.0,False,3,7,4,6,1.9094170358590155,1.791523785508729,1.7959608971986802,0.004437111689951312,0.0022210186609557857,1.8326479946114869,3.2731796187532853,1.8753624728775729,3.2128517474336955,656.0,275.0,490.0,323.0,-1,-1,False,True,
0.5,0.75,0.8,0.8,0.1,0.1,0.01,0.02,10,10.0,1.0,False,3,7,4,6,1.9094170358590155,1.7212939335116335,1.7399123203061946,0.01861838679456107,0.009352658709102271,1.8326479946114869,3.0511910450061093,1.8753624728775729,3.0377294979690377,656.0,137.0,490.0,161.0,-1,-1,False,True,
0.5,0.75,0.8,0.8,0.1,0.1,0.01,0.05,10,10.0,1.0,False,3,7,5,5,1.9094170358590155,1.5459157204039977,1.6182888735937175,0.07237315318971982,0.036849280253348854,1.8326479946114869,2.560375193832018,1.8873401900233948,2.6727832429704486,656.0,55.0,390.0,78.0,-1,0,False,True,
0.5,0.75,0.8,0.8,0.1,0.1,0.01,0.1,10,10.0,1.0,False,3,7,6,4,1.9094170358590155,1.285127913953982,1.4935607112121512,0.2084327972581692,0.10984059691512055,1.8326479946114869,1.972626693118665,1.8846529925201025,2.362728265669129,656.0,27.0,323.0,49.0,-1,1,True,True,
0.5,0.75,0.8,0.8,0.1,0.1,0.02,0.01,10,10.0,1.0,False,3,7,3,7,1.9094170358590155,1.7747106398990855,1.7747106398990855,0.0,0.0,1.8020929995922343,3.2731796187532853,1.8020929995922343,3.2731796187532853,328.0,275.0,328.0,275.0,-1,-1,False,True,
0.5,0.75,0.8,0.8,0.1,0.1,0.02,0.02,10,10.0,1.0,False,3,7,4,6,1.9094170358590155,1.70448078790199,1.7159823777355323,0.011501589833542214,0.005767362481521801,1.8020929995922343,3.0511910450061093,1.831017854797355,3.0377294979690377,328.0,137.0,245.0,161.0,-1,-1,False,True,
0.5,0.75,0.8,0.8,0.1,0.1,0.02,0.05,10,10.0,1.0,False,3,7,5,5,1.9094170358590155,1.5291025747943543,1.5873597665147474,0.05825719172039312,0.029556982728473062,1.8020929995922343,2.560375193832018,1.8298599318298372,2.6727832429704486,328.0,55.0,195.0,78.0,-1,0,False,True,
0.5,0.75,0.8,0.8,0.1,0.1,0.02,0.1,10,10.0,1.0,False,3,7,6,4,1.9094170358590155,1.2683147683443385,1.455665229745055,0.18735046140071643,0.09820302536695462,1.8020929995922343,1.972626693118665,1.814569471216466,2.362728265669129,328.0,27.0,161.0,49.0,-1,1,True,True,
0.5,0.75,0.8,0.8,0.1,0.1,0.05,0.01,10,10.0,1.0,False,3,7,3,7,1.9094170358590155,1.7323279496909683,1.7323279496909683,0.0,0.0,1.7273113674434641,3.2731796187532853,1.7273113674434641,3.2731796187532853,131.0,275.0,131.0,275.0,-1,-1,False,True,
0.5,0.75,0.8,0.8,0.1,0.1,0.05,0.02,10,10.0,1.0,False,3,7,3,7,1.9094170358590155,1.6620980976938728,1.6620980976938728,0.0,0.0,1.7273113674434641,3.0511910450061093,1.7273113674434641,3.0511910450061093,131.0,137.0,131.0,137.0,-1,-1,False,True,
0.5,0.75,0.8,0.8,0.1,0.1,0.05,0.05,10,10.0,1.0,False,3,7,4,5,1.9094170358590155,1.486719884586237,1.514303752870506,0.027583868284268842,0.013887481622022442,1.7273113674434641,2.560375193832018,1.7159899576232136,2.649348084865907,131.0,55.0,93.0,74.0,-1,-1,False,True,
0.5,0.75,0.8,0.8,0.1,0.1,0.05,0.1,10,10.0,1.0,False,3,7,4,4,1.9094170358590155,1.2259320781362213,1.3717890842931362,0.14585700615691488,0.07565362824230416,1.7273113674434641,1.972626693118665,1.7067807866035742,2.30984418296057,131.0,27.0,88.0,44.0,-1,0,False,True,
0.5,0.75,0.8,0.8,0.1,0.1,0.1,0.01,10,10.0,1.0,False,3,7,3,7,1.9094170358590155,1.6720808472455482,1.6720808472455482,0.0,0.0,1.6263186673401444,3.2731796187532853,1.6263186673401444,3.2731796187532853,65.0,275.0,65.0,275.0,-1,-1,False,True,
0.5,0.75,0.8,0.8,0.1,0.1,0.1,0.02,10,10.0,1.0,False,3,7,3,7,1.9094170358590155,1.6018509952484528,1.6018509952484528,0.0,0.0,1.6263186673401444,3.0511910450061093,1.6263186673401444,3.0511910450061093,65.0,137.0,65.0,137.0,-1,-1,False,True,
0.5,0.75,0.8,0.8,0.1,0.1,0.1,0.05,10,10.0,1.0,False,3,7,3,6,1.9094170358590155,1.426472782140817,1.4394486453260285,0.01297586318521149,0.006509023811064856,1.6263186673401444,2.560375193832018,1.6176346245262945,2.6077392843125407,65.0,55.0,62.0,61.0,-1,-1,False,True,
0.5,0.75,0.8,0.8,0.1,0.1,0.1,0.1,10,10.0,1.0,False,3,7,3,4,1.9094170358590155,1.1656849756908012,1.2877423002421717,0.12205732455137053,0.06292937972550301,1.6263186673401444,1.972626693118665,1.5943892823880983,2.2733432205261996,65.0,27.0,55.0,41.0,-1,-1,False,True,
0.5,0.8,0.8,0.8,0.1,0.1,0.01,0.01,10,10.0,1.0,False,3,7,3,7,2.0543975423603786,1.9330606751287847,1.9330606751287847,0.0,0.0,1.8326479946114869,3.770843673764667,1.8326479946114869,3.770843673764667,656.0,275.0,656.0,275.0,-1,-1,False,True,
0.5,0.8,0.8,0.8,0.1,0.1,0.01,0.02,10,10.0,1.0,False,3,7,4,6,2.0543975423603786,1.8601468902689804,1.8680865595911516,0.007939669322171161,0.003977724892219781,1.8326479946114869,3.505681638834538,1.8753624728775729,3.4531422029119385,656.0,137.0,490.0,161.0,-1,-1,False,True,
0.5,0.8,0.8,0.8,0.1,0.1,0.01,0.05,10,10.0,1.0,False,3,7,5,5,2.0543975423603786,1.6774458582668728,1.731674430569007,0.05422857230213429,0.027485223385045183,1.8326479946114869,2.9202929766204906,1.8873401900233948,2.993687483287125,656.0,55.0,390.0,78.0,-1,0,False,True,
0.5,0.8,0.8,0.8,0.1,0.1,0.01,0.1,10,10.0,1.0,False,3,7,6,4,2.0543975423603786,1.4036702653614066,1.591648730990269,0.18797846562886233,0.09854791758421004,1.8326479946114869,2.22089074700722,1.8846529925201025,2.6062307381127434,656.0,27.0,323.0,49.0,-1,1,True,True,
0.5,0.8,0.8,0.8,0.1,0.1,0.02,0.01,10,10.0,1.0,False,3,7,3,7,2.0543975423603786,1.9162475295191412,1.9162475295191412,0.0,0.0,1.8020929995922343,3.770843673764667,1.8020929995922343,3.770843673764667,328.0,275.0,328.0,275.0,-1,-1,False,True,
0.5,0.8,0.8,0.8,0.1,0.1,0.02,0.02,10,10.0,1.0,False,3,7,4,6,2.0543975423603786,1.843333744659337,1.8441566170204893,0.0008228723611523048,0.00041152083205065767,1.8020929995922343,3.505681638834538,1.831017854797355,3.4531422029119385,328.0,137.0,245.0,161.0,-1,-1,False,True,
0.5,0.8,0.8,0.8,0.1,0.1,0.02,0.05,10,10.0,1.0,False,3,7,5,5,2.0543975423603786,1.6606327126572293,1.700745323490037,0.040112610832807594,0.02025878450522419,1.8020929995922343,2.9202929766204906,1.8298599318298372,2.993687483287125,328.0,55.0,195.0,78.0,-1,0,False,True,
0.5,0.8,0.8,0.8,0.1,0.1,0.02,0.1,10,10.0,1.0,False,3,7,6,4,2.0543975423603786,1.3868571197517632,1.5537532495231727,0.16689612977140955,0.08702875886402071,1.8020929995922343,2.22089074700722,1.814569471216466,2.6062307381127434,328.0,27.0,161.0,49.0,-1,1,True,True,
0.5,0.8,0.8,0.8,0.1,0.1,0.05,0.01,10,10.0,1.0,False,3,7,3,7,2.0543975423603786,1.873864839311024,1.873864839311024,0.0,0.0,1.7273113674434641,3.770843673764667,1.7273113674434641,3.770843673764667,131.0,275.0,131.0,275.0,-1,-1,False,True,
0.5,0.8,0.8,0.8,0.1,0.1,0.05,0.02,10,10.0,1.0,False,3,7,3,7,2.0543975423603786,1.8009510544512197,1.8009510544512197,0.0,0.0,1.7273113674434641,3.505681638834538,1.7273113674434641,3.505681638834538,131.0,137.0,131.0,137.0,-1,-1,False,True,
0.5,0.8,0.8,0.8,0.1,0.1,0.05,0.05,10,10.0,1.0,False,3,7,4,6,2.0543975423603786,1.618250022449112,1.638571844463469,0.02032182201435684,0.010212708350843052,1.7273113674434641,2.9202929766204906,1.7244046536184965,2.9852693637567205,131.0,55.0,98.0,64.0,-1,-1,False,True,
0.5,0.8,0.8,0.8,0.1,0.1,0.05,0.1,10,10.0,1.0,False,3,7,5,5,2.0543975423603786,1.344474429543646,1.4703488822974866,0.12587445275384068,0.06495998573626983,1.7273113674434641,2.22089074700722,1.6937283335565871,2.5687429859532767,131.0,27.0,78.0,39.0,-1,0,False,True,
0.5,0.8,0.8,0.8,0.1,0.1,0.1,0.01,10,10.0,1.0,False,3,7,2,8,2.0543975423603786,1.813617736865604,1.8209582375819207,0.007340500716316756,0.003676993974733884,1.6263186673401444,3.770843673764667,1.6097718796681106,3.8376713303869865,65.0,275.0,99.0,240.0,-1,-1,False,True,
0.5,0.8,0.8,0.8,0.1,0.1,0.1,0.02,10,10.0,1.0,False,3,7,3,7,2.0543975423603786,1.7407039520057999,1.7407039520057999,0.0,0.0,1.6263186673401444,3.505681638834538,1.6263186673401444,3.505681638834538,65.0,137.0,65.0,137.0,-1,-1,False,True,
0.5,0.8,0.8,0.8,0.1,0.1,0.1,0.05,10,10.0,1.0,False,3,7,3,6,2.0543975423603786,1.558002920003692,1.5637568351904185,0.0057539151867265215,0.002881100007424216,1.6263186673401444,2.9202929766204906,1.6176346245262945,2.9529121746516283,65.0,55.0,62.0,61.0,-1,-1,False,True,
0.5,0.8,0.8,0.8,0.1,0.1,0.1,0.1,10,10.0,1.0,False,3,7,3,4,2.0543975423603786,1.284227327098226,1.3858688964776642,0.10164156937943813,0.05213431780767934,1.6263186673401444,2.22089074700722,1.5943892823880983,2.5077304191554597,65.0,27.0,55.0,41.0,-1,-1,False,True,
0.5,0.85,0.8,0.8,0.1,0.1,0.01,0.01,10,10.0,1.0,False,3,7,3,7,2.2076003882882427,2.0865725290290214,2.0865725290290214,0.0,0.0,1.8326479946114869,4.396508118722122,1.8326479946114869,4.396508118722122,656.0,275.0,656.0,275.0,-1,-1,False,True,
0.5,0.85,0.8,0.8,0.1,0.1,0.01,0.02,10,10.0,1.0,False,3,7,3,7,2.2076003882882427,2.013751225750016,2.013751225750016,0.0,0.0,1.8326479946114869,4.087727994706356,1.8326479946114869,4.087727994706356,656.0,137.0,656.0,137.0,-1,-1,False,True,
0.5,0.85,0.8,0.8,0.1,0.1,0.01,0.05,10,10.0,1.0,False,3,7,4,6,2.2076003882882427,1.8307729334714038,1.8629942952087046,0.032221361737300835,0.0162411576358034,1.8326479946114869,3.404203600007718,1.8753624728775729,3.435602585949758,656.0,55.0,490.0,64.0,-1,-1,False,True,
0.5,0.85,0.8,0.8,0.1,0.1,0.01,0.1,10,10.0,1.0,False,3,7,5,5,2.2076003882882427,1.5551825665588348,1.7059002391911182,0.15071767263228342,0.07827100426693276,1.8326479946114869,2.584212072614864,1.8873401900233948,2.917513487614054,656.0,27.0,390.0,39.0,-1,0,False,True,
0.5,0.85,0.8,0.8,0.1,0.1,0.02,0.01,10,10.0,1.0,False,3,7,3,7,2.2076003882882427,2.069759383419378,2.069759383419378,0.0,0.0,1.8020929995922343,4.396508118722122,1.8020929995922343,4.396508118722122,328.0,275.0,328.0,275.0,-1,-1,False,True,
0.5,0.85,0.8,0.8,0.1,0.1,0.02,0.02,10,10.0,1.0,False,3,7,3,7,2.2076003882882427,1.9969380801403724,1.9969380801403724,0.0,0.0,1.8020929995922343,4.087727994706356,1.8020929995922343,4.087727994706356,328.0,137.0,328.0,137.0,-1,-1,False,True,
0.5,0.85,0.8,0.8,0.1,0.1,0.02,0.05,10,10.0,1.0,False,3,7,4,6,2.2076003882882427,1.8139597878617604,1.8390643526380424,0.02510456477628198,0.012631392944200471,1.8020929995922343,3.404203600007718,1.831017854797355,3.435602585949758,328.0,55.0,245.0,64.0,-1,-1,False,True,
0.5,0.85,0.8,0.8,0.1,0.1,0.02,0.1,10,10.0,1.0,False,3,7,5,5,2.2076003882882427,1.5383694209491914,1.674971132112148,0.13660171116295672,0.07068738230247541,1.8020929995922343,2.584212072614864,1.8298599318298372,2.917513487614054,328.0,27.0,195.0,39.0,-1,0,False,True,
0.5,0.85,0.8,0.8,0.1,0.1,0.05,0.01,10,10.0,1.0,False,3,7,3,7,2.2076003882882427,2.0273766932112607,2.0273766932112607,0.0,0.0,1.7273113674434641,4.396508118722122,1.7273113674434641,4.396508118722122,131.0,275.0,131.0,275.0,-1,-1,False,True,
0.5,0.85,0.8,0.8,0.1,0.1,0.05,0.02,10,10.0,1.0,False,3,7,3,7,2.2076003882882427,1.9545553899322552,1.9545553899322552,0.0,0.0,1.7273113674434641,4.087727994706356,1.7273113674434641,4.087727994706356,131.0,137.0,131.0,137.0,-1,-1,False,True,
0.5,0.85,0.8,0.8,0.1,0.1,0.05,0.05,10,10.0,1.0,False,3,7,4,6,2.2076003882882427,1.7715770976536431,1.7790741981777045,0.007497100524061384,0.0037555848636703307,1.7273113674434641,3.404203600007718,1.7244046536184965,3.435602585949758,131.0,55.0,98.0,64.0,-1,-1,False,True,
0.5,0.85,0.8,0.8,0.1,0.1,0.05,0.1,10,10.0,1.0,False,3,7,5,5,2.2076003882882427,1.4959867307410741,1.5976639217397928,0.10167719099871864,0.0521530573386124,1.7273113674434641,2.584212072614864,1.6937283335565871,2.917513487614054,131.0,27.0,78.0,39.0,-1,0,False,True,
0.5,0.85,0.8,0.8,0.1,0.1,0.1,0.01,10,10.0,1.0,False,3,7,2,8,2.2076003882882427,1.9671295907658406,1.9879948215970598,0.02086523083121916,0.01048722488914317,1.6263186673401444,4.396508118722122,1.6097718796681106,4.535350381828468,65.0,275.0,99.0,240.0,-1,-1,False,True,
0.5,0.85,0.8,0.8,0.1,0.1,0.1,0.02,10,10.0,1.0,False,3,7,2,8,2.2076003882882427,1.8943082874868353,1.8982689192028512,0.0039606317160159055,0.001982277978448995,1.6263186673401444,4.087727994706356,1.6097718796681106,4.146134439873799,65.0,137.0,99.0,120.0,-1,-1,False,True,
0.5,0.85,0.8,0.8,0.1,0.1,0.1,0.05,10,10.0,1.0,False,3,7,3,7,2.2076003882882427,1.711329995208223,1.711329995208223,0.0,0.0,1.6263186673401444,3.404203600007718,1.6263186673401444,3.404203600007718,65.0,55.0,65.0,55.0,-1,-1,False,True,
0.5,0.85,0.8,0.8,0.1,0.1,0.1,0.1,10,10.0,1.0,False,3,7,3,5,2.2076003882882427,1.435739628295654,1.5119771566367721,0.07623752834111808,0.03885460425770906,1.6263186673401444,2.584212072614864,1.6049156826521427,2.826123361394936,65.0,27.0,58.0,35.0,-1,-1,False,True,
0.5,0.9,0.8,0.8,0.1,0.1,0.01,0.01,10,10.0,1.0,False,2,8,3,7,2.372124349818672,2.243734644836513,2.2537316940812495,0.009997049244736544,0.005011038087502005,1.7266743370879267,5.460484024012112,1.8326479946114869,5.196419244284837,990.0,240.0,656.0,275.0,-1,-1,False,True,
0.5,0.9,0.8,0.8,0.1,0.1,0.01,0.02,10,10.0,1.0,False,2,8,3,7,2.372124349818672,2.1588403720245917,2.1856217701355654,0.026781398110973686,0.01348075599223614,1.7266743370879267,5.016051959867676,1.8326479946114869,4.854275473628954,990.0,120.0,656.0,137.0,-1,-1,False,True,
0.5,0.9,0.8,0.8,0.1,0.1,0.01,0.05,10,10.0,1.0,False,2,8,4,6,2.372124349818672,1.9349441885679877,2.0246429712963487,0.08969878272836107,0.04587033094261605,1.7266743370879267,4.009822510610098,1.8753624728775729,4.038369460785317,990.0,47.0,490.0,64.0,-1,-1,False,True,
0.5,0.9,0.8,0.8,0.1,0.1,0.01,0.1,10,10.0,1.0,False,2,8,5,5,2.372124349818672,1.5944059808640647,1.8547842514694115,0.2603782706053468,0.13904379634605635,1.7266743370879267,2.852536991995105,1.8873401900233948,3.3858863567060546,990.0,23.0,390.0,39.0,-1,0,False,True,
0.5,0.9,0.8,0.8,0.1,0.1,0.02,0.01,10,10.0,1.0,False,2,8,3,7,2.372124349818672,2.233835789041158,2.236918548471606,0.00308275943044789,0.0015425682515206633,1.709666554491941,5.460484024012112,1.8020929995922343,5.196419244284837,495.0,240.0,328.0,275.0,-1,-1,False,True,
0.5,0.9,0.8,0.8,0.1,0.1,0.02,0.02,10,10.0,1.0,False,2,8,3,7,2.372124349818672,2.1489415162292365,2.168808624525922,0.019867108296685476,0.009983055670261809,1.709666554491941,5.016051959867676,1.8020929995922343,4.854275473628954,495.0,120.0,328.0,137.0,-1,-1,False,True,
0.5,0.9,0.8,0.8,0.1,0.1,0.02,0.05,10,10.0,1.0,False,2,8,4,6,2.372124349818672,1.9250453327726325,2.0007130287256865,0.075667695953054,0.03855865991938056,1.709666554491941,4.009822510610098,1.831017854797355,4.038369460785317,495.0,47.0,245.0,64.0,-1,-1,False,True,
0.5,0.9,0.8,0.8,0.1,0.1,0.02,0.1,10,10.0,1.0,False,2,8,5,5,2.372124349818672,1.5845071250687095,1.8238551443904414,0.2393480193217319,0.12712935840122408,1.709666554491941,2.852536991995105,1.8298599318298372,3.3858863567060546,495.0,23.0,195.0,39.0,-1,0,False,True,
0.5,0.9,0.8,0.8,0.1,0.1,0.05,0.01,10,10.0,1.0,False,2,8,2,8,2.372124349818672,2.208857025531552,2.208857025531552,0.0,0.0,1.6674901481218236,5.460484024012112,1.6674901481218236,5.460484024012112,198.0,240.0,198.0,240.0,-1,-1,False,True,
0.5,0.9,0.8,0.8,0.1,0.1,0.05,0.02,10,10.0,1.0,False,2,8,3,7,2.372124349818672,2.1239627527196308,2.1264259343178047,0.0024631815981739358,0.0012323495184804701,1.6674901481218236,5.016051959867676,1.7273113674434641,4.854275473628954,198.0,120.0,131.0,137.0,-1,-1,False,True,
0.5,0.9,0.8,0.8,0.1,0.1,0.05,0.05,10,10.0,1.0,False,2,8,3,7,2.372124349818672,1.9000665692630268,1.955020669039281,0.05495409977625432,0.027858025379888383,1.6674901481218236,4.009822510610098,1.7273113674434641,4.089630371671306,198.0,47.0,131.0,55.0,-1,-1,False,True,
0.5,0.9,0.8,0.8,0.1,0.1,0.05,0.1,10,10.0,1.0,False,2,8,4,6,2.372124349818672,1.5595283615591038,1.7504848218601663,0.1909564603010625,0.10018487091420251,1.6674901481218236,2.852536991995105,1.7244046536184965,3.3387716146112925,198.0,23.0,98.0,32.0,-1,-1,False,True,
0.5,0.9,0.8,0.8,0.1,0.1,0.1,0.01,10,10.0,1.0,False,2,8,2,8,2.372124349818672,2.173629914224492,2.173629914224492,0.0,0.0,1.6097718796681106,5.460484024012112,1.6097718796681106,5.460484024012112,99.0,240.0,99.0,240.0,-1,-1,False,True,
0.5,0.9,0.8,0.8,0.1,0.1,0.1,0.02,10,10.0,1.0,False,2,8,2,8,2.372124349818672,2.088735641412571,2.088735641412571,0.0,0.0,1.6097718796681106,5.016051959867676,1.6097718796681106,5.016051959867676,99.0,120.0,99.0,120.0,-1,-1,False,True,
0.5,0.9,0.8,0.8,0.1,0.1,0.1,0.05,10,10.0,1.0,False,2,8,3,7,2.372124349818672,1.8648394579559666,1.894773566593861,0.029934108637894363,0.015079621575364497,1.6097718796681106,4.009822510610098,1.6263186673401444,4.089630371671306,99.0,47.0,65.0,55.0,-1,-1,False,True,
0.5,0.9,0.8,0.8,0.1,0.1,0.1,0.1,10,10.0,1.0,False,2,8,4,6,2.372124349818672,1.5243012502520437,1.6666910810012325,0.14238983074918887,0.07379050375023087,1.6097718796681106,2.852536991995105,1.5857985884176204,3.3387716146112925,99.0,23.0,49.0,32.0,-1,-1,False,True,
0.5,0.95,0.8,0.8,0.1,0.1,0.01,0.01,10,10.0,1.0,False,2,8,2,8,2.5604214805144654,2.4534864691321903,2.4534864691321903,0.0,0.0,1.7266743370879267,6.734807714100592,1.7266743370879267,6.734807714100592,990.0,240.0,990.0,240.0,-1,-1,False,True,
0.5,0.95,0.8,0.8,0.1,0.1,0.01,0.02,10,10.0,1.0,False,2,8,2,8,2.5604214805144654,2.384349772460708,2.384349772460708,0.0,0.0,1.7266743370879267,6.284916538872575,1.7266743370879267,6.284916538872575,990.0,120.0,990.0,120.0,-1,-1,False,True,
0.5,0.95,0.8,0.8,0.1,0.1,0.01,0.05,10,10.0,1.0,False,2,8,3,7,2.5604214805144654,2.202337021621344,2.243641390587366,0.041304368966021965,0.020866916526009194,1.7266743370879267,5.2390480485192175,1.8326479946114869,5.144249444221367,990.0,47.0,656.0,55.0,-1,-1,False,True,
0.5,0.95,0.8,0.8,0.1,0.1,0.01,0.1,10,10.0,1.0,False,2,8,4,6,2.5604214805144654,1.9292561229427698,2.0634156235061734,0.13415950056340353,0.0693807581907145,1.7266743370879267,3.987079121289875,1.8753624728775729,4.198022847681387,990.0,23.0,490.0,32.0,-1,-1,False,True,
0.5,0.95,0.8,0.8,0.1,0.1,0.02,0.01,10,10.0,1.0,False,2,8,2,8,2.5604214805144654,2.443587613336835,2.443587613336835,0.0,0.0,1.709666554491941,6.734807714100592,1.709666554491941,6.734807714100592,495.0,240.0,495.0,240.0,-1,-1,False,True,
0.5,0.95,0.8,0.8,0.1,0.1,0.02,0.02,10,10.0,1.0,False,2,8,2,8,2.5604214805144654,2.374450916665353,2.374450916665353,0.0,0.0,1.709666554491941,6.284916538872575,1.709666554491941,6.284916538872575,495.0,120.0,495.0,120.0,-1,-1,False,True,
0.5,0.95,0.8,0.8,0.1,0.1,0.02,0.05,10,10.0,1.0,False,2,8,3,7,2.5604214805144654,2.1924381658259886,2.2268282449777224,0.034390079151733755,0.017343725265085715,1.709666554491941,5.2390480485192175,1.8020929995922343,5.144249444221367,495.0,47.0,328.0,55.0,-1,-1,False,True,
0.5,0.95,0.8,0.8,0.1,0.1,0.02,0.1,10,10.0,1.0,False,2,8,4,6,2.5604214805144654,1.9193572671474146,2.039485680935511,0.12012841378809647,0.06190472596077103,1.709666554491941,3.987079121289875,1.831017854797355,4.198022847681387,495.0,23.0,245.0,32.0,-1,-1,False,True,
0.5,0.95,0.8,0.8,0.1,0.1,0.05,0.01,10,10.0,1.0,False,2,8,2,8,2.5604214805144654,2.4186088498272293,2.4186088498272293,0.0,0.0,1.6674901481218236,6.734807714100592,1.6674901481218236,6.734807714100592,198.0,240.0,198.0,240.0,-1,-1,False,True,
0.5,0.95,0.8,0.8,0.1,0.1,0.05,0.02,10,10.0,1.0,False,2,8,2,8,2.5604214805144654,2.349472153155747,2.349472153155747,0.0,0.0,1.6674901481218236,6.284916538872575,1.6674901481218236,6.284916538872575,198.0,120.0,198.0,120.0,-1,-1,False,True,
0.5,0.95,0.8,0.8,0.1,0.1,0.05,0.05,10,10.0,1.0,False,2,8,3,7,2.5604214805144654,2.1674594023163825,2.184445554769605,0.016986152453222658,0.008529244719919447,1.6674901481218236,5.2390480485192175,1.7273113674434641,5.144249444221367,198.0,47.0,131.0,55.0,-1,-1,False,True,
0.5,0.95,0.8,0.8,0.1,0.1,0.05,0.1,10,10.0,1.0,False,2,8,4,6,2.5604214805144654,1.894378503637809,1.9794955264751732,0.08511702283736433,0.04347710991355952,1.6674901481218236,3.987079121289875,1.7244046536184965,4.198022847681387,198.0,23.0,98.0,32.0,-1,-1,False,True,
0.5,0.95,0.8,0.8,0.1,0.1,0.1,0.01,10,10.0,1.0,False,2,8,2,8,2.5604214805144654,2.3833817385201694,2.3833817385201694,0.0,0.0,1.6097718796681106,6.734807714100592,1.6097718796681106,6.734807714100592,99.0,240.0,99.0,240.0,-1,-1,False,True,
0.5,0.95,0.8,0.8,0.1,0.1,0.1,0.02,10,10.0,1.0,False,2,8,2,8,2.5604214805144654,2.3142450418486873,2.3142450418486873,0.0,0.0,1.6097718796681106,6.284916538872575,1.6097718796681106,6.284916538872575,99.0,120.0,99.0,120.0,-1,-1,False,True,
0.5,0.95,0.8,0.8,0.1,0.1,0.1,0.05,10,10.0,1.0,False,2,8,2,8,2.5604214805144654,2.1322322910093225,2.1322322910093225,0.0,0.0,1.6097718796681106,5.2390480485192175,1.6097718796681106,5.2390480485192175,99.0,47.0,99.0,47.0,-1,-1,False,True,
0.5,0.95,0.8,0.8,0.1,0.1,0.1,0.1,10,10.0,1.0,False,2,8,3,7,2.5604214805144654,1.8591513923307488,1.9158033524066758,0.05665196007592699,0.028730975531809595,1.6097718796681106,3.987079121289875,1.6263186673401444,4.176545118535746,99.0,23.0,65.0,27.0,-1,-1,False,True,
0.55,0.5,0.8,0.8,0.1,0.1,0.01,0.01,10,10.0,1.0,False,5,5,5,5,1.4478355503519602,1.3594601855098412,1.3594601855098412,0.0,0.0,2.0632690748342464,1.8873401900233948,2.0632690748342464,1.8873401900233948,390.0,390.0,390.0,390.0,0,0,False,True,
0.55,0.5,0.8,0.8,0.1,0.1,0.01,0.02,10,10.0,1.0,False,5,5,6,4,1.4478355503519602,1.328531078430871,1.3309558826854322,0.0024248042545611526,0.0012131373838518802,2.0632690748342464,1.8298599318298372,2.0669702043058558,1.831017854797355,390.0,195.0,323.0,245.0,0,1,False,True,
0.55,0.5,0.8,0.8,0.1,0.1,0.01,0.05,10,10.0,1.0,False,5,5,6,4,1.4478355503519602,1.2512238680585157,1.2709657282250943,0.01974186016657864,0.009919808406101727,2.0632690748342464,1.6937283335565871,2.0669702043058558,1.7244046536184965,390.0,78.0,323.0,98.0,0,1,False,True,
0.55,0.5,0.8,0.8,0.1,0.1,0.01,0.1,10,10.0,1.0,False,5,5,7,3,1.4478355503519602,1.143645321774621,1.2086978902396694,0.06505256846504848,0.03306104600386991,2.0632690748342464,1.5209781799010023,2.059326352439506,1.6263186673401444,390.0,39.0,275.0,65.0,0,1,False,True,
0.55,0.5,0.8,0.8,0.1,0.1,0.02,0.01,10,10.0,1.0,False,5,5,5,5,1.4478355503519602,1.3256450512839981,1.3256450512839981,0.0,0.0,1.9946658054907853,1.8873401900233948,1.9946658054907853,1.8873401900233948,195.0,390.0,195.0,390.0,0,0,False,True,
0.55,0.5,0.8,0.8,0.1,0.1,0.02,0.02,10,10.0,1.0,False,5,5,5,5,1.4478355503519602,1.294715944205028,1.294715944205028,0.0,0.0,1.9946658054907853,1.8298599318298372,1.9946658054907853,1.8298599318298372,195.0,195.0,195.0,195.0,0,0,False,True,
0.55,0.5,0.8,0.8,0.1,0.1,0.02,0.05,10,10.0,1.0,False,5,5,6,4,1.4478355503519602,1.2174087338326727,1.228984631790602,0.011575897957929238,0.005804731518861113,1.9946658054907853,1.6937283335565871,1.981992732627951,1.7244046536184965,195.0,78.0,161.0,98.0,0,1,False,True,
0.55,0.5,0.8,0.8,0.1,0.1,0.02,0.1,10,10.0,1.0,False,5,5,6,3,1.4478355503519602,1.1098301875487782,1.161000977637895,0.051170790089116736,0.02591551063064559,1.9946658054907853,1.5209781799010023,1.973948800426509,1.6176346245262945,195.0,39.0,153.0,62.0,0,1,False,True,
0.55,0.5,0.8,0.8,0.1,0.1,0.05,0.01,10,10.0,1.0,False,5,5,4,6,1.4478355503519602,1.2410318508814207,1.2552030428541032,0.014171191972682573,0.007110758216272723,1.832833847922273,1.8873401900233948,1.8616428075064262,1.8846529925201025,78.0,390.0,98.0,323.0,0,-1,False,True,
0.55,0.5,0.8,0.8,0.1,0.1,0.05,0.02,10,10.0,1.0,False,5,5,4,5,1.4478355503519602,1.2101027438024505,1.2173181969336948,0.007215453131244276,0.0036142422443477392,1.832833847922273,1.8298599318298372,1.8518549247980773,1.8241796846478162,78.0,195.0,93.0,185.0,0,-1,False,True,
0.55,0.5,0.8,0.8,0.1,0.1,0.05,0.05,10,10.0,1.0,False,5,5,4,4,1.4478355503519602,1.1327955334300952,1.1449971604417537,0.0122016270116585,0.006119461371641953,1.832833847922273,1.6937283335565871,1.8411458919454342,1.7067807866035742,78.0,78.0,88.0,88.0,0,0,False,True,
0.55,0.5,0.8,0.8,0.1,0.1,0.05,0.1,10,10.0,1.0,False,5,5,4,3,1.4478355503519602,1.0252169871462007,1.070463751767044,0.045246764620843205,0.022881231828676053,1.832833847922273,1.5209781799010023,1.8293724488354122,1.5943892823880983,78.0,39.0,83.0,55.0,0,1,False,True,
0.55,0.5,0.8,0.8,0.1,0.1,0.1,0.01,10,10.0,1.0,False,5,5,3,7,1.4478355503519602,1.1229882009787997,1.1808572942218807,0.05786909324308098,0.02935721736260699,1.628761108931513,1.8873401900233948,1.7369818839896627,1.8751867163155262,39.0,390.0,65.0,275.0,0,-1,False,True,
0.55,0.5,0.8,0.8,0.1,0.1,0.1,0.02,10,10.0,1.0,False,5,5,3,6,1.4478355503519602,1.0920590938998296,1.1386597083183991,0.04660061441856955,0.023573880012032256,1.628761108931513,1.8298599318298372,1.7271645837228629,1.8079228929103834,39.0,195.0,62.0,153.0,0,-1,False,True,
0.55,0.5,0.8,0.8,0.1,0.1,0.1,0.05,10,10.0,1.0,False,5,5,3,4,1.4478355503519602,1.0147518835274743,1.0598119094351095,0.04506002590763525,0.022785730524694958,1.628761108931513,1.6937283335565871,1.7008945294403999,1.6966531970218361,39.0,78.0,55.0,83.0,0,-1,False,True,
0.55,0.5,0.8,0.8,0.1,0.1,0.1,0.1,10,10.0,1.0,False,5,5,3,3,1.4478355503519602,0.9071733372435797,0.9827253902004174,0.07555205295683765,0.03849861063787723,1.628761108931513,1.5209781799010023,1.687891317191734,1.5828790646078439,39.0,39.0,52.0,52.0,0,0,False,True,
0.55,0.55,0.8,0.8,0.1,0.1,0.01,0.01,10,10.0,1.0,False,5,5,5,5,1.5408734535203081,1.4485833089811417,1.4485833089811417,0.0,0.0,2.0632690748342464,2.0632690748342464,2.0632690748342464,2.0632690748342464,390.0,390.0,390.0,390.0,0,0,False,True,
0.55,0.55,0.8,0.8,0.1,0.1,0.01,0.02,10,10.0,1.0,False,5,5,5,5,1.5408734535203081,1.4147681747552987,1.4147681747552987,0.0,0.0,2.0632690748342464,1.9946658054907853,2.0632690748342464,1.9946658054907853,390.0,195.0,390.0,195.0,0,0,False,True,
0.55,0.55,0.8,0.8,0.1,0.1,0.01,0.05,10,10.0,1.0,False,5,5,6,4,1.5408734535203081,1.3301549743527215,1.3475431933986792,0.017388219045957776,0.00873201305937952,2.0632690748342464,1.832833847922273,2.0669702043058558,1.8616428075064262,390.0,78.0,323.0,98.0,0,1,False,True,
0.55,0.55,0.8,0.8,0.1,0.1,0.01,0.1,10,10.0,1.0,False,5,5,7,3,1.5408734535203081,1.2121113244501003,1.2745279736645956,0.0624166492144953,0.03170041008334882,2.0632690748342464,1.628761108931513,2.059326352439506,1.7369818839896627,390.0,39.0,275.0,65.0,0,1,False,True,
0.55,0.55,0.8,0.8,0.1,0.1,0.02,0.01,10,10.0,1.0,False,5,5,5,5,1.5408734535203081,1.4147681747552987,1.4147681747552987,0.0,0.0,1.9946658054907853,2.0632690748342464,1.9946658054907853,2.0632690748342464,195.0,390.0,195.0,390.0,0,0,False,True,
0.55,0.55,0.8,0.8,0.1,0.1,0.02,0.02,10,10.0,1.0,False,5,5,5,5,1.5408734535203081,1.3809530405294559,1.3809530405294559,0.0,0.0,1.9946658054907853,1.9946658054907853,1.9946658054907853,1.9946658054907853,195.0,195.0,195.0,195.0,0,0,False,True,
0.55,0.55,0.8,0.8,0.1,0.1,0.02,0.05,10,10.0,1.0,False,5,5,6,4,1.5408734535203081,1.2963398401268784,1.3055620969641866,0.009222256837308151,0.004621776030845778,1.9946658054907853,1.832833847922273,1.981992732627951,1.8616428075064262,195.0,78.0,161.0,98.0,0,1,False,True,
0.55,0.55,0.8,0.8,0.1,0.1,0.02,0.1,10,10.0,1.0,False,5,5,6,3,1.5408734535203081,1.1782961902242575,1.2265170986920126,0.048220908467755175,0.024403461341423932,1.9946658054907853,1.628761108931513,1.973948800426509,1.7271645837228629,195.0,39.0,153.0,62.0,0,1,False,True,
0.55,0.55,0.8,0.8,0.1,0.1,0.05,0.01,10,10.0,1.0,False,5,5,4,6,1.5408734535203081,1.3301549743527215,1.3475431933986792,0.017388219045957776,0.00873201305937952,1.832833847922273,2.0632690748342464,1.8616428075064262,2.0669702043058558,78.0,390.0,98.0,323.0,0,-1,False,True,
0.55,0.55,0.8,0.8,0.1,0.1,0.05,0.02,10,10.0,1.0,False,5,5,4,6,1.5408734535203081,1.2963398401268784,1.3055620969641866,0.009222256837308151,0.004621776030845778,1.832833847922273,1.9946658054907853,1.8616428075064262,1.981992732627951,78.0,195.0,98.0,161.0,0,-1,False,True,
0.55,0.55,0.8,0.8,0.1,0.1,0.05,0.05,10,10.0,1.0,False,5,5,4,4,1.5408734535203081,1.211726639724301,1.220776290286847,0.009049650562546141,0.004535077760913202,1.832833847922273,1.832833847922273,1.8411458919454342,1.8411458919454342,78.0,78.0,88.0,88.0,0,0,False,True,
0.55,0.55,0.8,0.8,0.1,0.1,0.05,0.1,10,10.0,1.0,False,5,5,4,3,1.5408734535203081,1.09368298982168,1.1351272903669831,0.041444300545303125,0.020938344784680003,1.832833847922273,1.628761108931513,1.8293724488354122,1.7008945294403999,78.0,39.0,83.0,55.0,0,1,False,True,
0.55,0.55,0.8,0.8,0.1,0.1,0.1,0.01,10,10.0,1.0,False,5,5,3,7,1.5408734535203081,1.2121113244501003,1.2745279736645956,0.0624166492144953,0.03170041008334882,1.628761108931513,2.0632690748342464,1.7369818839896627,2.059326352439506,39.0,390.0,65.0,275.0,0,-1,False,True,
0.55,0.55,0.8,0.8,0.1,0.1,0.1,0.02,10,10.0,1.0,False,5,5,3,6,1.5408734535203081,1.1782961902242575,1.2265170986920126,0.048220908467755175,0.024403461341423932,1.628761108931513,1.9946658054907853,1.7271645837228629,1.973948800426509,39.0,195.0,62.0,153.0,0,-1,False,True,
0.55,0.55,0.8,0.8,0.1,0.1,0.1,0.05,10,10.0,1.0,False,5,5,3,4,1.5408734535203081,1.09368298982168,1.1351272903669831,0.041444300545303125,0.020938344784680003,1.628761108931513,1.832833847922273,1.7008945294403999,1.8293724488354122,39.0,78.0,55.0,83.0,0,-1,False,True,
0.55,0.55,0.8,0.8,0.1,0.1,0.1,0.1,10,10.0,1.0,False,5,5,3,3,1.5408734535203081,0.975639339919059,1.0469600171020126,0.07132067718295354,0.03630379429860722,1.628761108931513,1.628761108931513,1.687891317191734,1.687891317191734,39.0,39.0,52.0,52.0,0,0,False,True,
0.55,0.6,0.8,0.8,0.1,0.1,0.01,0.01,10,10.0,1.0,False,5,5,5,5,1.638947983546555,1.5429248384791991,1.5429248384791991,0.0,0.0,2.0632690748342464,2.26739860189272,2.0632690748342464,2.26739860189272,390.0,390.0,390.0,390.0,0,0,False,True,
0.55,0.6,0.8,0.8,0.1,0.1,0.01,0.02,10,10.0,1.0,False,5,5,5,5,1.638947983546555,1.5063481921641717,1.5063481921641717,0.0,0.0,2.0632690748342464,2.1859631616618915,2.0632690748342464,2.1859631616618915,390.0,195.0,390.0,195.0,0,0,False,True,
0.55,0.6,0.8,0.8,0.1,0.1,0.01,0.05,10,10.0,1.0,False,5,5,6,4,1.638947983546555,1.4147032816401053,1.4279539637675653,0.013250682127460056,0.006647337186274792,2.0632690748342464,1.9945363696126912,2.0669702043058558,2.0175221461307475,390.0,78.0,323.0,98.0,0,1,False,True,
0.55,0.6,0.8,0.8,0.1,0.1,0.01,0.1,10,10.0,1.0,False,5,5,7,3,1.638947983546555,1.286468752059533,1.3426278323560021,0.0561590802964691,0.02847748641983611,2.0632690748342464,1.7544880370313614,2.059326352439506,1.8593908171420621,390.0,39.0,275.0,65.0,0,1,False,True,
0.55,0.6,0.8,0.8,0.1,0.1,0.02,0.01,10,10.0,1.0,False,5,5,4,6,1.638947983546555,1.509109704253356,1.5113752452907536,0.0022655410373975116,0.0011334123455474044,1.9946658054907853,2.26739860189272,1.9858793195918247,2.282596126293539,195.0,390.0,245.0,323.0,0,-1,False,True,
0.55,0.6,0.8,0.8,0.1,0.1,0.02,0.02,10,10.0,1.0,False,5,5,5,5,1.638947983546555,1.4725330579383287,1.4725330579383287,0.0,0.0,1.9946658054907853,2.1859631616618915,1.9946658054907853,2.1859631616618915,195.0,195.0,195.0,195.0,0,0,False,True,
0.55,0.6,0.8,0.8,0.1,0.1,0.02,0.05,10,10.0,1.0,False,5,5,6,4,1.638947983546555,1.3808881474142622,1.385972867333073,0.005084719918810654,0.002545594497025724,1.9946658054907853,1.9945363696126912,1.981992732627951,2.0175221461307475,195.0,78.0,161.0,98.0,0,1,False,True,
0.55,0.6,0.8,0.8,0.1,0.1,0.02,0.1,10,10.0,1.0,False,5,5,6,3,1.638947983546555,1.25265361783369,1.294348464509976,0.04169484667628609,0.02106624887211027,1.9946658054907853,1.7544880370313614,1.973948800426509,1.8483853252195346,195.0,39.0,153.0,62.0,0,1,False,True,
0.55,0.6,0.8,0.8,0.1,0.1,0.05,0.01,10,10.0,1.0,False,5,5,4,6,1.638947983546555,1.4244965038507786,1.4467727748264165,0.02227627097563789,0.011200395457506814,1.832833847922273,2.26739860189272,1.8616428075064262,2.282596126293539,78.0,390.0,98.0,323.0,0,-1,False,True,
0.55,0.6,0.8,0.8,0.1,0.1,0.05,0.02,10,10.0,1.0,False,5,5,4,6,1.638947983546555,1.3879198575357514,1.4007053686365252,0.01278551110077375,0.006413232824296751,1.832833847922273,2.1859631616618915,1.8616428075064262,2.17982814448223,78.0,195.0,98.0,161.0,0,-1,False,True,
0.55,0.6,0.8,0.8,0.1,0.1,0.05,0.05,10,10.0,1.0,False,5,5,4,4,1.638947983546555,1.296274947011685,1.3004577656329221,0.00418281862123715,0.0020935978325032525,1.832833847922273,1.9945363696126912,1.8411458919454342,1.9938543415263217,78.0,78.0,88.0,88.0,0,0,False,True,
0.55,0.6,0.8,0.8,0.1,0.1,0.05,0.1,10,10.0,1.0,False,5,5,4,3,1.638947983546555,1.1680404174311128,1.2022283716919668,0.03418795426085408,0.017240915215562567,1.832833847922273,1.7544880370313614,1.8293724488354122,1.8189426810266514,78.0,39.0,83.0,55.0,0,1,False,True,
0.55,0.6,0.8,0.8,0.1,0.1,0.1,0.01,10,10.0,1.0,False,5,5,3,7,1.638947983546555,1.3064528539481577,1.376351024243819,0.06989817029566137,0.03556698171755328,1.628761108931513,2.26739860189272,1.7369818839896627,2.2800604745072786,39.0,390.0,65.0,275.0,0,-1,False,True,
0.55,0.6,0.8,0.8,0.1,0.1,0.1,0.02,10,10.0,1.0,False,5,5,3,6,1.638947983546555,1.2698762076331302,1.3212623669375443,0.051386159304414036,0.0260259918883472,1.628761108931513,2.1859631616618915,1.7271645837228629,2.1701174097258202,39.0,195.0,62.0,153.0,0,-1,False,True,
0.55,0.6,0.8,0.8,0.1,0.1,0.1,0.05,10,10.0,1.0,False,5,5,3,4,1.638947983546555,1.1782312971090638,1.2143846764671264,0.03615337935806262,0.018241061975795652,1.628761108931513,1.9945363696126912,1.7008945294403999,1.980264397748369,39.0,78.0,55.0,83.0,0,-1,False,True,
0.55,0.6,0.8,0.8,0.1,0.1,0.1,0.1,10,10.0,1.0,False,5,5,3,3,1.638947983546555,1.0499967675284916,1.1136930609984934,0.06369629347000183,0.03236072605479092,1.628761108931513,1.7544880370313614,1.687891317191734,1.8043728004906345,39.0,39.0,52.0,52.0,0,0,False,True,
0.55,0.65,0.8,0.8,0.1,0.1,0.01,0.01,10,10.0,1.0,False,4,6,4,6,1.7464260993368665,1.6435557308411997,1.6435557308411997,0.0,0.0,2.037677401286632,2.538936012064679,2.037677401286632,2.538936012064679,490.0,323.0,490.0,323.0,-1,-1,False,True,
0.55,0.65,0.8,0.8,0.1,0.1,0.01,0.02,10,10.0,1.0,False,4,6,5,5,1.7464260993368665,1.5935863368396266,1.6033874324173778,0.009801095577751218,0.004912575111989062,2.037677401286632,2.415184559604082,2.0632690748342464,2.4087207029863786,490.0,161.0,390.0,195.0,-1,0,False,True,
0.55,0.65,0.8,0.8,0.1,0.1,0.01,0.05,10,10.0,1.0,False,4,6,6,4,1.7464260993368665,1.46759180050827,1.5123023646562501,0.044710564147980136,0.022607033886490362,2.037677401286632,2.1292741990859185,2.0669702043058558,2.195080014651407,490.0,64.0,323.0,98.0,-1,1,True,True,
0.55,0.65,0.8,0.8,0.1,0.1,0.01,0.1,10,10.0,1.0,False,4,6,7,3,1.7464260993368665,1.2913418090892737,1.4130931003274587,0.12175129123818507,0.06276674626875445,2.037677401286632,1.7852012940160515,2.059326352439506,1.995139922323499,490.0,32.0,275.0,65.0,-1,1,True,True,
0.55,0.65,0.8,0.8,0.1,0.1,0.02,0.01,10,10.0,1.0,False,4,6,4,6,1.7464260993368665,1.6178068985960392,1.6178068985960392,0.0,0.0,1.9858793195918247,2.538936012064679,1.9858793195918247,2.538936012064679,245.0,323.0,245.0,323.0,-1,-1,False,True,
0.55,0.65,0.8,0.8,0.1,0.1,0.02,0.02,10,10.0,1.0,False,4,6,5,5,1.7464260993368665,1.5678375045944666,1.569572298191535,0.001734793597068407,0.0008677730959291109,1.9858793195918247,2.415184559604082,1.9946658054907853,2.4087207029863786,245.0,161.0,195.0,195.0,-1,0,False,True,
0.55,0.65,0.8,0.8,0.1,0.1,0.02,0.05,10,10.0,1.0,False,4,6,5,5,1.7464260993368665,1.44184296826311,1.471521365637659,0.029678397374548915,0.014949846225581317,1.9858793195918247,2.1292741990859185,1.9946658054907853,2.18375275787447,245.0,64.0,195.0,78.0,-1,0,False,True,
0.55,0.65,0.8,0.8,0.1,0.1,0.02,0.1,10,10.0,1.0,False,4,6,6,4,1.7464260993368665,1.2655929768441134,1.3686755605075815,0.10308258366346812,0.0528926612611494,1.9858793195918247,1.7852012940160515,1.981992732627951,1.9829245319363624,245.0,32.0,161.0,49.0,-1,1,True,True,
0.55,0.65,0.8,0.8,0.1,0.1,0.05,0.01,10,10.0,1.0,False,4,6,4,6,1.7464260993368665,1.5532044281317021,1.5532044281317021,0.0,0.0,1.8616428075064262,2.538936012064679,1.8616428075064262,2.538936012064679,98.0,323.0,98.0,323.0,-1,-1,False,True,
0.55,0.65,0.8,0.8,0.1,0.1,0.05,0.02,10,10.0,1.0,False,4,6,4,6,1.7464260993368665,1.503235034130129,1.503235034130129,0.0,0.0,1.8616428075064262,2.415184559604082,1.8616428075064262,2.415184559604082,98.0,161.0,98.0,161.0,-1,-1,False,True,
0.55,0.65,0.8,0.8,0.1,0.1,0.05,0.05,10,10.0,1.0,False,4,6,4,5,1.7464260993368665,1.3772404977987724,1.3891818161136116,0.011941318314839133,0.005988519070264631,1.8616428075064262,2.1292741990859185,1.8518549247980773,2.166242321204405,98.0,64.0,93.0,74.0,-1,-1,False,True,
0.55,0.65,0.8,0.8,0.1,0.1,0.05,0.1,10,10.0,1.0,False,4,6,4,4,1.7464260993368665,1.2009905063797761,1.2736762072204693,0.07268570084069315,0.037011325318198444,1.8616428075064262,1.7852012940160515,1.8411458919454342,1.9411645220369966,98.0,32.0,88.0,44.0,-1,0,False,True,
0.55,0.65,0.8,0.8,0.1,0.1,0.1,0.01,10,10.0,1.0,False,4,6,3,7,1.7464260993368665,1.4628131581213495,1.4870647064821836,0.024251548360834096,0.012199589434127182,1.7007478357900756,2.538936012064679,1.7369818839896627,2.546998606186068,49.0,323.0,65.0,275.0,-1,-1,False,True,
0.55,0.65,0.8,0.8,0.1,0.1,0.1,0.02,10,10.0,1.0,False,4,6,3,7,1.7464260993368665,1.4128437641197766,1.426295522868697,0.013451758748920462,0.006748548896798505,1.7007478357900756,2.415184559604082,1.7369818839896627,2.396828643861572,49.0,161.0,65.0,137.0,-1,-1,False,True,
0.55,0.65,0.8,0.8,0.1,0.1,0.1,0.05,10,10.0,1.0,False,4,6,3,5,1.7464260993368665,1.28684922778842,1.3022530824510647,0.015403854662644711,0.007731663466458059,1.7007478357900756,2.1292741990859185,1.7127890546310498,2.1471255937659026,49.0,64.0,58.0,70.0,-1,-1,False,True,
0.55,0.65,0.8,0.8,0.1,0.1,0.1,0.1,10,10.0,1.0,False,4,6,3,3,1.7464260993368665,1.1105992363694237,1.183091071861738,0.0724918354923143,0.036910809908963046,1.7007478357900756,1.7852012940160515,1.687891317191734,1.9340399689978065,49.0,32.0,52.0,52.0,-1,0,False,True,
0.55,0.7,0.8,0.8,0.1,0.1,0.01,0.01,10,10.0,1.0,False,4,6,4,6,1.864897512124684,1.7574336608392191,1.7574336608392191,0.0,0.0,2.037677401286632,2.845170599286769,2.037677401286632,2.845170599286769,490.0,323.0,490.0,323.0,-1,-1,False,True,
0.55,0.7,0.8,0.8,0.1,0.1,0.01,0.02,10,10.0,1.0,False,4,6,5,5,1.864897512124684,1.704012272227755,1.706002794895428,0.001990522667672856,0.000995756770747177,2.037677401286632,2.6971661338744872,2.0632690748342464,2.6690194036537442,490.0,161.0,390.0,195.0,-1,0,False,True,
0.55,0.7,0.8,0.8,0.1,0.1,0.01,0.05,10,10.0,1.0,False,4,6,5,5,1.864897512124684,1.5689905768574557,1.6026411589153242,0.03365058205786853,0.016967633434926545,2.037677401286632,2.3565058418107934,2.0632690748342464,2.406923809122425,490.0,64.0,390.0,78.0,-1,0,False,True,
0.55,0.7,0.8,0.8,0.1,0.1,0.01,0.1,10,10.0,1.0,False,4,6,6,4,1.864897512124684,1.37907767336606,1.495183582044379,0.11610590867831916,0.05977111370341538,2.037677401286632,1.948903765398115,2.0669702043058558,2.1578227266301155,490.0,32.0,323.0,49.0,-1,1,True,True,
0.55,0.7,0.8,0.8,0.1,0.1,0.02,0.01,10,10.0,1.0,False,4,6,4,6,1.864897512124684,1.7316848285940587,1.7316848285940587,0.0,0.0,1.9858793195918247,2.845170599286769,1.9858793195918247,2.845170599286769,245.0,323.0,245.0,323.0,-1,-1,False,True,
0.55,0.7,0.8,0.8,0.1,0.1,0.02,0.02,10,10.0,1.0,False,4,6,4,6,1.864897512124684,1.6782634399825946,1.6782634399825946,0.0,0.0,1.9858793195918247,2.6971661338744872,1.9858793195918247,2.6971661338744872,245.0,161.0,245.0,161.0,-1,-1,False,True,
0.55,0.7,0.8,0.8,0.1,0.1,0.02,0.05,10,10.0,1.0,False,4,6,5,5,1.864897512124684,1.5432417446122955,1.5688260246894814,0.02558428007718594,0.012874309462414024,1.9858793195918247,2.3565058418107934,1.9946658054907853,2.406923809122425,245.0,64.0,195.0,78.0,-1,0,False,True,
0.55,0.7,0.8,0.8,0.1,0.1,0.02,0.1,10,10.0,1.0,False,4,6,6,4,1.864897512124684,1.3533288411208995,1.4532024856098866,0.09987364448898717,0.051204681525718915,1.9858793195918247,1.948903765398115,1.981992732627951,2.1578227266301155,245.0,32.0,161.0,49.0,-1,1,True,True,
0.55,0.7,0.8,0.8,0.1,0.1,0.05,0.01,10,10.0,1.0,False,4,6,3,7,1.864897512124684,1.6670823581297216,1.6710921801333924,0.004009822003670838,0.0020069221797510426,1.8616428075064262,2.845170599286769,1.8512851948836204,2.8725843135865583,98.0,323.0,131.0,275.0,-1,-1,False,True,
0.55,0.7,0.8,0.8,0.1,0.1,0.05,0.02,10,10.0,1.0,False,4,6,4,6,1.864897512124684,1.6136609695182575,1.6136609695182575,0.0,0.0,1.8616428075064262,2.6971661338744872,1.8616428075064262,2.6971661338744872,98.0,161.0,98.0,161.0,-1,-1,False,True,
0.55,0.7,0.8,0.8,0.1,0.1,0.05,0.05,10,10.0,1.0,False,4,6,4,5,1.864897512124684,1.4786392741479581,1.4860382847045948,0.007399010556636609,0.0037063568945618136,1.8616428075064262,2.3565058418107934,1.8518549247980773,2.3865540033529427,98.0,64.0,93.0,74.0,-1,-1,False,True,
0.55,0.7,0.8,0.8,0.1,0.1,0.05,0.1,10,10.0,1.0,False,4,6,4,4,1.864897512124684,1.2887263706565624,1.3573413437875232,0.06861497313096088,0.03490277650949945,1.8616428075064262,1.948903765398115,1.8411458919454342,2.110559754173862,98.0,32.0,88.0,44.0,-1,0,False,True,
0.55,0.7,0.8,0.8,0.1,0.1,0.1,0.01,10,10.0,1.0,False,4,6,3,7,1.864897512124684,1.576691088119369,1.6073611400208916,0.03067005190152261,0.015453210811041757,1.7007478357900756,2.845170599286769,1.7369818839896627,2.8725843135865583,49.0,323.0,65.0,275.0,-1,-1,False,True,
0.55,0.7,0.8,0.8,0.1,0.1,0.1,0.02,10,10.0,1.0,False,4,6,3,7,1.864897512124684,1.523269699507905,1.5414343912601252,0.01816469175222024,0.009123715529065567,1.7007478357900756,2.6971661338744872,1.7369818839896627,2.689311824437254,49.0,161.0,65.0,137.0,-1,-1,False,True,
0.55,0.7,0.8,0.8,0.1,0.1,0.1,0.05,10,10.0,1.0,False,4,6,3,5,1.864897512124684,1.3882480041376057,1.3986137861166168,0.010365781979011057,0.005196345403220445,1.7007478357900756,2.3565058418107934,1.7127890546310498,2.36432062419796,49.0,64.0,58.0,70.0,-1,-1,False,True,
0.55,0.7,0.8,0.8,0.1,0.1,0.1,0.1,10,10.0,1.0,False,4,6,3,4,1.864897512124684,1.1983351006462097,1.2625317157870104,0.06419661514080066,0.03261901458194422,1.7007478357900756,1.948903765398115,1.7008945294403999,2.077940812443172,49.0,32.0,55.0,41.0,-1,-1,False,True,
0.55,0.75,0.8,0.8,0.1,0.1,0.01,0.01,10,10.0,1.0,False,4,6,4,6,1.9898884053140302,1.8789695680507625,1.8789695680507625,0.0,0.0,2.037677401286632,3.2128517474336955,2.037677401286632,3.2128517474336955,490.0,323.0,490.0,323.0,-1,-1,False,True,
0.55,0.75,0.8,0.8,0.1,0.1,0.01,0.02,10,10.0,1.0,False,4,6,4,6,1.9898884053140302,1.8229209911582767,1.8229209911582767,0.0,0.0,2.037677401286632,3.0377294979690377,2.037677401286632,3.0377294979690377,490.0,161.0,490.0,161.0,-1,-1,False,True,
0.55,0.75,0.8,0.8,0.1,0.1,0.01,0.05,10,10.0,1.0,False,4,6,5,5,1.9898884053140302,1.6809034478194131,1.7074119970650181,0.026508549245604973,0.013342501885896826,2.037677401286632,2.6355524470969764,2.0632690748342464,2.6727832429704486,490.0,64.0,390.0,78.0,-1,0,False,True,
0.55,0.75,0.8,0.8,0.1,0.1,0.01,0.1,10,10.0,1.0,False,4,6,6,4,1.9898884053140302,1.4800593929595705,1.585900861756727,0.1058414687971565,0.05434606843180056,2.037677401286632,2.1559873000202487,2.0669702043058558,2.362728265669129,490.0,32.0,323.0,49.0,-1,1,True,True,
0.55,0.75,0.8,0.8,0.1,0.1,0.02,0.01,10,10.0,1.0,False,4,6,4,6,1.9898884053140302,1.853220735805602,1.853220735805602,0.0,0.0,1.9858793195918247,3.2128517474336955,1.9858793195918247,3.2128517474336955,245.0,323.0,245.0,323.0,-1,-1,False,True,
0.55,0.75,0.8,0.8,0.1,0.1,0.02,0.02,10,10.0,1.0,False,4,6,4,6,1.9898884053140302,1.7971721589131167,1.7971721589131167,0.0,0.0,1.9858793195918247,3.0377294979690377,1.9858793195918247,3.0377294979690377,245.0,161.0,245.0,161.0,-1,-1,False,True,
0.55,0.75,0.8,0.8,0.1,0.1,0.02,0.05,10,10.0,1.0,False,4,6,5,5,1.9898884053140302,1.655154615574253,1.673596862839175,0.018442247264922162,0.009263769172127633,1.9858793195918247,2.6355524470969764,1.9946658054907853,2.6727832429704486,245.0,64.0,195.0,78.0,-1,0,False,True,
0.55,0.75,0.8,0.8,0.1,0.1,0.02,0.1,10,10.0,1.0,False,4,6,6,4,1.9898884053140302,1.4543105607144104,1.5439197653222345,0.08960920460782407,0.04582348844235404,1.9858793195918247,2.1559873000202487,1.981992732627951,2.362728265669129,245.0,32.0,161.0,49.0,-1,1,True,True,
0.55,0.75,0.8,0.8,0.1,0.1,0.05,0.01,10,10.0,1.0,False,4,6,3,7,1.9898884053140302,1.788618265341265,1.8016419707829754,0.013023705441710387,0.006533100930482451,1.8616428075064262,3.2128517474336955,1.8512851948836204,3.2731796187532853,98.0,323.0,131.0,275.0,-1,-1,False,True,
0.55,0.75,0.8,0.8,0.1,0.1,0.05,0.02,10,10.0,1.0,False,4,6,4,6,1.9898884053140302,1.7325696884487791,1.7325696884487791,0.0,0.0,1.8616428075064262,3.0377294979690377,1.8616428075064262,3.0377294979690377,98.0,161.0,98.0,161.0,-1,-1,False,True,
0.55,0.75,0.8,0.8,0.1,0.1,0.05,0.05,10,10.0,1.0,False,4,6,4,6,1.9898884053140302,1.5905521451099156,1.5905521451099156,0.0,0.0,1.8616428075064262,2.6355524470969764,1.8616428075064262,2.6355524470969764,98.0,64.0,98.0,64.0,-1,-1,False,True,
0.55,0.75,0.8,0.8,0.1,0.1,0.05,0.1,10,10.0,1.0,False,4,6,4,4,1.9898884053140302,1.389708090250073,1.4475682141382293,0.05786012388815642,0.02935260103784502,1.8616428075064262,2.1559873000202487,1.8411458919454342,2.30984418296057,98.0,32.0,88.0,44.0,-1,0,False,True,
0.55,0.75,0.8,0.8,0.1,0.1,0.1,0.01,10,10.0,1.0,False,4,6,3,7,1.9898884053140302,1.6982269953309124,1.7379109306704745,0.03968393533956216,0.020040127970392892,1.7007478357900756,3.2128517474336955,1.7369818839896627,3.2731796187532853,49.0,323.0,65.0,275.0,-1,-1,False,True,
0.55,0.75,0.8,0.8,0.1,0.1,0.1,0.02,10,10.0,1.0,False,4,6,3,7,1.9898884053140302,1.6421784184384267,1.6676810786733791,0.0255026602349524,0.012832974985177777,1.7007478357900756,3.0377294979690377,1.7369818839896627,3.0511910450061093,49.0,161.0,65.0,137.0,-1,-1,False,True,
0.55,0.75,0.8,0.8,0.1,0.1,0.1,0.05,10,10.0,1.0,False,4,6,3,6,1.9898884053140302,1.5001608750995632,1.5049647663801464,0.004803891280583228,0.0024048326227166144,1.7007478357900756,2.6355524470969764,1.7271645837228629,2.6077392843125407,49.0,64.0,62.0,61.0,-1,-1,False,True,
0.55,0.75,0.8,0.8,0.1,0.1,0.1,0.1,10,10.0,1.0,False,4,6,3,4,1.9898884053140302,1.2993168202397205,1.352405838842111,0.05308901860239046,0.02689995284381136,1.7007478357900756,2.1559873000202487,1.7008945294403999,2.2733432205261996,49.0,32.0,55.0,41.0,-1,-1,False,True,
0.55,0.8,0.8,0.8,0.1,0.1,0.01,0.01,10,10.0,1.0,False,3,7,4,6,2.1283293085145445,2.0057195057812782,2.008416726175678,0.0026972203943995687,0.0013495199808669898,1.97076293260724,3.770843673764667,2.037677401286632,3.6568645346110387,656.0,275.0,490.0,323.0,-1,-1,False,True,
0.55,0.8,0.8,0.8,0.1,0.1,0.01,0.02,10,10.0,1.0,False,3,7,4,6,2.1283293085145445,1.9328057209214737,1.9510952304432339,0.018289509521760117,0.0091866957799898,1.97076293260724,3.505681638834538,2.037677401286632,3.4531422029119385,656.0,137.0,490.0,161.0,-1,-1,False,True,
0.55,0.8,0.8,0.8,0.1,0.1,0.01,0.05,10,10.0,1.0,False,3,7,5,5,2.1283293085145445,1.7501046889193663,1.8207975540403076,0.0706928651209413,0.03597854333941198,1.97076293260724,2.9202929766204906,2.0632690748342464,2.993687483287125,656.0,55.0,390.0,78.0,-1,0,False,True,
0.55,0.8,0.8,0.8,0.1,0.1,0.01,0.1,10,10.0,1.0,False,3,7,6,4,2.1283293085145445,1.4763290960139002,1.683988881534845,0.20765978552094477,0.10941171989826977,1.97076293260724,2.22089074700722,2.0669702043058558,2.6062307381127434,656.0,27.0,323.0,49.0,-1,1,True,True,
0.55,0.8,0.8,0.8,0.1,0.1,0.02,0.01,10,10.0,1.0,False,3,7,3,7,2.1283293085145445,1.9879634807892017,1.9879634807892017,0.0,0.0,1.9360788536599576,3.770843673764667,1.9360788536599576,3.770843673764667,328.0,275.0,328.0,275.0,-1,-1,False,True,
0.55,0.8,0.8,0.8,0.1,0.1,0.02,0.02,10,10.0,1.0,False,3,7,4,6,2.1283293085145445,1.9150496959293974,1.9253463981980734,0.010296702268675961,0.005161626666628788,1.9360788536599576,3.505681638834538,1.9858793195918247,3.4531422029119385,328.0,137.0,245.0,161.0,-1,-1,False,True,
0.55,0.8,0.8,0.8,0.1,0.1,0.02,0.05,10,10.0,1.0,False,3,7,5,5,2.1283293085145445,1.7323486639272898,1.7869824198144646,0.054633755887174784,0.02769340454542401,1.9360788536599576,2.9202929766204906,1.9946658054907853,2.993687483287125,328.0,55.0,195.0,78.0,-1,0,False,True,
0.55,0.8,0.8,0.8,0.1,0.1,0.02,0.1,10,10.0,1.0,False,3,7,6,4,2.1283293085145445,1.4585730710218239,1.6420077851003523,0.1834347140785284,0.09605498607000386,1.9360788536599576,2.22089074700722,1.981992732627951,2.6062307381127434,328.0,27.0,161.0,49.0,-1,1,True,True,
0.55,0.8,0.8,0.8,0.1,0.1,0.05,0.01,10,10.0,1.0,False,3,7,3,7,2.1283293085145445,1.9431788604030311,1.9431788604030311,0.0,0.0,1.8512851948836204,3.770843673764667,1.8512851948836204,3.770843673764667,131.0,275.0,131.0,275.0,-1,-1,False,True,
0.55,0.8,0.8,0.8,0.1,0.1,0.05,0.02,10,10.0,1.0,False,3,7,3,7,2.1283293085145445,1.870265075543227,1.870265075543227,0.0,0.0,1.8512851948836204,3.505681638834538,1.8512851948836204,3.505681638834538,131.0,137.0,131.0,137.0,-1,-1,False,True,
0.55,0.8,0.8,0.8,0.1,0.1,0.05,0.05,10,10.0,1.0,False,3,7,4,6,2.1283293085145445,1.6875640435411192,1.7151493096370536,0.02758526609593437,0.01388819023414474,1.8512851948836204,2.9202929766204906,1.8616428075064262,2.9852693637567205,131.0,55.0,98.0,64.0,-1,-1,False,True,
0.55,0.8,0.8,0.8,0.1,0.1,0.05,0.1,10,10.0,1.0,False,3,7,5,5,2.1283293085145445,1.4137884506356533,1.5492799885916924,0.13549153795603908,0.0700932230002575,1.8512851948836204,2.22089074700722,1.832833847922273,2.5687429859532767,131.0,27.0,78.0,39.0,-1,0,False,True,
0.55,0.8,0.8,0.8,0.1,0.1,0.1,0.01,10,10.0,1.0,False,3,7,3,7,2.1283293085145445,1.8794478202905303,1.8794478202905303,0.0,0.0,1.7369818839896627,3.770843673764667,1.7369818839896627,3.770843673764667,65.0,275.0,65.0,275.0,-1,-1,False,True,
0.55,0.8,0.8,0.8,0.1,0.1,0.1,0.02,10,10.0,1.0,False,3,7,3,7,2.1283293085145445,1.806534035430726,1.806534035430726,0.0,0.0,1.7369818839896627,3.505681638834538,1.7369818839896627,3.505681638834538,65.0,137.0,65.0,137.0,-1,-1,False,True,
0.55,0.8,0.8,0.8,0.1,0.1,0.1,0.05,10,10.0,1.0,False,3,7,3,6,2.1283293085145445,1.6238330034286184,1.6292729562445363,0.0054399528159179145,0.0027236788999247885,1.7369818839896627,2.9202929766204906,1.7271645837228629,2.9529121746516283,65.0,55.0,62.0,61.0,-1,-1,False,True,
0.55,0.8,0.8,0.8,0.1,0.1,0.1,0.1,10,10.0,1.0,False,3,7,3,4,2.1283293085145445,1.3500574105231524,1.4505324350776032,0.10047502455445079,0.05152081582264883,1.7369818839896627,2.22089074700722,1.7008945294403999,2.5077304191554597,65.0,27.0,55.0,41.0,-1,-1,False,True,
0.55,0.85,0.8,0.8,0.1,0.1,0.01,0.01,10,10.0,1.0,False,3,7,3,7,2.281532154442409,2.159231359681515,2.159231359681515,0.0,0.0,1.97076293260724,4.396508118722122,1.97076293260724,4.396508118722122,656.0,275.0,656.0,275.0,-1,-1,False,True,
0.55,0.85,0.8,0.8,0.1,0.1,0.01,0.02,10,10.0,1.0,False,3,7,4,6,2.281532154442409,2.086410056402509,2.0897376362057876,0.0033275798032783577,0.0016651747679932952,1.97076293260724,4.087727994706356,2.037677401286632,3.966670214048744,656.0,137.0,490.0,161.0,-1,-1,False,True,
0.55,0.85,0.8,0.8,0.1,0.1,0.01,0.05,10,10.0,1.0,False,3,7,4,6,2.281532154442409,1.9034317641238974,1.946002966060787,0.04257120193688957,0.021513755297914647,1.97076293260724,3.404203600007718,2.037677401286632,3.435602585949758,656.0,55.0,490.0,64.0,-1,-1,False,True,
0.55,0.85,0.8,0.8,0.1,0.1,0.01,0.1,10,10.0,1.0,False,3,7,5,5,2.281532154442409,1.6278413972113281,1.795023362662419,0.16718196545109087,0.08718412576816895,1.97076293260724,2.584212072614864,2.0632690748342464,2.917513487614054,656.0,27.0,390.0,39.0,-1,0,False,True,
0.55,0.85,0.8,0.8,0.1,0.1,0.02,0.01,10,10.0,1.0,False,3,7,3,7,2.281532154442409,2.1414753346894386,2.1414753346894386,0.0,0.0,1.9360788536599576,4.396508118722122,1.9360788536599576,4.396508118722122,328.0,275.0,328.0,275.0,-1,-1,False,True,
0.55,0.85,0.8,0.8,0.1,0.1,0.02,0.02,10,10.0,1.0,False,3,7,3,7,2.281532154442409,2.068654031410433,2.068654031410433,0.0,0.0,1.9360788536599576,4.087727994706356,1.9360788536599576,4.087727994706356,328.0,137.0,328.0,137.0,-1,-1,False,True,
0.55,0.85,0.8,0.8,0.1,0.1,0.02,0.05,10,10.0,1.0,False,3,7,4,6,2.281532154442409,1.8856757391318208,1.9202541338156265,0.034578394683805636,0.017439520587413358,1.9360788536599576,3.404203600007718,1.9858793195918247,3.435602585949758,328.0,55.0,245.0,64.0,-1,-1,False,True,
0.55,0.85,0.8,0.8,0.1,0.1,0.02,0.1,10,10.0,1.0,False,3,7,5,5,2.281532154442409,1.6100853722192516,1.7612082284365762,0.15112285621732457,0.07848947525197716,1.9360788536599576,2.584212072614864,1.9946658054907853,2.917513487614054,328.0,27.0,195.0,39.0,-1,0,False,True,
0.55,0.85,0.8,0.8,0.1,0.1,0.05,0.01,10,10.0,1.0,False,3,7,3,7,2.281532154442409,2.096690714303268,2.096690714303268,0.0,0.0,1.8512851948836204,4.396508118722122,1.8512851948836204,4.396508118722122,131.0,275.0,131.0,275.0,-1,-1,False,True,
0.55,0.85,0.8,0.8,0.1,0.1,0.05,0.02,10,10.0,1.0,False,3,7,3,7,2.281532154442409,2.0238694110242625,2.0238694110242625,0.0,0.0,1.8512851948836204,4.087727994706356,1.8512851948836204,4.087727994706356,131.0,137.0,131.0,137.0,-1,-1,False,True,
0.55,0.85,0.8,0.8,0.1,0.1,0.05,0.05,10,10.0,1.0,False,3,7,4,6,2.281532154442409,1.8408911187456503,1.8556516633512894,0.014760544605639137,0.007407573634878849,1.8512851948836204,3.404203600007718,1.8616428075064262,3.435602585949758,131.0,55.0,98.0,64.0,-1,-1,False,True,
0.55,0.85,0.8,0.8,0.1,0.1,0.05,0.1,10,10.0,1.0,False,3,7,5,5,2.281532154442409,1.5653007518330813,1.6765950280339985,0.11129427620091725,0.057224563642781404,1.8512851948836204,2.584212072614864,1.832833847922273,2.917513487614054,131.0,27.0,78.0,39.0,-1,0,False,True,
0.55,0.85,0.8,0.8,0.1,0.1,0.1,0.01,10,10.0,1.0,False,3,7,2,8,2.281532154442409,2.032959674190767,2.0419963577578386,0.009036683567071435,0.00452856488112259,1.7369818839896627,4.396508118722122,1.6990920420484805,4.535350381828468,65.0,275.0,99.0,240.0,-1,-1,False,True,
0.55,0.85,0.8,0.8,0.1,0.1,0.1,0.02,10,10.0,1.0,False,3,7,3,7,2.281532154442409,1.9601383709117615,1.9601383709117615,0.0,0.0,1.7369818839896627,4.087727994706356,1.7369818839896627,4.087727994706356,65.0,137.0,65.0,137.0,-1,-1,False,True,
0.55,0.85,0.8,0.8,0.1,0.1,0.1,0.05,10,10.0,1.0,False,3,7,3,7,2.281532154442409,1.7771600786331494,1.7771600786331494,0.0,0.0,1.7369818839896627,3.404203600007718,1.7369818839896627,3.404203600007718,65.0,55.0,65.0,55.0,-1,-1,False,True,
0.55,0.85,0.8,0.8,0.1,0.1,0.1,0.1,10,10.0,1.0,False,3,7,3,5,2.281532154442409,1.5015697117205802,1.5770290035439523,0.07545929182337208,0.038450445600734136,1.7369818839896627,2.584212072614864,1.7127890546310498,2.826123361394936,65.0,27.0,58.0,35.0,-1,-1,False,True,
0.55,0.9,0.8,0.8,0.1,0.1,0.01,0.01,10,10.0,1.0,False,3,7,3,7,2.442186597639978,2.326390524733743,2.326390524733743,0.0,0.0,1.97076293260724,5.196419244284837,1.97076293260724,5.196419244284837,656.0,275.0,656.0,275.0,-1,-1,False,True,
0.55,0.9,0.8,0.8,0.1,0.1,0.01,0.02,10,10.0,1.0,False,3,7,3,7,2.442186597639978,2.258280600788059,2.258280600788059,0.0,0.0,1.97076293260724,4.854275473628954,1.97076293260724,4.854275473628954,656.0,137.0,656.0,137.0,-1,-1,False,True,
0.55,0.9,0.8,0.8,0.1,0.1,0.01,0.05,10,10.0,1.0,False,3,7,4,6,2.442186597639978,2.0868753355095353,2.107651642148431,0.020776306638895736,0.010442297507770145,1.97076293260724,4.089630371671306,2.037677401286632,4.038369460785317,656.0,55.0,490.0,64.0,-1,-1,False,True,
0.55,0.9,0.8,0.8,0.1,0.1,0.01,0.1,10,10.0,1.0,False,3,7,5,5,2.442186597639978,1.8286388046433073,1.9439073749407123,0.115268570297405,0.059327513056612886,1.97076293260724,3.158881664844729,2.0632690748342464,3.3858863567060546,656.0,27.0,390.0,39.0,-1,0,False,True,
0.55,0.9,0.8,0.8,0.1,0.1,0.02,0.01,10,10.0,1.0,False,3,7,3,7,2.442186597639978,2.308634499741667,2.308634499741667,0.0,0.0,1.9360788536599576,5.196419244284837,1.9360788536599576,5.196419244284837,328.0,275.0,328.0,275.0,-1,-1,False,True,
0.55,0.9,0.8,0.8,0.1,0.1,0.02,0.02,10,10.0,1.0,False,3,7,3,7,2.442186597639978,2.240524575795982,2.240524575795982,0.0,0.0,1.9360788536599576,4.854275473628954,1.9360788536599576,4.854275473628954,328.0,137.0,328.0,137.0,-1,-1,False,True,
0.55,0.9,0.8,0.8,0.1,0.1,0.02,0.05,10,10.0,1.0,False,3,7,4,6,2.442186597639978,2.0691193105174586,2.0819028099032706,0.012783499385812025,0.006412220516526794,1.9360788536599576,4.089630371671306,1.9858793195918247,4.038369460785317,328.0,55.0,245.0,64.0,-1,-1,False,True,
0.55,0.9,0.8,0.8,0.1,0.1,0.02,0.1,10,10.0,1.0,False,3,7,5,5,2.442186597639978,1.8108827796512308,1.9100922407148695,0.0992094610636387,0.050855643122248266,1.9360788536599576,3.158881664844729,1.9946658054907853,3.3858863567060546,328.0,27.0,195.0,39.0,-1,0,False,True,
0.55,0.9,0.8,0.8,0.1,0.1,0.05,0.01,10,10.0,1.0,False,3,7,2,8,2.442186597639978,2.2638498793554964,2.264106533983133,0.0002566546276367987,0.00012833554812036012,1.8512851948836204,5.196419244284837,1.7622106976763166,5.460484024012112,131.0,275.0,198.0,240.0,-1,-1,False,True,
0.55,0.9,0.8,0.8,0.1,0.1,0.05,0.02,10,10.0,1.0,False,3,7,3,7,2.442186597639978,2.195739955409812,2.195739955409812,0.0,0.0,1.8512851948836204,4.854275473628954,1.8512851948836204,4.854275473628954,131.0,137.0,131.0,137.0,-1,-1,False,True,
0.55,0.9,0.8,0.8,0.1,0.1,0.05,0.05,10,10.0,1.0,False,3,7,3,7,2.442186597639978,2.024334690131288,2.024334690131288,0.0,0.0,1.8512851948836204,4.089630371671306,1.8512851948836204,4.089630371671306,131.0,55.0,131.0,55.0,-1,-1,False,True,
0.55,0.9,0.8,0.8,0.1,0.1,0.05,0.1,10,10.0,1.0,False,3,7,4,6,2.442186597639978,1.7660981592650602,1.8270622870337512,0.06096412776869098,0.030951398619429315,1.8512851948836204,3.158881664844729,1.8616428075064262,3.3387716146112925,131.0,27.0,98.0,32.0,-1,-1,False,True,
0.55,0.9,0.8,0.8,0.1,0.1,0.1,0.01,10,10.0,1.0,False,3,7,2,8,2.442186597639978,2.2001188392429953,2.227631450385271,0.027512611142275656,0.013851358903405159,1.7369818839896627,5.196419244284837,1.6990920420484805,5.460484024012112,65.0,275.0,99.0,240.0,-1,-1,False,True,
0.55,0.9,0.8,0.8,0.1,0.1,0.1,0.02,10,10.0,1.0,False,3,7,2,8,2.442186597639978,2.1320089152973107,2.1427371775733492,0.010728262276038514,0.005378543848484683,1.7369818839896627,4.854275473628954,1.6990920420484805,5.016051959867676,65.0,137.0,99.0,120.0,-1,-1,False,True,
0.55,0.9,0.8,0.8,0.1,0.1,0.1,0.05,10,10.0,1.0,False,3,7,3,7,2.442186597639978,1.9606036500187873,1.9606036500187873,0.0,0.0,1.7369818839896627,4.089630371671306,1.7369818839896627,4.089630371671306,65.0,55.0,65.0,55.0,-1,-1,False,True,
0.55,0.9,0.8,0.8,0.1,0.1,0.1,0.1,10,10.0,1.0,False,3,7,4,6,2.442186597639978,1.7023671191525593,1.7366710170233985,0.034303897870839206,0.01729988821689905,1.7369818839896627,3.158881664844729,1.7007478357900756,3.3387716146112925,65.0,27.0,49.0,32.0,-1,-1,False,True,
0.55,0.95,0.8,0.8,0.1,0.1,0.01,0.01,10,10.0,1.0,False,2,8,3,7,2.6173417707671476,2.5099470090008866,2.5108541000948237,0.0009070910939370513,0.0004536484143011989,1.8269679773465926,6.734807714100592,1.97076293260724,6.249074400628283,990.0,240.0,656.0,275.0,-1,-1,False,True,
0.55,0.95,0.8,0.8,0.1,0.1,0.01,0.02,10,10.0,1.0,False,2,8,3,7,2.6173417707671476,2.4408103123294045,2.455520906282925,0.01471059395352059,0.007382413616443876,1.8269679773465926,6.284916538872575,1.97076293260724,5.912685710116605,990.0,120.0,656.0,137.0,-1,-1,False,True,
0.55,0.95,0.8,0.8,0.1,0.1,0.01,0.05,10,10.0,1.0,False,2,8,3,7,2.6173417707671476,2.25879756149004,2.3163002212398593,0.05750265974981916,0.029168639157990856,1.8269679773465926,5.2390480485192175,1.97076293260724,5.144249444221367,990.0,47.0,656.0,55.0,-1,-1,False,True,
0.55,0.95,0.8,0.8,0.1,0.1,0.01,0.1,10,10.0,1.0,False,2,8,4,6,2.6173417707671476,1.9857166628114662,2.1464242943582557,0.16070763154678946,0.08367041954058571,1.8269679773465926,3.987079121289875,2.037677401286632,4.198022847681387,990.0,23.0,490.0,32.0,-1,-1,False,True,
0.55,0.95,0.8,0.8,0.1,0.1,0.02,0.01,10,10.0,1.0,False,2,8,2,8,2.6173417707671476,2.4997068329836165,2.4997068329836165,0.0,0.0,1.808354966582144,6.734807714100592,1.808354966582144,6.734807714100592,495.0,240.0,495.0,240.0,-1,-1,False,True,
0.55,0.95,0.8,0.8,0.1,0.1,0.02,0.02,10,10.0,1.0,False,2,8,3,7,2.6173417707671476,2.4305701363121344,2.437764881290849,0.007194744978714418,0.0036038507997399705,1.808354966582144,6.284916538872575,1.9360788536599576,5.912685710116605,495.0,120.0,328.0,137.0,-1,-1,False,True,
0.55,0.95,0.8,0.8,0.1,0.1,0.02,0.05,10,10.0,1.0,False,2,8,3,7,2.6173417707671476,2.24855738547277,2.298544196247783,0.04998681077501299,0.025308358990820123,1.808354966582144,5.2390480485192175,1.9360788536599576,5.144249444221367,495.0,47.0,328.0,55.0,-1,-1,False,True,
0.55,0.95,0.8,0.8,0.1,0.1,0.02,0.1,10,10.0,1.0,False,2,8,4,6,2.6173417707671476,1.975476486794196,2.120675462113095,0.14519897531889914,0.07529977982708504,1.808354966582144,3.987079121289875,1.9858793195918247,4.198022847681387,495.0,23.0,245.0,32.0,-1,-1,False,True,
0.55,0.95,0.8,0.8,0.1,0.1,0.05,0.01,10,10.0,1.0,False,2,8,2,8,2.6173417707671476,2.47385835827881,2.47385835827881,0.0,0.0,1.7622106976763166,6.734807714100592,1.7622106976763166,6.734807714100592,198.0,240.0,198.0,240.0,-1,-1,False,True,
0.55,0.95,0.8,0.8,0.1,0.1,0.05,0.02,10,10.0,1.0,False,2,8,2,8,2.6173417707671476,2.404721661607328,2.404721661607328,0.0,0.0,1.7622106976763166,6.284916538872575,1.7622106976763166,6.284916538872575,198.0,120.0,198.0,120.0,-1,-1,False,True,
0.55,0.95,0.8,0.8,0.1,0.1,0.05,0.05,10,10.0,1.0,False,2,8,3,7,2.6173417707671476,2.222708910767963,2.2537595758616122,0.031050665093649066,0.015646476644350833,1.7622106976763166,5.2390480485192175,1.8512851948836204,5.144249444221367,198.0,47.0,131.0,55.0,-1,-1,False,True,
0.55,0.95,0.8,0.8,0.1,0.1,0.05,0.1,10,10.0,1.0,False,2,8,4,6,2.6173417707671476,1.9496280120893896,2.056072991648758,0.10644497955936849,0.05466427103875774,1.7622106976763166,3.987079121289875,1.8616428075064262,4.198022847681387,198.0,23.0,98.0,32.0,-1,-1,False,True,
0.55,0.95,0.8,0.8,0.1,0.1,0.1,0.01,10,10.0,1.0,False,2,8,2,8,2.6173417707671476,2.437383274680948,2.437383274680948,0.0,0.0,1.6990920420484805,6.734807714100592,1.6990920420484805,6.734807714100592,99.0,240.0,99.0,240.0,-1,-1,False,True,
0.55,0.95,0.8,0.8,0.1,0.1,0.1,0.02,10,10.0,1.0,False,2,8,2,8,2.6173417707671476,2.3682465780094657,2.3682465780094657,0.0,0.0,1.6990920420484805,6.284916538872575,1.6990920420484805,6.284916538872575,99.0,120.0,99.0,120.0,-1,-1,False,True,
0.55,0.95,0.8,0.8,0.1,0.1,0.1,0.05,10,10.0,1.0,False,2,8,3,7,2.6173417707671476,2.186233827170101,2.1900285357491116,0.0037947085790106527,0.0018991554050932754,1.6990920420484805,5.2390480485192175,1.7369818839896627,5.144249444221367,99.0,47.0,65.0,55.0,-1,-1,False,True,
0.55,0.95,0.8,0.8,0.1,0.1,0.1,0.1,10,10.0,1.0,False,2,8,3,7,2.6173417707671476,1.9131529284915274,1.981633435831602,0.06848050734007449,0.03483319933829607,1.6990920420484805,3.987079121289875,1.7369818839896627,4.176545118535746,99.0,23.0,65.0,27.0,-1,-1,False,True,
0.6,0.5,0.8,0.8,0.1,0.1,0.01,0.01,10,10.0,1.0,False,6,4,6,4,1.5492963239382853,1.4541154066838318,1.4541154066838318,0.0,0.0,2.282596126293539,1.8753624728775729,2.282596126293539,1.8753624728775729,323.0,490.0,323.0,490.0,1,1,False,True,
0.6,0.5,0.8,0.8,0.1,0.1,0.01,0.02,10,10.0,1.0,False,6,4,6,4,1.5492963239382853,1.4301854641131695,1.4301854641131695,0.0,0.0,2.282596126293539,1.831017854797355,2.282596126293539,1.831017854797355,323.0,245.0,323.0,245.0,1,1,False,True,
0.6,0.5,0.8,0.8,0.1,0.1,0.01,0.05,10,10.0,1.0,False,6,4,7,3,1.5492963239382853,1.3701953096528317,1.3707680432643126,0.0005727336114809134,0.00028640781262841543,2.282596126293539,1.7244046536184965,2.2800604745072786,1.7273113674434641,323.0,98.0,275.0,131.0,1,1,False,True,
0.6,0.5,0.8,0.8,0.1,0.1,0.01,0.1,10,10.0,1.0,False,6,4,7,3,1.5492963239382853,1.2864015687938979,1.3105209408188927,0.024119372024994812,0.012132697228108485,2.282596126293539,1.5857985884176204,2.2800604745072786,1.6263186673401444,323.0,49.0,275.0,65.0,1,1,False,True,
0.6,0.5,0.8,0.8,0.1,0.1,0.02,0.01,10,10.0,1.0,False,6,4,5,5,1.5492963239382853,1.4080480004939404,1.4172250686928711,0.009177068198930716,0.0045990775422036145,2.17982814448223,1.8753624728775729,2.1859631616618915,1.8873401900233948,161.0,490.0,195.0,390.0,1,0,False,True,
0.6,0.5,0.8,0.8,0.1,0.1,0.02,0.02,10,10.0,1.0,False,6,4,5,5,1.5492963239382853,1.3841180579232781,1.386295961613901,0.0021779036906228733,0.001089544968646852,2.17982814448223,1.831017854797355,2.1859631616618915,1.8298599318298372,161.0,245.0,195.0,195.0,1,0,False,True,
0.6,0.5,0.8,0.8,0.1,0.1,0.02,0.05,10,10.0,1.0,False,6,4,6,4,1.5492963239382853,1.3241279034629403,1.3241279034629403,0.0,0.0,2.17982814448223,1.7244046536184965,2.17982814448223,1.7244046536184965,161.0,98.0,161.0,98.0,1,1,False,True,
0.6,0.5,0.8,0.8,0.1,0.1,0.02,0.1,10,10.0,1.0,False,6,4,6,3,1.5492963239382853,1.2403341626040068,1.2557462458834265,0.015412083279419786,0.0077358095938226635,2.17982814448223,1.5857985884176204,2.1701174097258202,1.6176346245262945,161.0,49.0,153.0,62.0,1,1,False,True,
0.6,0.5,0.8,0.8,0.1,0.1,0.05,0.01,10,10.0,1.0,False,6,4,4,6,1.5492963239382853,1.2921408764343845,1.3356138132229896,0.04347293678860509,0.021974426418241384,1.9412632419848266,1.8753624728775729,2.0175221461307475,1.8846529925201025,64.0,490.0,98.0,323.0,1,-1,True,True,
0.6,0.5,0.8,0.8,0.1,0.1,0.05,0.02,10,10.0,1.0,False,6,4,4,6,1.5492963239382853,1.2682109338637222,1.2977183317558934,0.02950739789217116,0.014863071986049711,1.9412632419848266,1.831017854797355,2.0175221461307475,1.814569471216466,64.0,245.0,98.0,161.0,1,-1,True,True,
0.6,0.5,0.8,0.8,0.1,0.1,0.05,0.05,10,10.0,1.0,False,6,4,4,4,1.5492963239382853,1.2082207794033843,1.2246786357878288,0.016457856384444414,0.008262878883857534,1.9412632419848266,1.7244046536184965,1.9938543415263217,1.7067807866035742,64.0,98.0,88.0,88.0,1,0,False,True,
0.6,0.5,0.8,0.8,0.1,0.1,0.05,0.1,10,10.0,1.0,False,6,4,4,3,1.5492963239382853,1.1244270385444508,1.1497211378671874,0.02529409932273663,0.012727361807376098,1.9412632419848266,1.5857985884176204,1.980264397748369,1.5943892823880983,64.0,49.0,83.0,55.0,1,1,False,True,
0.6,0.5,0.8,0.8,0.1,0.1,0.1,0.01,10,10.0,1.0,False,6,4,3,7,1.5492963239382853,1.1308190663036704,1.2489571529132875,0.11813808660961711,0.06084848269684308,1.6520502737651044,1.8753624728775729,1.8593908171420621,1.8751867163155262,32.0,490.0,65.0,275.0,1,-1,True,True,
0.6,0.5,0.8,0.8,0.1,0.1,0.1,0.02,10,10.0,1.0,False,6,4,3,6,1.5492963239382853,1.106889123733008,1.2064910741363626,0.09960195040335451,0.0510618881775856,1.6520502737651044,1.831017854797355,1.8483853252195346,1.8079228929103834,32.0,245.0,62.0,153.0,1,-1,True,True,
0.6,0.5,0.8,0.8,0.1,0.1,0.1,0.05,10,10.0,1.0,False,6,4,3,4,1.5492963239382853,1.0468989692726702,1.1269129907600934,0.0800140214874232,0.04081807107555662,1.6520502737651044,1.7244046536184965,1.8189426810266514,1.6966531970218361,32.0,98.0,55.0,83.0,1,-1,True,True,
0.6,0.5,0.8,0.8,0.1,0.1,0.1,0.1,10,10.0,1.0,False,6,4,3,3,1.5492963239382853,0.9631052284137365,1.0494584340968984,0.08635320568316196,0.04412227352969739,1.6520502737651044,1.5857985884176204,1.8043728004906345,1.5828790646078439,32.0,49.0,52.0,52.0,1,0,False,True,
0.6,0.55,0.8,0.8,0.1,0.1,0.01,0.01,10,10.0,1.0,False,5,5,5,5,1.638947983546555,1.5429248384791991,1.5429248384791991,0.0,0.0,2.26739860189272,2.0632690748342464,2.26739860189272,2.0632690748342464,390.0,390.0,390.0,390.0,0,0,False,True,
0.6,0.55,0.8,0.8,0.1,0.1,0.01,0.02,10,10.0,1.0,False,5,5,6,4,1.638947983546555,1.509109704253356,1.5113752452907536,0.0022655410373975116,0.0011334123455474044,2.26739860189272,1.9946658054907853,2.282596126293539,1.9858793195918247,390.0,195.0,323.0,245.0,0,1,False,True,
0.6,0.55,0.8,0.8,0.1,0.1,0.01,0.05,10,10.0,1.0,False,5,5,6,4,1.638947983546555,1.4244965038507786,1.4467727748264165,0.02227627097563789,0.011200395457506814,2.26739860189272,1.832833847922273,2.282596126293539,1.8616428075064262,390.0,78.0,323.0,98.0,0,1,False,True,
0.6,0.55,0.8,0.8,0.1,0.1,0.01,0.1,10,10.0,1.0,False,5,5,7,3,1.638947983546555,1.3064528539481577,1.376351024243819,0.06989817029566137,0.03556698171755328,2.26739860189272,1.628761108931513,2.2800604745072786,1.7369818839896627,390.0,39.0,275.0,65.0,0,1,False,True,
0.6,0.55,0.8,0.8,0.1,0.1,0.02,0.01,10,10.0,1.0,False,5,5,5,5,1.638947983546555,1.5063481921641717,1.5063481921641717,0.0,0.0,2.1859631616618915,2.0632690748342464,2.1859631616618915,2.0632690748342464,195.0,390.0,195.0,390.0,0,0,False,True,
0.6,0.55,0.8,0.8,0.1,0.1,0.02,0.02,10,10.0,1.0,False,5,5,5,5,1.638947983546555,1.4725330579383287,1.4725330579383287,0.0,0.0,2.1859631616618915,1.9946658054907853,2.1859631616618915,1.9946658054907853,195.0,195.0,195.0,195.0,0,0,False,True,
0.6,0.55,0.8,0.8,0.1,0.1,0.02,0.05,10,10.0,1.0,False,5,5,6,4,1.638947983546555,1.3879198575357514,1.4007053686365252,0.01278551110077375,0.006413232824296751,2.1859631616618915,1.832833847922273,2.17982814448223,1.8616428075064262,195.0,78.0,161.0,98.0,0,1,False,True,
0.6,0.55,0.8,0.8,0.1,0.1,0.02,0.1,10,10.0,1.0,False,5,5,6,3,1.638947983546555,1.2698762076331302,1.3212623669375443,0.051386159304414036,0.0260259918883472,2.1859631616618915,1.628761108931513,2.1701174097258202,1.7271645837228629,195.0,39.0,153.0,62.0,0,1,False,True,
0.6,0.55,0.8,0.8,0.1,0.1,0.05,0.01,10,10.0,1.0,False,5,5,4,6,1.638947983546555,1.4147032816401053,1.4279539637675653,0.013250682127460056,0.006647337186274792,1.9945363696126912,2.0632690748342464,2.0175221461307475,2.0669702043058558,78.0,390.0,98.0,323.0,0,-1,False,True,
0.6,0.55,0.8,0.8,0.1,0.1,0.05,0.02,10,10.0,1.0,False,5,5,4,6,1.638947983546555,1.3808881474142622,1.385972867333073,0.005084719918810654,0.002545594497025724,1.9945363696126912,1.9946658054907853,2.0175221461307475,1.981992732627951,78.0,195.0,98.0,161.0,0,-1,False,True,
0.6,0.55,0.8,0.8,0.1,0.1,0.05,0.05,10,10.0,1.0,False,5,5,4,4,1.638947983546555,1.296274947011685,1.3004577656329221,0.00418281862123715,0.0020935978325032525,1.9945363696126912,1.832833847922273,1.9938543415263217,1.8411458919454342,78.0,78.0,88.0,88.0,0,0,False,True,
0.6,0.55,0.8,0.8,0.1,0.1,0.05,0.1,10,10.0,1.0,False,5,5,4,3,1.638947983546555,1.1782312971090638,1.2143846764671264,0.03615337935806262,0.018241061975795652,1.9945363696126912,1.628761108931513,1.980264397748369,1.7008945294403999,78.0,39.0,83.0,55.0,0,1,False,True,
0.6,0.55,0.8,0.8,0.1,0.1,0.1,0.01,10,10.0,1.0,False,5,5,3,7,1.638947983546555,1.286468752059533,1.3426278323560021,0.0561590802964691,0.02847748641983611,1.7544880370313614,2.0632690748342464,1.8593908171420621,2.059326352439506,39.0,390.0,65.0,275.0,0,-1,False,True,
0.6,0.55,0.8,0.8,0.1,0.1,0.1,0.02,10,10.0,1.0,False,5,5,3,6,1.638947983546555,1.25265361783369,1.294348464509976,0.04169484667628609,0.02106624887211027,1.7544880370313614,1.9946658054907853,1.8483853252195346,1.973948800426509,39.0,195.0,62.0,153.0,0,-1,False,True,
0.6,0.55,0.8,0.8,0.1,0.1,0.1,0.05,10,10.0,1.0,False,5,5,3,4,1.638947983546555,1.1680404174311128,1.2022283716919668,0.03418795426085408,0.017240915215562567,1.7544880370313614,1.832833847922273,1.8189426810266514,1.8293724488354122,39.0,78.0,55.0,83.0,0,-1,False,True,
0.6,0.55,0.8,0.8,0.1,0.1,0.1,0.1,10,10.0,1.0,False,5,5,3,3,1.638947983546555,1.0499967675284916,1.1136930609984934,0.06369629347000183,0.03236072605479092,1.7544880370313614,1.628761108931513,1.8043728004906345,1.687891317191734,39.0,39.0,52.0,52.0,0,0,False,True,
0.6,0.6,0.8,0.8,0.1,0.1,0.01,0.01,10,10.0,1.0,False,5,5,5,5,1.737022513572802,1.6372663679772563,1.6372663679772563,0.0,0.0,2.26739860189272,2.26739860189272,2.26739860189272,2.26739860189272,390.0,390.0,390.0,390.0,0,0,False,True,
0.6,0.6,0.8,0.8,0.1,0.1,0.01,0.02,10,10.0,1.0,False,5,5,5,5,1.737022513572802,1.6006897216622291,1.6006897216622291,0.0,0.0,2.26739860189272,2.1859631616618915,2.26739860189272,2.1859631616618915,390.0,195.0,390.0,195.0,0,0,False,True,
0.6,0.6,0.8,0.8,0.1,0.1,0.01,0.05,10,10.0,1.0,False,5,5,6,4,1.737022513572802,1.5090448111381627,1.5271835451953026,0.01813873405713995,0.00911061835120589,2.26739860189272,1.9945363696126912,2.282596126293539,2.0175221461307475,390.0,78.0,323.0,98.0,0,1,False,True,
0.6,0.6,0.8,0.8,0.1,0.1,0.01,0.1,10,10.0,1.0,False,5,5,7,3,1.737022513572802,1.3808102815575904,1.4444508829352256,0.06364060137763516,0.03233197929057906,2.26739860189272,1.7544880370313614,2.2800604745072786,1.8593908171420621,390.0,39.0,275.0,65.0,0,1,False,True,
0.6,0.6,0.8,0.8,0.1,0.1,0.02,0.01,10,10.0,1.0,False,5,5,5,5,1.737022513572802,1.6006897216622291,1.6006897216622291,0.0,0.0,2.1859631616618915,2.26739860189272,2.1859631616618915,2.26739860189272,195.0,390.0,195.0,390.0,0,0,False,True,
0.6,0.6,0.8,0.8,0.1,0.1,0.02,0.02,10,10.0,1.0,False,5,5,5,5,1.737022513572802,1.5641130753472017,1.5641130753472017,0.0,0.0,2.1859631616618915,2.1859631616618915,2.1859631616618915,2.1859631616618915,195.0,195.0,195.0,195.0,0,0,False,True,
0.6,0.6,0.8,0.8,0.1,0.1,0.02,0.05,10,10.0,1.0,False,5,5,6,4,1.737022513572802,1.4724681648231353,1.4811161390054113,0.00864797418227603,0.004333349012065008,2.1859631616618915,1.9945363696126912,2.17982814448223,2.0175221461307475,195.0,78.0,161.0,98.0,0,1,False,True,
0.6,0.6,0.8,0.8,0.1,0.1,0.02,0.1,10,10.0,1.0,False,5,5,7,3,1.737022513572802,1.344233635242563,1.389184464631926,0.04495082938936301,0.022729889728758043,2.1859631616618915,1.7544880370313614,2.157468509883118,1.8593908171420621,195.0,39.0,137.0,65.0,0,1,False,True,
0.6,0.6,0.8,0.8,0.1,0.1,0.05,0.01,10,10.0,1.0,False,5,5,4,6,1.737022513572802,1.5090448111381627,1.5271835451953026,0.01813873405713995,0.00911061835120589,1.9945363696126912,2.26739860189272,2.0175221461307475,2.282596126293539,78.0,390.0,98.0,323.0,0,-1,False,True,
0.6,0.6,0.8,0.8,0.1,0.1,0.05,0.02,10,10.0,1.0,False,5,5,4,6,1.737022513572802,1.4724681648231353,1.4811161390054113,0.00864797418227603,0.004333349012065008,1.9945363696126912,2.1859631616618915,2.0175221461307475,2.17982814448223,78.0,195.0,98.0,161.0,0,-1,False,True,
0.6,0.6,0.8,0.8,0.1,0.1,0.05,0.05,10,10.0,1.0,False,5,5,5,5,1.737022513572802,1.3808232542990688,1.3808232542990688,0.0,0.0,1.9945363696126912,1.9945363696126912,1.9945363696126912,1.9945363696126912,78.0,78.0,78.0,78.0,0,0,False,True,
0.6,0.6,0.8,0.8,0.1,0.1,0.05,0.1,10,10.0,1.0,False,5,5,4,3,1.737022513572802,1.2525887247184966,1.2814857577921104,0.028897033073613798,0.014553400884142994,1.9945363696126912,1.7544880370313614,1.980264397748369,1.8189426810266514,78.0,39.0,83.0,55.0,0,1,False,True,
0.6,0.6,0.8,0.8,0.1,0.1,0.1,0.01,10,10.0,1.0,False,5,5,3,7,1.737022513572802,1.3808102815575904,1.4444508829352256,0.06364060137763516,0.03233197929057906,1.7544880370313614,2.26739860189272,1.8593908171420621,2.2800604745072786,39.0,390.0,65.0,275.0,0,-1,False,True,
0.6,0.6,0.8,0.8,0.1,0.1,0.1,0.02,10,10.0,1.0,False,5,5,3,7,1.737022513572802,1.344233635242563,1.389184464631926,0.04495082938936301,0.022729889728758043,1.7544880370313614,2.1859631616618915,1.8593908171420621,2.157468509883118,39.0,195.0,65.0,137.0,0,-1,False,True,
0.6,0.6,0.8,0.8,0.1,0.1,0.1,0.05,10,10.0,1.0,False,5,5,3,4,1.737022513572802,1.2525887247184966,1.2814857577921104,0.028897033073613798,0.014553400884142994,1.7544880370313614,1.9945363696126912,1.8189426810266514,1.980264397748369,39.0,78.0,55.0,83.0,0,-1,False,True,
0.6,0.6,0.8,0.8,0.1,0.1,0.1,0.1,10,10.0,1.0,False,5,5,3,3,1.737022513572802,1.1243541951379243,1.1804261048949745,0.05607190975705012,0.028432660928073034,1.7544880370313614,1.7544880370313614,1.8043728004906345,1.8043728004906345,39.0,39.0,52.0,52.0,0,0,False,True,
0.6,0.65,0.8,0.8,0.1,0.1,0.01,0.01,10,10.0,1.0,False,5,5,5,5,1.839918882515967,1.7368026666231295,1.7368026666231295,0.0,0.0,2.26739860189272,2.5047012917957865,2.26739860189272,2.5047012917957865,390.0,390.0,390.0,390.0,0,0,False,True,
0.6,0.65,0.8,0.8,0.1,0.1,0.01,0.02,10,10.0,1.0,False,5,5,5,5,1.839918882515967,1.697728961915435,1.697728961915435,0.0,0.0,2.26739860189272,2.4087207029863786,2.26739860189272,2.4087207029863786,390.0,195.0,390.0,195.0,0,0,False,True,
0.6,0.65,0.8,0.8,0.1,0.1,0.01,0.05,10,10.0,1.0,False,5,5,6,4,1.839918882515967,1.5996780293615593,1.6115319460839874,0.011853916722428082,0.00594455753159176,2.26739860189272,2.18375275787447,2.282596126293539,2.195080014651407,390.0,78.0,323.0,98.0,0,1,False,True,
0.6,0.65,0.8,0.8,0.1,0.1,0.01,0.1,10,10.0,1.0,False,5,5,7,3,1.839918882515967,1.4620253289959992,1.5149161509066822,0.05289082191068295,0.02679819379928701,2.26739860189272,1.9029249408677613,2.2800604745072786,1.995139922323499,390.0,39.0,275.0,65.0,0,1,False,True,
0.6,0.65,0.8,0.8,0.1,0.1,0.02,0.01,10,10.0,1.0,False,5,5,4,6,1.839918882515967,1.7002260203081023,1.7024126879704884,0.002186667662386066,0.001093931738510493,2.1859631616618915,2.5047012917957865,2.161208568311209,2.538936012064679,195.0,390.0,245.0,323.0,0,-1,False,True,
0.6,0.65,0.8,0.8,0.1,0.1,0.02,0.02,10,10.0,1.0,False,5,5,5,5,1.839918882515967,1.6611523156004078,1.6611523156004078,0.0,0.0,2.1859631616618915,2.4087207029863786,2.1859631616618915,2.4087207029863786,195.0,195.0,195.0,195.0,0,0,False,True,
0.6,0.65,0.8,0.8,0.1,0.1,0.02,0.05,10,10.0,1.0,False,5,5,6,4,1.839918882515967,1.563101383046532,1.565464539894096,0.002363156847564163,0.0011822767625881258,2.1859631616618915,2.18375275787447,2.17982814448223,2.195080014651407,195.0,78.0,161.0,98.0,0,1,False,True,
0.6,0.65,0.8,0.8,0.1,0.1,0.02,0.1,10,10.0,1.0,False,5,5,6,4,1.839918882515967,1.425448682680972,1.46381883217992,0.0383701494989479,0.01937029086161391,2.1859631616618915,1.9029249408677613,2.17982814448223,1.9829245319363624,195.0,39.0,161.0,49.0,0,1,False,True,
0.6,0.65,0.8,0.8,0.1,0.1,0.05,0.01,10,10.0,1.0,False,5,5,4,6,1.839918882515967,1.608581109784036,1.6336151985005882,0.025034088716552327,0.012595710437628152,1.9945363696126912,2.5047012917957865,2.0175221461307475,2.538936012064679,78.0,390.0,98.0,323.0,0,-1,False,True,
0.6,0.65,0.8,0.8,0.1,0.1,0.05,0.02,10,10.0,1.0,False,5,5,4,6,1.839918882515967,1.5695074050763413,1.5836458044990154,0.01413839942267403,0.0070942454866952465,1.9945363696126912,2.4087207029863786,2.0175221461307475,2.415184559604082,78.0,195.0,98.0,161.0,0,-1,False,True,
0.6,0.65,0.8,0.8,0.1,0.1,0.05,0.05,10,10.0,1.0,False,5,5,5,5,1.839918882515967,1.4714564725224655,1.4714564725224655,0.0,0.0,1.9945363696126912,2.18375275787447,1.9945363696126912,2.18375275787447,78.0,78.0,78.0,78.0,0,0,False,True,
0.6,0.65,0.8,0.8,0.1,0.1,0.05,0.1,10,10.0,1.0,False,5,5,5,4,1.839918882515967,1.3338037721569056,1.3551913678223801,0.021387595665474546,0.010751180853844302,1.9945363696126912,1.9029249408677613,1.9796041123774109,1.958726439636382,78.0,39.0,74.0,46.0,0,1,False,True,
0.6,0.65,0.8,0.8,0.1,0.1,0.1,0.01,10,10.0,1.0,False,5,5,3,7,1.839918882515967,1.4803465802034637,1.5551645651735901,0.07481798497012648,0.03811751628728949,1.7544880370313614,2.5047012917957865,1.8593908171420621,2.546998606186068,39.0,390.0,65.0,275.0,0,-1,False,True,
0.6,0.65,0.8,0.8,0.1,0.1,0.1,0.02,10,10.0,1.0,False,5,5,3,7,1.839918882515967,1.441272875495769,1.4943953815601039,0.053122506064334774,0.0269171471243049,1.7544880370313614,2.4087207029863786,1.8593908171420621,2.396828643861572,39.0,195.0,65.0,137.0,0,-1,False,True,
0.6,0.65,0.8,0.8,0.1,0.1,0.1,0.05,10,10.0,1.0,False,5,5,3,5,1.839918882515967,1.3432219429418932,1.3696869849065942,0.026465041964701008,0.01332045823722176,1.7544880370313614,2.18375275787447,1.8322724462403013,2.1471255937659026,39.0,78.0,58.0,70.0,0,-1,False,True,
0.6,0.65,0.8,0.8,0.1,0.1,0.1,0.1,10,10.0,1.0,False,5,5,3,3,1.839918882515967,1.2055692425763334,1.2498241157582188,0.04425487318188548,0.022374064034458994,1.7544880370313614,1.9029249408677613,1.8043728004906345,1.9340399689978065,39.0,39.0,52.0,52.0,0,0,False,True,
0.6,0.7,0.8,0.8,0.1,0.1,0.01,0.01,10,10.0,1.0,False,4,6,4,6,1.9533698400180048,1.8436854899408868,1.8436854899408868,0.0,0.0,2.2212330276574193,2.845170599286769,2.2212330276574193,2.845170599286769,490.0,323.0,490.0,323.0,-1,-1,False,True,
0.6,0.7,0.8,0.8,0.1,0.1,0.01,0.02,10,10.0,1.0,False,4,6,5,5,1.9533698400180048,1.7902641013294227,1.8003443243934851,0.010080223064062421,0.005052834259834004,2.2212330276574193,2.6971661338744872,2.26739860189272,2.6690194036537442,490.0,161.0,390.0,195.0,-1,0,False,True,
0.6,0.7,0.8,0.8,0.1,0.1,0.01,0.05,10,10.0,1.0,False,4,6,6,4,1.9533698400180048,1.6552424059591235,1.6999961121029248,0.04475370614380125,0.022629092778596954,2.2212330276574193,2.3565058418107934,2.282596126293539,2.3981141677100073,490.0,64.0,323.0,98.0,-1,1,True,True,
0.6,0.7,0.8,0.8,0.1,0.1,0.01,0.1,10,10.0,1.0,False,4,6,6,4,1.9533698400180048,1.4653295024677275,1.5944131634721161,0.12908366100438862,0.06667019666143903,2.2212330276574193,1.948903765398115,2.282596126293539,2.1578227266301155,490.0,32.0,323.0,49.0,-1,1,True,True,
0.6,0.7,0.8,0.8,0.1,0.1,0.02,0.01,10,10.0,1.0,False,4,6,4,6,1.9533698400180048,1.8162906179685079,1.8162906179685079,0.0,0.0,2.161208568311209,2.845170599286769,2.161208568311209,2.845170599286769,245.0,323.0,245.0,323.0,-1,-1,False,True,
0.6,0.7,0.8,0.8,0.1,0.1,0.02,0.02,10,10.0,1.0,False,4,6,5,5,1.9533698400180048,1.7628692293570438,1.763767678078458,0.0008984487214140913,0.0004493252770809708,2.161208568311209,2.6971661338744872,2.1859631616618915,2.6690194036537442,245.0,161.0,195.0,195.0,-1,0,False,True,
0.6,0.7,0.8,0.8,0.1,0.1,0.02,0.05,10,10.0,1.0,False,4,6,5,5,1.9533698400180048,1.6278475339867444,1.6604060420983542,0.03255850811160976,0.016412483086696544,2.161208568311209,2.3565058418107934,2.1859631616618915,2.406923809122425,245.0,64.0,195.0,78.0,-1,0,False,True,
0.6,0.7,0.8,0.8,0.1,0.1,0.02,0.1,10,10.0,1.0,False,4,6,6,4,1.9533698400180048,1.4379346304953486,1.548345757282225,0.11041112678687637,0.0567578230738351,2.161208568311209,1.948903765398115,2.17982814448223,2.1578227266301155,245.0,32.0,161.0,49.0,-1,1,True,True,
0.6,0.7,0.8,0.8,0.1,0.1,0.05,0.01,10,10.0,1.0,False,4,6,4,6,1.9533698400180048,1.7474931284986077,1.7474931284986077,0.0,0.0,2.0175221461307475,2.845170599286769,2.0175221461307475,2.845170599286769,98.0,323.0,98.0,323.0,-1,-1,False,True,
0.6,0.7,0.8,0.8,0.1,0.1,0.05,0.02,10,10.0,1.0,False,4,6,4,6,1.9533698400180048,1.6940717398871437,1.6940717398871437,0.0,0.0,2.0175221461307475,2.6971661338744872,2.0175221461307475,2.6971661338744872,98.0,161.0,98.0,161.0,-1,-1,False,True,
0.6,0.7,0.8,0.8,0.1,0.1,0.05,0.05,10,10.0,1.0,False,4,6,5,5,1.9533698400180048,1.5590500445168445,1.5687611315742878,0.00971108705744328,0.004867350782678101,2.0175221461307475,2.3565058418107934,1.9945363696126912,2.406923809122425,98.0,64.0,78.0,78.0,-1,0,False,True,
0.6,0.7,0.8,0.8,0.1,0.1,0.05,0.1,10,10.0,1.0,False,4,6,5,4,1.9533698400180048,1.3691371410254485,1.4392228301427696,0.07008568911732116,0.035664080419521425,2.0175221461307475,1.948903765398115,1.9796041123774109,2.1304344981741448,98.0,32.0,74.0,46.0,-1,1,True,True,
0.6,0.7,0.8,0.8,0.1,0.1,0.1,0.01,10,10.0,1.0,False,4,6,3,7,1.9533698400180048,1.651045028895948,1.6754609987122984,0.024415969816350414,0.012282806519632783,1.8320251576796527,2.845170599286769,1.8593908171420621,2.8725843135865583,49.0,323.0,65.0,275.0,-1,-1,False,True,
0.6,0.7,0.8,0.8,0.1,0.1,0.1,0.02,10,10.0,1.0,False,4,6,3,7,1.9533698400180048,1.597623640284484,1.609534249951532,0.011910609667048044,0.005973072915290564,1.8320251576796527,2.6971661338744872,1.8593908171420621,2.689311824437254,49.0,161.0,65.0,137.0,-1,-1,False,True,
0.6,0.7,0.8,0.8,0.1,0.1,0.1,0.05,10,10.0,1.0,False,4,6,3,5,1.9533698400180048,1.4626019449141845,1.466047688572146,0.0034457436579615752,0.0017243568253473484,1.8320251576796527,2.3565058418107934,1.8322724462403013,2.36432062419796,49.0,64.0,58.0,70.0,-1,-1,False,True,
0.6,0.7,0.8,0.8,0.1,0.1,0.1,0.1,10,10.0,1.0,False,4,6,4,4,1.9533698400180048,1.2726890414227887,1.33221272538092,0.059523683958131235,0.030209152162028366,1.8320251576796527,1.948903765398115,1.79545689424828,2.110559754173862,49.0,32.0,44.0,44.0,-1,0,False,True,
0.6,0.75,0.8,0.8,0.1,0.1,0.01,0.01,10,10.0,1.0,False,4,6,4,6,2.078360733207351,1.9652213971524302,1.9652213971524302,0.0,0.0,2.2212330276574193,3.2128517474336955,2.2212330276574193,3.2128517474336955,490.0,323.0,490.0,323.0,-1,-1,False,True,
0.6,0.75,0.8,0.8,0.1,0.1,0.01,0.02,10,10.0,1.0,False,4,6,4,6,2.078360733207351,1.9091728202599445,1.9091728202599445,0.0,0.0,2.2212330276574193,3.0377294979690377,2.2212330276574193,3.0377294979690377,490.0,161.0,490.0,161.0,-1,-1,False,True,
0.6,0.75,0.8,0.8,0.1,0.1,0.01,0.05,10,10.0,1.0,False,4,6,5,5,2.078360733207351,1.767155276921081,1.8017535265630755,0.03459824964199454,0.01744962124712082,2.2212330276574193,2.6355524470969764,2.26739860189272,2.6727832429704486,490.0,64.0,390.0,78.0,-1,0,False,True,
0.6,0.75,0.8,0.8,0.1,0.1,0.01,0.1,10,10.0,1.0,False,4,6,6,4,2.078360733207351,1.5663112220612383,1.6851304431844643,0.11881922112322596,0.061209834483280955,2.2212330276574193,2.1559873000202487,2.282596126293539,2.362728265669129,490.0,32.0,323.0,49.0,-1,1,True,True,
0.6,0.75,0.8,0.8,0.1,0.1,0.02,0.01,10,10.0,1.0,False,4,6,4,6,2.078360733207351,1.9378265251800513,1.9378265251800513,0.0,0.0,2.161208568311209,3.2128517474336955,2.161208568311209,3.2128517474336955,245.0,323.0,245.0,323.0,-1,-1,False,True,
0.6,0.75,0.8,0.8,0.1,0.1,0.02,0.02,10,10.0,1.0,False,4,6,4,6,2.078360733207351,1.8817779482875654,1.8817779482875654,0.0,0.0,2.161208568311209,3.0377294979690377,2.161208568311209,3.0377294979690377,245.0,161.0,245.0,161.0,-1,-1,False,True,
0.6,0.75,0.8,0.8,0.1,0.1,0.02,0.05,10,10.0,1.0,False,4,6,5,5,2.078360733207351,1.7397604049487019,1.765176880248048,0.02541647529934621,0.012789330453195361,2.161208568311209,2.6355524470969764,2.1859631616618915,2.6727832429704486,245.0,64.0,195.0,78.0,-1,0,False,True,
0.6,0.75,0.8,0.8,0.1,0.1,0.02,0.1,10,10.0,1.0,False,4,6,6,4,2.078360733207351,1.5389163500888592,1.639063036994573,0.10014668690571371,0.05134820305572137,2.161208568311209,2.1559873000202487,2.17982814448223,2.362728265669129,245.0,32.0,161.0,49.0,-1,1,True,True,
0.6,0.75,0.8,0.8,0.1,0.1,0.05,0.01,10,10.0,1.0,False,4,6,3,7,2.078360733207351,1.869029035710151,1.8727055706457851,0.0036765349356340238,0.0018399581172552,2.0175221461307475,3.2128517474336955,1.9876314380220301,3.2731796187532853,98.0,323.0,131.0,275.0,-1,-1,False,True,
0.6,0.75,0.8,0.8,0.1,0.1,0.05,0.02,10,10.0,1.0,False,4,6,4,6,2.078360733207351,1.8129804588176655,1.8129804588176655,0.0,0.0,2.0175221461307475,3.0377294979690377,2.0175221461307475,3.0377294979690377,98.0,161.0,98.0,161.0,-1,-1,False,True,
0.6,0.75,0.8,0.8,0.1,0.1,0.05,0.05,10,10.0,1.0,False,4,6,5,5,2.078360733207351,1.670962915478802,1.6735319697239817,0.002569054245179725,0.0012853524809147492,2.0175221461307475,2.6355524470969764,1.9945363696126912,2.6727832429704486,98.0,64.0,78.0,78.0,-1,0,False,True,
0.6,0.75,0.8,0.8,0.1,0.1,0.05,0.1,10,10.0,1.0,False,4,6,5,4,2.078360733207351,1.4701188606189592,1.5296588347232865,0.05953997410432721,0.03021754332505221,2.0175221461307475,2.1559873000202487,1.9796041123774109,2.3320832183536218,98.0,32.0,74.0,46.0,-1,1,True,True,
0.6,0.75,0.8,0.8,0.1,0.1,0.1,0.01,10,10.0,1.0,False,4,6,3,7,2.078360733207351,1.7725809361074913,1.8060107893618813,0.03342985325438996,0.016855402603732476,1.8320251576796527,3.2128517474336955,1.8593908171420621,3.2731796187532853,49.0,323.0,65.0,275.0,-1,-1,False,True,
0.6,0.75,0.8,0.8,0.1,0.1,0.1,0.02,10,10.0,1.0,False,4,6,3,7,2.078360733207351,1.7165323592150057,1.735780937364786,0.019248578149780204,0.009670751481242197,1.8320251576796527,3.0377294979690377,1.8593908171420621,3.0511910450061093,49.0,161.0,65.0,137.0,-1,-1,False,True,
0.6,0.75,0.8,0.8,0.1,0.1,0.1,0.05,10,10.0,1.0,False,4,6,4,6,2.078360733207351,1.574514815876142,1.574514815876142,0.0,0.0,1.8320251576796527,2.6355524470969764,1.8320251576796527,2.6355524470969764,49.0,64.0,49.0,64.0,-1,-1,False,True,
0.6,0.75,0.8,0.8,0.1,0.1,0.1,0.1,10,10.0,1.0,False,4,6,4,4,2.078360733207351,1.3736707610162995,1.422439595731626,0.04876883471532656,0.024684148560928033,1.8320251576796527,2.1559873000202487,1.79545689424828,2.30984418296057,49.0,32.0,44.0,44.0,-1,0,False,True,
0.6,0.8,0.8,0.8,0.1,0.1,0.01,0.01,10,10.0,1.0,False,4,6,4,6,2.209416966538472,2.0946685552773454,2.0946685552773454,0.0,0.0,2.2212330276574193,3.6568645346110387,2.2212330276574193,3.6568645346110387,490.0,323.0,490.0,323.0,-1,-1,False,True,
0.6,0.8,0.8,0.8,0.1,0.1,0.01,0.02,10,10.0,1.0,False,4,6,4,6,2.209416966538472,2.0373470595449015,2.0373470595449015,0.0,0.0,2.2212330276574193,3.4531422029119385,2.2212330276574193,3.4531422029119385,490.0,161.0,490.0,161.0,-1,-1,False,True,
0.6,0.8,0.8,0.8,0.1,0.1,0.01,0.05,10,10.0,1.0,False,4,6,5,5,2.209416966538472,1.891752441448219,1.915139083538365,0.02338664209014607,0.01176195518305485,2.2212330276574193,2.9852693637567205,2.26739860189272,2.993687483287125,490.0,64.0,390.0,78.0,-1,0,False,True,
0.6,0.8,0.8,0.8,0.1,0.1,0.01,0.1,10,10.0,1.0,False,4,6,6,4,2.209416966538472,1.6848589102385432,1.783218462962582,0.09835955272403885,0.05040917250633951,2.2212330276574193,2.427341075550926,2.282596126293539,2.6062307381127434,490.0,32.0,323.0,49.0,-1,1,True,True,
0.6,0.8,0.8,0.8,0.1,0.1,0.02,0.01,10,10.0,1.0,False,4,6,4,6,2.209416966538472,2.0672736833049665,2.0672736833049665,0.0,0.0,2.161208568311209,3.6568645346110387,2.161208568311209,3.6568645346110387,245.0,323.0,245.0,323.0,-1,-1,False,True,
0.6,0.8,0.8,0.8,0.1,0.1,0.02,0.02,10,10.0,1.0,False,4,6,4,6,2.209416966538472,2.0099521875725226,2.0099521875725226,0.0,0.0,2.161208568311209,3.4531422029119385,2.161208568311209,3.4531422029119385,245.0,161.0,245.0,161.0,-1,-1,False,True,
0.6,0.8,0.8,0.8,0.1,0.1,0.02,0.05,10,10.0,1.0,False,4,6,5,5,2.209416966538472,1.8643575694758399,1.8785624372233376,0.01420486774749774,0.0071277159765925635,2.161208568311209,2.9852693637567205,2.1859631616618915,2.993687483287125,245.0,64.0,195.0,78.0,-1,0,False,True,
0.6,0.8,0.8,0.8,0.1,0.1,0.02,0.1,10,10.0,1.0,False,4,6,6,4,2.209416966538472,1.657464038266164,1.7371510567726909,0.07968701850652682,0.040647909680850254,2.161208568311209,2.427341075550926,2.17982814448223,2.6062307381127434,245.0,32.0,161.0,49.0,-1,1,True,True,
0.6,0.8,0.8,0.8,0.1,0.1,0.05,0.01,10,10.0,1.0,False,4,6,3,7,2.209416966538472,1.9984761938350664,2.014242460265841,0.0157662664307745,0.007914286919159073,2.0175221461307475,3.6568645346110387,1.9876314380220301,3.770843673764667,98.0,323.0,131.0,275.0,-1,-1,False,True,
0.6,0.8,0.8,0.8,0.1,0.1,0.05,0.02,10,10.0,1.0,False,4,6,3,7,2.209416966538472,1.9411546981026224,1.9413286754060366,0.0001739773034141745,8.69924353295601e-05,2.0175221461307475,3.4531422029119385,1.9876314380220301,3.505681638834538,98.0,161.0,131.0,137.0,-1,-1,False,True,
0.6,0.8,0.8,0.8,0.1,0.1,0.05,0.05,10,10.0,1.0,False,4,6,4,6,2.209416966538472,1.79556008000594,1.79556008000594,0.0,0.0,2.0175221461307475,2.9852693637567205,2.0175221461307475,2.9852693637567205,98.0,64.0,98.0,64.0,-1,-1,False,True,
0.6,0.8,0.8,0.8,0.1,0.1,0.05,0.1,10,10.0,1.0,False,4,6,5,5,2.209416966538472,1.5886665487962641,1.6338282958790762,0.045161747082812065,0.022837751330819653,2.0175221461307475,2.427341075550926,1.9945363696126912,2.5687429859532767,98.0,32.0,78.0,39.0,-1,0,False,True,
0.6,0.8,0.8,0.8,0.1,0.1,0.1,0.01,10,10.0,1.0,False,4,6,3,7,2.209416966538472,1.9020280942324066,1.947547678981937,0.04551958474953044,0.02302077264049486,1.8320251576796527,3.6568645346110387,1.8593908171420621,3.770843673764667,49.0,323.0,65.0,275.0,-1,-1,False,True,
0.6,0.8,0.8,0.8,0.1,0.1,0.1,0.02,10,10.0,1.0,False,4,6,3,7,2.209416966538472,1.8447065984999627,1.8746338941221325,0.02992729562216989,0.01507616370454244,1.8320251576796527,3.4531422029119385,1.8593908171420621,3.505681638834538,49.0,161.0,65.0,137.0,-1,-1,False,True,
0.6,0.8,0.8,0.8,0.1,0.1,0.1,0.05,10,10.0,1.0,False,4,6,4,6,2.209416966538472,1.6991119804032802,1.6991119804032802,0.0,0.0,1.8320251576796527,2.9852693637567205,1.8320251576796527,2.9852693637567205,49.0,64.0,49.0,64.0,-1,-1,False,True,
0.6,0.8,0.8,0.8,0.1,0.1,0.1,0.1,10,10.0,1.0,False,4,6,4,5,2.209416966538472,1.4922184491936044,1.5217356953582635,0.029517246164659117,0.014868069322388924,1.8320251576796527,2.427341075550926,1.8108376870720826,2.529309009364001,49.0,32.0,46.0,37.0,-1,-1,False,True,
0.6,0.85,0.8,0.8,0.1,0.1,0.01,0.01,10,10.0,1.0,False,3,7,3,7,2.356480057859565,2.2331134764101903,2.2331134764101903,0.0,0.0,2.121880788858512,4.396508118722122,2.121880788858512,4.396508118722122,656.0,275.0,656.0,275.0,-1,-1,False,True,
0.6,0.85,0.8,0.8,0.1,0.1,0.01,0.02,10,10.0,1.0,False,3,7,4,6,2.356480057859565,2.160292173131185,2.175989465307455,0.01569729217627014,0.007879527450267359,2.121880788858512,4.087727994706356,2.2212330276574193,3.966670214048744,656.0,137.0,490.0,161.0,-1,-1,False,True,
0.6,0.85,0.8,0.8,0.1,0.1,0.01,0.05,10,10.0,1.0,False,3,7,5,5,2.356480057859565,1.9773138808525728,2.0389109845690925,0.06159710371651972,0.03127773397666664,2.121880788858512,3.404203600007718,2.26739860189272,3.3881288270519745,656.0,55.0,390.0,78.0,-1,0,False,True,
0.6,0.85,0.8,0.8,0.1,0.1,0.01,0.1,10,10.0,1.0,False,3,7,6,4,2.356480057859565,1.7017235139400038,1.890482401195508,0.18875888725550416,0.09897666650639511,2.121880788858512,2.584212072614864,2.282596126293539,2.9013291341580922,656.0,27.0,323.0,49.0,-1,1,True,True,
0.6,0.85,0.8,0.8,0.1,0.1,0.02,0.01,10,10.0,1.0,False,3,7,3,7,2.356480057859565,2.214565580260736,2.214565580260736,0.0,0.0,2.0828871076122693,4.396508118722122,2.0828871076122693,4.396508118722122,328.0,275.0,328.0,275.0,-1,-1,False,True,
0.6,0.85,0.8,0.8,0.1,0.1,0.02,0.02,10,10.0,1.0,False,3,7,4,6,2.356480057859565,2.1417442769817305,2.1485945933350763,0.0068503163533457645,0.0034310307338387045,2.0828871076122693,4.087727994706356,2.161208568311209,3.966670214048744,328.0,137.0,245.0,161.0,-1,-1,False,True,
0.6,0.85,0.8,0.8,0.1,0.1,0.02,0.05,10,10.0,1.0,False,3,7,4,6,2.356480057859565,1.9587659847031182,2.0048599231900757,0.04609393848695742,0.023314602731193942,2.0828871076122693,3.404203600007718,2.161208568311209,3.435602585949758,328.0,55.0,245.0,64.0,-1,-1,False,True,
0.6,0.85,0.8,0.8,0.1,0.1,0.02,0.1,10,10.0,1.0,False,3,7,5,5,2.356480057859565,1.6831756177905492,1.852788245845449,0.16961262805489974,0.08850621789439028,2.0828871076122693,2.584212072614864,2.1859631616618915,2.917513487614054,328.0,27.0,195.0,39.0,-1,0,False,True,
0.6,0.85,0.8,0.8,0.1,0.1,0.05,0.01,10,10.0,1.0,False,3,7,3,7,2.356480057859565,2.1677543141660776,2.1677543141660776,0.0,0.0,1.9876314380220301,4.396508118722122,1.9876314380220301,4.396508118722122,131.0,275.0,131.0,275.0,-1,-1,False,True,
0.6,0.85,0.8,0.8,0.1,0.1,0.05,0.02,10,10.0,1.0,False,3,7,3,7,2.356480057859565,2.094933010887072,2.094933010887072,0.0,0.0,1.9876314380220301,4.087727994706356,1.9876314380220301,4.087727994706356,131.0,137.0,131.0,137.0,-1,-1,False,True,
0.6,0.85,0.8,0.8,0.1,0.1,0.05,0.05,10,10.0,1.0,False,3,7,4,6,2.356480057859565,1.91195471860846,1.9360624337201755,0.0241077151117155,0.012126798073760613,1.9876314380220301,3.404203600007718,2.0175221461307475,3.435602585949758,131.0,55.0,98.0,64.0,-1,-1,False,True,
0.6,0.85,0.8,0.8,0.1,0.1,0.05,0.1,10,10.0,1.0,False,3,7,5,5,2.356480057859565,1.636364351695891,1.7611433353213826,0.12477898362549156,0.06437683006445764,1.9876314380220301,2.584212072614864,1.9945363696126912,2.917513487614054,131.0,27.0,78.0,39.0,-1,0,False,True,
0.6,0.85,0.8,0.8,0.1,0.1,0.1,0.01,10,10.0,1.0,False,3,7,3,7,2.356480057859565,2.1010595328821737,2.1010595328821737,0.0,0.0,1.8593908171420621,4.396508118722122,1.8593908171420621,4.396508118722122,65.0,275.0,65.0,275.0,-1,-1,False,True,
0.6,0.85,0.8,0.8,0.1,0.1,0.1,0.02,10,10.0,1.0,False,3,7,3,7,2.356480057859565,2.028238229603168,2.028238229603168,0.0,0.0,1.8593908171420621,4.087727994706356,1.8593908171420621,4.087727994706356,65.0,137.0,65.0,137.0,-1,-1,False,True,
0.6,0.85,0.8,0.8,0.1,0.1,0.1,0.05,10,10.0,1.0,False,3,7,3,7,2.356480057859565,1.8452599373245562,1.8452599373245562,0.0,0.0,1.8593908171420621,3.404203600007718,1.8593908171420621,3.404203600007718,65.0,55.0,65.0,55.0,-1,-1,False,True,
0.6,0.85,0.8,0.8,0.1,0.1,0.1,0.1,10,10.0,1.0,False,3,7,4,5,2.356480057859565,1.569669570411987,1.6493884897594993,0.0797189193475123,0.04066450858497395,1.8593908171420621,2.584212072614864,1.8108376870720826,2.873695812831476,65.0,27.0,46.0,37.0,-1,-1,False,True,
0.6,0.9,0.8,0.8,0.1,0.1,0.01,0.01,10,10.0,1.0,False,3,7,3,7,2.517134501057134,2.4002726414624185,2.4002726414624185,0.0,0.0,2.121880788858512,5.196419244284837,2.121880788858512,5.196419244284837,656.0,275.0,656.0,275.0,-1,-1,False,True,
0.6,0.9,0.8,0.8,0.1,0.1,0.01,0.02,10,10.0,1.0,False,3,7,3,7,2.517134501057134,2.3321627175167343,2.3321627175167343,0.0,0.0,2.121880788858512,4.854275473628954,2.121880788858512,4.854275473628954,656.0,137.0,656.0,137.0,-1,-1,False,True,
0.6,0.9,0.8,0.8,0.1,0.1,0.01,0.05,10,10.0,1.0,False,3,7,4,6,2.517134501057134,2.1607574522382107,2.1939034712500987,0.03314601901188796,0.016711103651754544,2.121880788858512,4.089630371671306,2.2212330276574193,4.038369460785317,656.0,55.0,490.0,64.0,-1,-1,False,True,
0.6,0.9,0.8,0.8,0.1,0.1,0.01,0.1,10,10.0,1.0,False,3,7,5,5,2.517134501057134,1.9025209213719827,2.0382489044387695,0.1357279830667868,0.07021973963398134,2.121880788858512,3.158881664844729,2.26739860189272,3.3858863567060546,656.0,27.0,390.0,39.0,-1,0,False,True,
0.6,0.9,0.8,0.8,0.1,0.1,0.02,0.01,10,10.0,1.0,False,3,7,3,7,2.517134501057134,2.3817247453129644,2.3817247453129644,0.0,0.0,2.0828871076122693,5.196419244284837,2.0828871076122693,5.196419244284837,328.0,275.0,328.0,275.0,-1,-1,False,True,
0.6,0.9,0.8,0.8,0.1,0.1,0.02,0.02,10,10.0,1.0,False,3,7,3,7,2.517134501057134,2.31361482136728,2.31361482136728,0.0,0.0,2.0828871076122693,4.854275473628954,2.0828871076122693,4.854275473628954,328.0,137.0,328.0,137.0,-1,-1,False,True,
0.6,0.9,0.8,0.8,0.1,0.1,0.02,0.05,10,10.0,1.0,False,3,7,4,6,2.517134501057134,2.142209556088756,2.1665085992777198,0.024299043188963587,0.012223626842305652,2.0828871076122693,4.089630371671306,2.161208568311209,4.038369460785317,328.0,55.0,245.0,64.0,-1,-1,False,True,
0.6,0.9,0.8,0.8,0.1,0.1,0.02,0.1,10,10.0,1.0,False,3,7,5,5,2.517134501057134,1.8839730252225282,2.001672258123742,0.11769923290121387,0.06061572958857541,2.0828871076122693,3.158881664844729,2.1859631616618915,3.3858863567060546,328.0,27.0,195.0,39.0,-1,0,False,True,
0.6,0.9,0.8,0.8,0.1,0.1,0.05,0.01,10,10.0,1.0,False,3,7,3,7,2.517134501057134,2.334913479218306,2.334913479218306,0.0,0.0,1.9876314380220301,5.196419244284837,1.9876314380220301,5.196419244284837,131.0,275.0,131.0,275.0,-1,-1,False,True,
0.6,0.9,0.8,0.8,0.1,0.1,0.05,0.02,10,10.0,1.0,False,3,7,3,7,2.517134501057134,2.2668035552726216,2.2668035552726216,0.0,0.0,1.9876314380220301,4.854275473628954,1.9876314380220301,4.854275473628954,131.0,137.0,131.0,137.0,-1,-1,False,True,
0.6,0.9,0.8,0.8,0.1,0.1,0.05,0.05,10,10.0,1.0,False,3,7,4,6,2.517134501057134,2.095398289994098,2.0977111098078196,0.002312819813721667,0.0011570788066130938,1.9876314380220301,4.089630371671306,2.0175221461307475,4.038369460785317,131.0,55.0,98.0,64.0,-1,-1,False,True,
0.6,0.9,0.8,0.8,0.1,0.1,0.05,0.1,10,10.0,1.0,False,3,7,5,5,2.517134501057134,1.83716175912787,1.9100273475996759,0.07286558847180591,0.037104602268352264,1.9876314380220301,3.158881664844729,1.9945363696126912,3.3858863567060546,131.0,27.0,78.0,39.0,-1,0,False,True,
0.6,0.9,0.8,0.8,0.1,0.1,0.1,0.01,10,10.0,1.0,False,3,7,2,8,2.517134501057134,2.268218697934402,2.281839653190894,0.013620955256492095,0.006833721668719669,1.8593908171420621,5.196419244284837,1.793738910624985,5.460484024012112,65.0,275.0,99.0,240.0,-1,-1,False,True,
0.6,0.9,0.8,0.8,0.1,0.1,0.1,0.02,10,10.0,1.0,False,3,7,3,7,2.517134501057134,2.2001087739887177,2.2001087739887177,0.0,0.0,1.8593908171420621,4.854275473628954,1.8593908171420621,4.854275473628954,65.0,137.0,65.0,137.0,-1,-1,False,True,
0.6,0.9,0.8,0.8,0.1,0.1,0.1,0.05,10,10.0,1.0,False,3,7,3,7,2.517134501057134,2.028703508710194,2.028703508710194,0.0,0.0,1.8593908171420621,4.089630371671306,1.8593908171420621,4.089630371671306,65.0,55.0,65.0,55.0,-1,-1,False,True,
0.6,0.9,0.8,0.8,0.1,0.1,0.1,0.1,10,10.0,1.0,False,3,7,4,6,2.517134501057134,1.7704669778439661,1.8110249577999775,0.0405579799560114,0.02048600568375753,1.8593908171420621,3.158881664844729,1.8320251576796527,3.3387716146112925,65.0,27.0,49.0,32.0,-1,-1,False,True,
0.6,0.95,0.8,0.8,0.1,0.1,0.01,0.01,10,10.0,1.0,False,3,7,3,7,2.684299904463173,2.584736216823499,2.584736216823499,0.0,0.0,2.121880788858512,6.249074400628283,2.121880788858512,6.249074400628283,656.0,275.0,656.0,275.0,-1,-1,False,True,
0.6,0.95,0.8,0.8,0.1,0.1,0.01,0.02,10,10.0,1.0,False,3,7,3,7,2.684299904463173,2.5294030230116005,2.5294030230116005,0.0,0.0,2.121880788858512,5.912685710116605,2.121880788858512,5.912685710116605,656.0,137.0,656.0,137.0,-1,-1,False,True,
0.6,0.95,0.8,0.8,0.1,0.1,0.01,0.05,10,10.0,1.0,False,3,7,3,7,2.684299904463173,2.3901823379685347,2.3901823379685347,0.0,0.0,2.121880788858512,5.144249444221367,2.121880788858512,5.144249444221367,656.0,55.0,656.0,55.0,-1,-1,False,True,
0.6,0.95,0.8,0.8,0.1,0.1,0.01,0.1,10,10.0,1.0,False,3,7,4,6,2.684299904463173,2.181787238051025,2.2326761234599233,0.05088888540889824,0.02577091562940912,2.121880788858512,4.176545118535746,2.2212330276574193,4.198022847681387,656.0,27.0,490.0,32.0,-1,-1,False,True,
0.6,0.95,0.8,0.8,0.1,0.1,0.02,0.01,10,10.0,1.0,False,3,7,3,7,2.684299904463173,2.5661883206740446,2.5661883206740446,0.0,0.0,2.0828871076122693,6.249074400628283,2.0828871076122693,6.249074400628283,328.0,275.0,328.0,275.0,-1,-1,False,True,
0.6,0.95,0.8,0.8,0.1,0.1,0.02,0.02,10,10.0,1.0,False,3,7,3,7,2.684299904463173,2.510855126862146,2.510855126862146,0.0,0.0,2.0828871076122693,5.912685710116605,2.0828871076122693,5.912685710116605,328.0,137.0,328.0,137.0,-1,-1,False,True,
0.6,0.95,0.8,0.8,0.1,0.1,0.02,0.05,10,10.0,1.0,False,3,7,3,7,2.684299904463173,2.3716344418190802,2.3716344418190802,0.0,0.0,2.0828871076122693,5.144249444221367,2.0828871076122693,5.144249444221367,328.0,55.0,328.0,55.0,-1,-1,False,True,
0.6,0.95,0.8,0.8,0.1,0.1,0.02,0.1,10,10.0,1.0,False,3,7,4,6,2.684299904463173,2.163239341901571,2.2052812514875444,0.042041909585973425,0.02124345135842676,2.0828871076122693,4.176545118535746,2.161208568311209,4.198022847681387,328.0,27.0,245.0,32.0,-1,-1,False,True,
0.6,0.95,0.8,0.8,0.1,0.1,0.05,0.01,10,10.0,1.0,False,3,7,2,8,2.684299904463173,2.5193770545793863,2.5290136108059706,0.009636556226584325,0.004829904681126265,1.9876314380220301,6.249074400628283,1.862136252629108,6.734807714100592,131.0,275.0,198.0,240.0,-1,-1,False,True,
0.6,0.95,0.8,0.8,0.1,0.1,0.05,0.02,10,10.0,1.0,False,3,7,3,7,2.684299904463173,2.4640438607674877,2.4640438607674877,0.0,0.0,1.9876314380220301,5.912685710116605,1.9876314380220301,5.912685710116605,131.0,137.0,131.0,137.0,-1,-1,False,True,
0.6,0.95,0.8,0.8,0.1,0.1,0.05,0.05,10,10.0,1.0,False,3,7,3,7,2.684299904463173,2.324823175724422,2.324823175724422,0.0,0.0,1.9876314380220301,5.144249444221367,1.9876314380220301,5.144249444221367,131.0,55.0,131.0,55.0,-1,-1,False,True,
0.6,0.95,0.8,0.8,0.1,0.1,0.05,0.1,10,10.0,1.0,False,3,7,4,6,2.684299904463173,2.1164280758069127,2.1364837620176442,0.020055686210731505,0.010078290408913409,1.9876314380220301,4.176545118535746,2.0175221461307475,4.198022847681387,131.0,27.0,98.0,32.0,-1,-1,False,True,
0.6,0.95,0.8,0.8,0.1,0.1,0.1,0.01,10,10.0,1.0,False,3,7,2,8,2.684299904463173,2.4526822732954825,2.491591477486571,0.03890920419108834,0.019645076060171844,1.8593908171420621,6.249074400628283,1.793738910624985,6.734807714100592,65.0,275.0,99.0,240.0,-1,-1,False,True,
0.6,0.95,0.8,0.8,0.1,0.1,0.1,0.02,10,10.0,1.0,False,3,7,2,8,2.684299904463173,2.397349079483584,2.4224547808150887,0.025105701331504804,0.012631968400113205,1.8593908171420621,5.912685710116605,1.793738910624985,6.284916538872575,65.0,137.0,99.0,120.0,-1,-1,False,True,
0.6,0.95,0.8,0.8,0.1,0.1,0.1,0.05,10,10.0,1.0,False,3,7,3,7,2.684299904463173,2.258128394440518,2.258128394440518,0.0,0.0,1.8593908171420621,5.144249444221367,1.8593908171420621,5.144249444221367,65.0,55.0,65.0,55.0,-1,-1,False,True,
0.6,0.95,0.8,0.8,0.1,0.1,0.1,0.1,10,10.0,1.0,False,3,7,3,7,2.684299904463173,2.0497332945230085,2.0497332945230085,0.0,0.0,1.8593908171420621,4.176545118535746,1.8593908171420621,4.176545118535746,65.0,27.0,65.0,27.0,-1,-1,False,True,
0.65,0.5,0.8,0.8,0.1,0.1,0.01,0.01,10,10.0,1.0,False,6,4,6,4,1.6609559632124316,1.5605470599891174,1.5605470599891174,0.0,0.0,2.538936012064679,1.8753624728775729,2.538936012064679,1.8753624728775729,323.0,490.0,323.0,490.0,1,1,False,True,
0.65,0.5,0.8,0.8,0.1,0.1,0.01,0.02,10,10.0,1.0,False,6,4,6,4,1.6609559632124316,1.536617117418455,1.536617117418455,0.0,0.0,2.538936012064679,1.831017854797355,2.538936012064679,1.831017854797355,323.0,245.0,323.0,245.0,1,1,False,True,
0.65,0.5,0.8,0.8,0.1,0.1,0.01,0.05,10,10.0,1.0,False,6,4,7,3,1.6609559632124316,1.4766269629581172,1.481481725502677,0.004854762544559854,0.002430329747408878,2.538936012064679,1.7244046536184965,2.546998606186068,1.7273113674434641,323.0,98.0,275.0,131.0,1,1,False,True,
0.65,0.5,0.8,0.8,0.1,0.1,0.01,0.1,10,10.0,1.0,False,6,4,7,3,1.6609559632124316,1.3928332220991835,1.4212346230572572,0.028401400958073753,0.01430200941064723,2.538936012064679,1.5857985884176204,2.546998606186068,1.6263186673401444,323.0,49.0,275.0,65.0,1,1,False,True,
0.65,0.5,0.8,0.8,0.1,0.1,0.02,0.01,10,10.0,1.0,False,6,4,5,5,1.6609559632124316,1.5105776659875445,1.514264308946077,0.0036866429585324934,0.001845021440668862,2.415184559604082,1.8753624728775729,2.4087207029863786,1.8873401900233948,161.0,490.0,195.0,390.0,1,0,False,True,
0.65,0.5,0.8,0.8,0.1,0.1,0.02,0.02,10,10.0,1.0,False,6,4,6,4,1.6609559632124316,1.4866477234168822,1.4866477234168822,0.0,0.0,2.415184559604082,1.831017854797355,2.415184559604082,1.831017854797355,161.0,245.0,161.0,245.0,1,1,False,True,
0.65,0.5,0.8,0.8,0.1,0.1,0.02,0.05,10,10.0,1.0,False,6,4,6,4,1.6609559632124316,1.4266575689565444,1.4266575689565444,0.0,0.0,2.415184559604082,1.7244046536184965,2.415184559604082,1.7244046536184965,161.0,98.0,161.0,98.0,1,1,False,True,
0.65,0.5,0.8,0.8,0.1,0.1,0.02,0.1,10,10.0,1.0,False,6,4,7,3,1.6609559632124316,1.3428638280976108,1.3604654394437707,0.017601611346159896,0.008839646623598001,2.415184559604082,1.5857985884176204,2.396828643861572,1.6263186673401444,161.0,49.0,137.0,65.0,1,1,False,True,
0.65,0.5,0.8,0.8,0.1,0.1,0.05,0.01,10,10.0,1.0,False,6,4,4,6,1.6609559632124316,1.384583129656188,1.4199622141116741,0.03537908445548621,0.017846928842596546,2.1292741990859185,1.8753624728775729,2.195080014651407,1.8846529925201025,64.0,490.0,98.0,323.0,1,-1,True,True,
0.65,0.5,0.8,0.8,0.1,0.1,0.05,0.02,10,10.0,1.0,False,6,4,5,5,1.6609559632124316,1.3606531870855256,1.3852842693132312,0.024631082227705603,0.012391689672799144,2.1292741990859185,1.831017854797355,2.18375275787447,1.8298599318298372,64.0,245.0,78.0,195.0,1,0,False,True,
0.65,0.5,0.8,0.8,0.1,0.1,0.05,0.05,10,10.0,1.0,False,6,4,5,4,1.6609559632124316,1.3006630326251878,1.3129841661479316,0.012321133522743777,0.006179582081109884,2.1292741990859185,1.7244046536184965,2.166242321204405,1.7159899576232136,64.0,98.0,74.0,93.0,1,1,False,True,
0.65,0.5,0.8,0.8,0.1,0.1,0.05,0.1,10,10.0,1.0,False,6,4,5,3,1.6609559632124316,1.2168692917662542,1.2372012355438846,0.020331943777630368,0.010217820930725041,2.1292741990859185,1.5857985884176204,2.1471255937659026,1.6049156826521427,64.0,49.0,70.0,58.0,1,1,False,True,
0.65,0.5,0.8,0.8,0.1,0.1,0.1,0.01,10,10.0,1.0,False,6,4,3,7,1.6609559632124316,1.2083331382371916,1.319422420884744,0.11108928264755247,0.057116207085972336,1.7852012940160515,1.8753624728775729,1.995139922323499,1.8751867163155262,32.0,490.0,65.0,275.0,1,-1,True,True,
0.65,0.5,0.8,0.8,0.1,0.1,0.1,0.02,10,10.0,1.0,False,6,4,4,6,1.6609559632124316,1.1844031956665293,1.280421024930402,0.0960178292638727,0.04918000833639042,1.7852012940160515,1.831017854797355,1.9829245319363624,1.814569471216466,32.0,245.0,49.0,161.0,1,-1,True,True,
0.65,0.5,0.8,0.8,0.1,0.1,0.1,0.05,10,10.0,1.0,False,6,4,4,4,1.6609559632124316,1.1244130412061915,1.197897077375376,0.07348403616918464,0.037425349333724336,1.7852012940160515,1.7244046536184965,1.9411645220369966,1.7067807866035742,32.0,98.0,44.0,88.0,1,0,False,True,
0.65,0.5,0.8,0.8,0.1,0.1,0.1,0.1,10,10.0,1.0,False,6,4,3,3,1.6609559632124316,1.0406193003472577,1.1188564449601428,0.07823714461288511,0.03989377894413436,1.7852012940160515,1.5857985884176204,1.9340399689978065,1.5828790646078439,32.0,49.0,52.0,52.0,1,0,False,True,
0.65,0.55,0.8,0.8,0.1,0.1,0.01,0.01,10,10.0,1.0,False,6,4,6,4,1.7464260993368665,1.6435557308411997,1.6435557308411997,0.0,0.0,2.538936012064679,2.037677401286632,2.538936012064679,2.037677401286632,323.0,490.0,323.0,490.0,1,1,False,True,
0.65,0.55,0.8,0.8,0.1,0.1,0.01,0.02,10,10.0,1.0,False,6,4,6,4,1.7464260993368665,1.6178068985960392,1.6178068985960392,0.0,0.0,2.538936012064679,1.9858793195918247,2.538936012064679,1.9858793195918247,323.0,245.0,323.0,245.0,1,1,False,True,
0.65,0.55,0.8,0.8,0.1,0.1,0.01,0.05,10,10.0,1.0,False,6,4,6,4,1.7464260993368665,1.5532044281317021,1.5532044281317021,0.0,0.0,2.538936012064679,1.8616428075064262,2.538936012064679,1.8616428075064262,323.0,98.0,323.0,98.0,1,1,False,True,
0.65,0.55,0.8,0.8,0.1,0.1,0.01,0.1,10,10.0,1.0,False,6,4,7,3,1.7464260993368665,1.4628131581213495,1.4870647064821836,0.024251548360834096,0.012199589434127182,2.538936012064679,1.7007478357900756,2.546998606186068,1.7369818839896627,323.0,49.0,275.0,65.0,1,1,False,True,
0.65,0.55,0.8,0.8,0.1,0.1,0.02,0.01,10,10.0,1.0,False,6,4,5,5,1.7464260993368665,1.5935863368396266,1.6033874324173778,0.009801095577751218,0.004912575111989062,2.415184559604082,2.037677401286632,2.4087207029863786,2.0632690748342464,161.0,490.0,195.0,390.0,1,0,False,True,
0.65,0.55,0.8,0.8,0.1,0.1,0.02,0.02,10,10.0,1.0,False,6,4,5,5,1.7464260993368665,1.5678375045944666,1.569572298191535,0.001734793597068407,0.0008677730959291109,2.415184559604082,1.9858793195918247,2.4087207029863786,1.9946658054907853,161.0,245.0,195.0,195.0,1,0,False,True,
0.65,0.55,0.8,0.8,0.1,0.1,0.02,0.05,10,10.0,1.0,False,6,4,6,4,1.7464260993368665,1.503235034130129,1.503235034130129,0.0,0.0,2.415184559604082,1.8616428075064262,2.415184559604082,1.8616428075064262,161.0,98.0,161.0,98.0,1,1,False,True,
0.65,0.55,0.8,0.8,0.1,0.1,0.02,0.1,10,10.0,1.0,False,6,4,7,3,1.7464260993368665,1.4128437641197766,1.426295522868697,0.013451758748920462,0.006748548896798505,2.415184559604082,1.7007478357900756,2.396828643861572,1.7369818839896627,161.0,49.0,137.0,65.0,1,1,False,True,
0.65,0.55,0.8,0.8,0.1,0.1,0.05,0.01,10,10.0,1.0,False,6,4,4,6,1.7464260993368665,1.46759180050827,1.5123023646562501,0.044710564147980136,0.022607033886490362,2.1292741990859185,2.037677401286632,2.195080014651407,2.0669702043058558,64.0,490.0,98.0,323.0,1,-1,True,True,
0.65,0.55,0.8,0.8,0.1,0.1,0.05,0.02,10,10.0,1.0,False,6,4,5,5,1.7464260993368665,1.44184296826311,1.471521365637659,0.029678397374548915,0.014949846225581317,2.1292741990859185,1.9858793195918247,2.18375275787447,1.9946658054907853,64.0,245.0,78.0,195.0,1,0,False,True,
0.65,0.55,0.8,0.8,0.1,0.1,0.05,0.05,10,10.0,1.0,False,6,4,5,4,1.7464260993368665,1.3772404977987724,1.3891818161136116,0.011941318314839133,0.005988519070264631,2.1292741990859185,1.8616428075064262,2.166242321204405,1.8518549247980773,64.0,98.0,74.0,93.0,1,1,False,True,
0.65,0.55,0.8,0.8,0.1,0.1,0.05,0.1,10,10.0,1.0,False,6,4,5,3,1.7464260993368665,1.28684922778842,1.3022530824510647,0.015403854662644711,0.007731663466458059,2.1292741990859185,1.7007478357900756,2.1471255937659026,1.7127890546310498,64.0,49.0,70.0,58.0,1,1,False,True,
0.65,0.55,0.8,0.8,0.1,0.1,0.1,0.01,10,10.0,1.0,False,6,4,3,7,1.7464260993368665,1.2913418090892737,1.4130931003274587,0.12175129123818507,0.06276674626875445,1.7852012940160515,2.037677401286632,1.995139922323499,2.059326352439506,32.0,490.0,65.0,275.0,1,-1,True,True,
0.65,0.55,0.8,0.8,0.1,0.1,0.1,0.02,10,10.0,1.0,False,6,4,4,6,1.7464260993368665,1.2655929768441134,1.3686755605075815,0.10308258366346812,0.0528926612611494,1.7852012940160515,1.9858793195918247,1.9829245319363624,1.981992732627951,32.0,245.0,49.0,161.0,1,-1,True,True,
0.65,0.55,0.8,0.8,0.1,0.1,0.1,0.05,10,10.0,1.0,False,6,4,4,4,1.7464260993368665,1.2009905063797761,1.2736762072204693,0.07268570084069315,0.037011325318198444,1.7852012940160515,1.8616428075064262,1.9411645220369966,1.8411458919454342,32.0,98.0,44.0,88.0,1,0,False,True,
0.65,0.55,0.8,0.8,0.1,0.1,0.1,0.1,10,10.0,1.0,False,6,4,3,3,1.7464260993368665,1.1105992363694237,1.183091071861738,0.0724918354923143,0.036910809908963046,1.7852012940160515,1.7007478357900756,1.9340399689978065,1.687891317191734,32.0,49.0,52.0,52.0,1,0,False,True,
0.65,0.6,0.8,0.8,0.1,0.1,0.01,0.01,10,10.0,1.0,False,5,5,5,5,1.839918882515967,1.7368026666231295,1.7368026666231295,0.0,0.0,2.5047012917957865,2.26739860189272,2.5047012917957865,2.26739860189272,390.0,390.0,390.0,390.0,0,0,False,True,
0.65,0.6,0.8,0.8,0.1,0.1,0.01,0.02,10,10.0,1.0,False,5,5,6,4,1.839918882515967,1.7002260203081023,1.7024126879704884,0.002186667662386066,0.001093931738510493,2.5047012917957865,2.1859631616618915,2.538936012064679,2.161208568311209,390.0,195.0,323.0,245.0,0,1,False,True,
0.65,0.6,0.8,0.8,0.1,0.1,0.01,0.05,10,10.0,1.0,False,5,5,6,4,1.839918882515967,1.608581109784036,1.6336151985005882,0.025034088716552327,0.012595710437628152,2.5047012917957865,1.9945363696126912,2.538936012064679,2.0175221461307475,390.0,78.0,323.0,98.0,0,1,False,True,
0.65,0.6,0.8,0.8,0.1,0.1,0.01,0.1,10,10.0,1.0,False,5,5,7,3,1.839918882515967,1.4803465802034637,1.5551645651735901,0.07481798497012648,0.03811751628728949,2.5047012917957865,1.7544880370313614,2.546998606186068,1.8593908171420621,390.0,39.0,275.0,65.0,0,1,False,True,
0.65,0.6,0.8,0.8,0.1,0.1,0.02,0.01,10,10.0,1.0,False,5,5,5,5,1.839918882515967,1.697728961915435,1.697728961915435,0.0,0.0,2.4087207029863786,2.26739860189272,2.4087207029863786,2.26739860189272,195.0,390.0,195.0,390.0,0,0,False,True,
0.65,0.6,0.8,0.8,0.1,0.1,0.02,0.02,10,10.0,1.0,False,5,5,5,5,1.839918882515967,1.6611523156004078,1.6611523156004078,0.0,0.0,2.4087207029863786,2.1859631616618915,2.4087207029863786,2.1859631616618915,195.0,195.0,195.0,195.0,0,0,False,True,
0.65,0.6,0.8,0.8,0.1,0.1,0.02,0.05,10,10.0,1.0,False,5,5,6,4,1.839918882515967,1.5695074050763413,1.5836458044990154,0.01413839942267403,0.0070942454866952465,2.4087207029863786,1.9945363696126912,2.415184559604082,2.0175221461307475,195.0,78.0,161.0,98.0,0,1,False,True,
0.65,0.6,0.8,0.8,0.1,0.1,0.02,0.1,10,10.0,1.0,False,5,5,7,3,1.839918882515967,1.441272875495769,1.4943953815601039,0.053122506064334774,0.0269171471243049,2.4087207029863786,1.7544880370313614,2.396828643861572,1.8593908171420621,195.0,39.0,137.0,65.0,0,1,False,True,
0.65,0.6,0.8,0.8,0.1,0.1,0.05,0.01,10,10.0,1.0,False,5,5,4,6,1.839918882515967,1.5996780293615593,1.6115319460839874,0.011853916722428082,0.00594455753159176,2.18375275787447,2.26739860189272,2.195080014651407,2.282596126293539,78.0,390.0,98.0,323.0,0,-1,False,True,
0.65,0.6,0.8,0.8,0.1,0.1,0.05,0.02,10,10.0,1.0,False,5,5,4,6,1.839918882515967,1.563101383046532,1.565464539894096,0.002363156847564163,0.0011822767625881258,2.18375275787447,2.1859631616618915,2.195080014651407,2.17982814448223,78.0,195.0,98.0,161.0,0,-1,False,True,
0.65,0.6,0.8,0.8,0.1,0.1,0.05,0.05,10,10.0,1.0,False,5,5,5,5,1.839918882515967,1.4714564725224655,1.4714564725224655,0.0,0.0,2.18375275787447,1.9945363696126912,2.18375275787447,1.9945363696126912,78.0,78.0,78.0,78.0,0,0,False,True,
0.65,0.6,0.8,0.8,0.1,0.1,0.05,0.1,10,10.0,1.0,False,5,5,5,3,1.839918882515967,1.3432219429418932,1.3696869849065942,0.026465041964701008,0.01332045823722176,2.18375275787447,1.7544880370313614,2.1471255937659026,1.8322724462403013,78.0,39.0,70.0,58.0,0,1,False,True,
0.65,0.6,0.8,0.8,0.1,0.1,0.1,0.01,10,10.0,1.0,False,5,5,3,7,1.839918882515967,1.4620253289959992,1.5149161509066822,0.05289082191068295,0.02679819379928701,1.9029249408677613,2.26739860189272,1.995139922323499,2.2800604745072786,39.0,390.0,65.0,275.0,0,-1,False,True,
0.65,0.6,0.8,0.8,0.1,0.1,0.1,0.02,10,10.0,1.0,False,5,5,4,6,1.839918882515967,1.425448682680972,1.46381883217992,0.0383701494989479,0.01937029086161391,1.9029249408677613,2.1859631616618915,1.9829245319363624,2.17982814448223,39.0,195.0,49.0,161.0,0,-1,False,True,
0.65,0.6,0.8,0.8,0.1,0.1,0.1,0.05,10,10.0,1.0,False,5,5,4,5,1.839918882515967,1.3338037721569056,1.3551913678223801,0.021387595665474546,0.010751180853844302,1.9029249408677613,1.9945363696126912,1.958726439636382,1.9796041123774109,39.0,78.0,46.0,74.0,0,-1,False,True,
0.65,0.6,0.8,0.8,0.1,0.1,0.1,0.1,10,10.0,1.0,False,5,5,3,3,1.839918882515967,1.2055692425763334,1.2498241157582188,0.04425487318188548,0.022374064034458994,1.9029249408677613,1.7544880370313614,1.9340399689978065,1.8043728004906345,39.0,39.0,52.0,52.0,0,0,False,True,
0.65,0.65,0.8,0.8,0.1,0.1,0.01,0.01,10,10.0,1.0,False,5,5,5,5,1.9428152514591317,1.836338965269003,1.836338965269003,0.0,0.0,2.5047012917957865,2.5047012917957865,2.5047012917957865,2.5047012917957865,390.0,390.0,390.0,390.0,0,0,False,True,
0.65,0.65,0.8,0.8,0.1,0.1,0.01,0.02,10,10.0,1.0,False,5,5,5,5,1.9428152514591317,1.7972652605613084,1.7972652605613084,0.0,0.0,2.5047012917957865,2.4087207029863786,2.5047012917957865,2.4087207029863786,390.0,195.0,390.0,195.0,0,0,False,True,
0.65,0.65,0.8,0.8,0.1,0.1,0.01,0.05,10,10.0,1.0,False,5,5,6,4,1.9428152514591317,1.6992143280074326,1.717963599389273,0.01874927138184046,0.009418715223600854,2.5047012917957865,2.18375275787447,2.538936012064679,2.195080014651407,390.0,78.0,323.0,98.0,0,1,False,True,
0.65,0.65,0.8,0.8,0.1,0.1,0.01,0.1,10,10.0,1.0,False,5,5,7,3,1.9428152514591317,1.5615616276418725,1.6256298331450467,0.06406820550317427,0.03255271759352576,2.5047012917957865,1.9029249408677613,2.546998606186068,1.995139922323499,390.0,39.0,275.0,65.0,0,1,False,True,
0.65,0.65,0.8,0.8,0.1,0.1,0.02,0.01,10,10.0,1.0,False,5,5,5,5,1.9428152514591317,1.7972652605613084,1.7972652605613084,0.0,0.0,2.4087207029863786,2.5047012917957865,2.4087207029863786,2.5047012917957865,195.0,390.0,195.0,390.0,0,0,False,True,
0.65,0.65,0.8,0.8,0.1,0.1,0.02,0.02,10,10.0,1.0,False,5,5,5,5,1.9428152514591317,1.7581915558536139,1.7581915558536139,0.0,0.0,2.4087207029863786,2.4087207029863786,2.4087207029863786,2.4087207029863786,195.0,195.0,195.0,195.0,0,0,False,True,
0.65,0.65,0.8,0.8,0.1,0.1,0.02,0.05,10,10.0,1.0,False,5,5,6,4,1.9428152514591317,1.660140623299738,1.6679942053877,0.007853582087961941,0.003934510989495976,2.4087207029863786,2.18375275787447,2.415184559604082,2.195080014651407,195.0,78.0,161.0,98.0,0,1,False,True,
0.65,0.65,0.8,0.8,0.1,0.1,0.02,0.1,10,10.0,1.0,False,5,5,6,4,1.9428152514591317,1.522487922934178,1.566348497673524,0.043860574739346125,0.022172523651305866,2.4087207029863786,1.9029249408677613,2.415184559604082,1.9829245319363624,195.0,39.0,161.0,49.0,0,1,False,True,
0.65,0.65,0.8,0.8,0.1,0.1,0.05,0.01,10,10.0,1.0,False,5,5,4,6,1.9428152514591317,1.6992143280074326,1.717963599389273,0.01874927138184046,0.009418715223600854,2.18375275787447,2.5047012917957865,2.195080014651407,2.538936012064679,78.0,390.0,98.0,323.0,0,-1,False,True,
0.65,0.65,0.8,0.8,0.1,0.1,0.05,0.02,10,10.0,1.0,False,5,5,4,6,1.9428152514591317,1.660140623299738,1.6679942053877,0.007853582087961941,0.003934510989495976,2.18375275787447,2.4087207029863786,2.195080014651407,2.415184559604082,78.0,195.0,98.0,161.0,0,-1,False,True,
0.65,0.65,0.8,0.8,0.1,0.1,0.05,0.05,10,10.0,1.0,False,5,5,5,5,1.9428152514591317,1.5620896907458621,1.5620896907458621,0.0,0.0,2.18375275787447,2.18375275787447,2.18375275787447,2.18375275787447,78.0,78.0,78.0,78.0,0,0,False,True,
0.65,0.65,0.8,0.8,0.1,0.1,0.05,0.1,10,10.0,1.0,False,5,5,5,4,1.9428152514591317,1.4244369903803022,1.4452885036511933,0.020851513270891076,0.010480294203177136,2.18375275787447,1.9029249408677613,2.166242321204405,1.958726439636382,78.0,39.0,74.0,46.0,0,1,False,True,
0.65,0.65,0.8,0.8,0.1,0.1,0.1,0.01,10,10.0,1.0,False,5,5,3,7,1.9428152514591317,1.5615616276418725,1.6256298331450467,0.06406820550317427,0.03255271759352576,1.9029249408677613,2.5047012917957865,1.995139922323499,2.546998606186068,39.0,390.0,65.0,275.0,0,-1,False,True,
0.65,0.65,0.8,0.8,0.1,0.1,0.1,0.02,10,10.0,1.0,False,5,5,4,6,1.9428152514591317,1.522487922934178,1.566348497673524,0.043860574739346125,0.022172523651305866,1.9029249408677613,2.4087207029863786,1.9829245319363624,2.415184559604082,39.0,195.0,49.0,161.0,0,-1,False,True,
0.65,0.65,0.8,0.8,0.1,0.1,0.1,0.05,10,10.0,1.0,False,5,5,4,5,1.9428152514591317,1.4244369903803022,1.4452885036511933,0.020851513270891076,0.010480294203177136,1.9029249408677613,2.18375275787447,1.958726439636382,2.166242321204405,39.0,78.0,46.0,74.0,0,-1,False,True,
0.65,0.65,0.8,0.8,0.1,0.1,0.1,0.1,10,10.0,1.0,False,5,5,4,4,1.9428152514591317,1.2867842900147421,1.3265761241540914,0.03979183413934928,0.02009516000762359,1.9029249408677613,1.9029249408677613,1.9411645220369966,1.9411645220369966,39.0,39.0,44.0,44.0,0,0,False,True,
0.65,0.7,0.8,0.8,0.1,0.1,0.01,0.01,10,10.0,1.0,False,5,5,5,5,2.0502150870990756,1.9410022475508983,1.9410022475508983,0.0,0.0,2.5047012917957865,2.781061710141828,2.5047012917957865,2.781061710141828,390.0,390.0,390.0,390.0,0,0,False,True,
0.65,0.7,0.8,0.8,0.1,0.1,0.01,0.02,10,10.0,1.0,False,5,5,5,5,2.0502150870990756,1.8998806230393583,1.8998806230393583,0.0,0.0,2.5047012917957865,2.6690194036537442,2.5047012917957865,2.6690194036537442,390.0,195.0,390.0,195.0,0,0,False,True,
0.65,0.7,0.8,0.8,0.1,0.1,0.01,0.05,10,10.0,1.0,False,5,5,6,4,2.0502150870990756,1.796518987059255,1.8064277654082104,0.009908778348955316,0.004966682454036078,2.5047012917957865,2.406923809122425,2.538936012064679,2.3981141677100073,390.0,78.0,323.0,98.0,0,1,False,True,
0.65,0.7,0.8,0.8,0.1,0.1,0.01,0.1,10,10.0,1.0,False,5,5,6,4,2.0502150870990756,1.650906157925422,1.7008448167774017,0.04993865885197968,0.02528367400338495,2.5047012917957865,2.080767207138838,2.538936012064679,2.1578227266301155,390.0,39.0,323.0,49.0,0,1,False,True,
0.65,0.7,0.8,0.8,0.1,0.1,0.02,0.01,10,10.0,1.0,False,5,5,4,6,2.0502150870990756,1.9019285428432038,1.9041946758066857,0.0022661329634818816,0.0011337086440816018,2.4087207029863786,2.781061710141828,2.35978767182958,2.845170599286769,195.0,390.0,245.0,323.0,0,-1,False,True,
0.65,0.7,0.8,0.8,0.1,0.1,0.02,0.02,10,10.0,1.0,False,5,5,5,5,2.0502150870990756,1.8608069183316638,1.8608069183316638,0.0,0.0,2.4087207029863786,2.6690194036537442,2.4087207029863786,2.6690194036537442,195.0,195.0,195.0,195.0,0,0,False,True,
0.65,0.7,0.8,0.8,0.1,0.1,0.02,0.05,10,10.0,1.0,False,5,5,5,5,2.0502150870990756,1.7574452823515605,1.7574452823515605,0.0,0.0,2.4087207029863786,2.406923809122425,2.4087207029863786,2.406923809122425,195.0,78.0,195.0,78.0,0,0,False,True,
0.65,0.7,0.8,0.8,0.1,0.1,0.02,0.1,10,10.0,1.0,False,5,5,6,4,2.0502150870990756,1.6118324532177275,1.650875422775829,0.0390429695581016,0.019713274939719683,2.4087207029863786,2.080767207138838,2.415184559604082,2.1578227266301155,195.0,39.0,161.0,49.0,0,1,False,True,
0.65,0.7,0.8,0.8,0.1,0.1,0.05,0.01,10,10.0,1.0,False,5,5,4,6,2.0502150870990756,1.803877610289328,1.8318415293872925,0.027963919097964585,0.014080164309938904,2.18375275787447,2.781061710141828,2.195080014651407,2.845170599286769,78.0,390.0,98.0,323.0,0,-1,False,True,
0.65,0.7,0.8,0.8,0.1,0.1,0.05,0.02,10,10.0,1.0,False,5,5,4,6,2.0502150870990756,1.7627559857777881,1.7784201407758284,0.015664154998040303,0.007862828446839543,2.18375275787447,2.6690194036537442,2.195080014651407,2.6971661338744872,78.0,195.0,98.0,161.0,0,-1,False,True,
0.65,0.7,0.8,0.8,0.1,0.1,0.05,0.05,10,10.0,1.0,False,5,5,5,5,2.0502150870990756,1.6593943497976844,1.6593943497976844,0.0,0.0,2.18375275787447,2.406923809122425,2.18375275787447,2.406923809122425,78.0,78.0,78.0,78.0,0,0,False,True,
0.65,0.7,0.8,0.8,0.1,0.1,0.05,0.1,10,10.0,1.0,False,5,5,5,4,2.0502150870990756,1.5137815206638516,1.5293199659715824,0.015538445307730742,0.007799481375676287,2.18375275787447,2.080767207138838,2.166242321204405,2.1304344981741448,78.0,39.0,74.0,46.0,0,1,False,True,
0.65,0.7,0.8,0.8,0.1,0.1,0.1,0.01,10,10.0,1.0,False,5,5,3,7,2.0502150870990756,1.666224909923768,1.745926266683755,0.07970135675998691,0.04065537024433894,1.9029249408677613,2.781061710141828,1.995139922323499,2.8725843135865583,39.0,390.0,65.0,275.0,0,-1,False,True,
0.65,0.7,0.8,0.8,0.1,0.1,0.1,0.02,10,10.0,1.0,False,5,5,3,7,2.0502150870990756,1.625103285412228,1.6799995179229885,0.05489623251076048,0.027828286143500212,1.9029249408677613,2.6690194036537442,1.995139922323499,2.689311824437254,39.0,195.0,65.0,137.0,0,-1,False,True,
0.65,0.7,0.8,0.8,0.1,0.1,0.1,0.05,10,10.0,1.0,False,5,5,4,5,2.0502150870990756,1.5217416494321245,1.5421449722421765,0.02040332281005197,0.010253875759407458,1.9029249408677613,2.406923809122425,1.958726439636382,2.3865540033529427,39.0,78.0,46.0,74.0,0,-1,False,True,
0.65,0.7,0.8,0.8,0.1,0.1,0.1,0.1,10,10.0,1.0,False,5,5,4,4,2.0502150870990756,1.3761288202982915,1.4102412607211454,0.034112440422853885,0.01720250805779572,1.9029249408677613,2.080767207138838,1.9411645220369966,2.110559754173862,39.0,39.0,44.0,44.0,0,0,False,True,
0.65,0.75,0.8,0.8,0.1,0.1,0.01,0.01,10,10.0,1.0,False,4,6,4,6,2.169510818426761,2.05451094190722,2.05451094190722,0.0,0.0,2.428689968370644,3.2128517474336955,2.428689968370644,3.2128517474336955,490.0,323.0,490.0,323.0,-1,-1,False,True,
0.65,0.75,0.8,0.8,0.1,0.1,0.01,0.02,10,10.0,1.0,False,4,6,5,5,2.169510818426761,1.9984623650147342,2.0082404785118095,0.009778113497075358,0.004901027687398445,2.428689968370644,3.0377294979690377,2.5047012917957865,2.9744852412561658,490.0,161.0,390.0,195.0,-1,0,False,True,
0.65,0.75,0.8,0.8,0.1,0.1,0.01,0.05,10,10.0,1.0,False,4,6,5,5,2.169510818426761,1.8564448216758707,1.9012898252089487,0.044845003533078076,0.02267577552727672,2.428689968370644,2.6355524470969764,2.5047012917957865,2.6727832429704486,490.0,64.0,390.0,78.0,-1,0,False,True,
0.65,0.75,0.8,0.8,0.1,0.1,0.01,0.1,10,10.0,1.0,False,4,6,6,4,2.169510818426761,1.655600766816028,1.7915620964897498,0.13596132967372188,0.0703446129909925,2.428689968370644,2.1559873000202487,2.538936012064679,2.362728265669129,490.0,32.0,323.0,49.0,-1,1,True,True,
0.65,0.75,0.8,0.8,0.1,0.1,0.02,0.01,10,10.0,1.0,False,4,6,4,6,2.169510818426761,2.025730583018229,2.025730583018229,0.0,0.0,2.35978767182958,3.2128517474336955,2.35978767182958,3.2128517474336955,245.0,323.0,245.0,323.0,-1,-1,False,True,
0.65,0.75,0.8,0.8,0.1,0.1,0.02,0.02,10,10.0,1.0,False,4,6,4,6,2.169510818426761,1.9696820061257436,1.9696820061257436,0.0,0.0,2.35978767182958,3.0377294979690377,2.35978767182958,3.0377294979690377,245.0,161.0,245.0,161.0,-1,-1,False,True,
0.65,0.75,0.8,0.8,0.1,0.1,0.02,0.05,10,10.0,1.0,False,4,6,5,5,2.169510818426761,1.8276644627868799,1.8622161205012542,0.034551657714374295,0.017425919053649416,2.35978767182958,2.6355524470969764,2.4087207029863786,2.6727832429704486,245.0,64.0,195.0,78.0,-1,0,False,True,
0.65,0.75,0.8,0.8,0.1,0.1,0.02,0.1,10,10.0,1.0,False,4,6,6,4,2.169510818426761,1.6268204079270374,1.741592702488177,0.11477229456113958,0.05906468639584091,2.35978767182958,2.1559873000202487,2.415184559604082,2.362728265669129,245.0,32.0,161.0,49.0,-1,1,True,True,
0.65,0.75,0.8,0.8,0.1,0.1,0.05,0.01,10,10.0,1.0,False,4,6,4,6,2.169510818426761,1.953377436598836,1.953377436598836,0.0,0.0,2.195080014651407,3.2128517474336955,2.195080014651407,3.2128517474336955,98.0,323.0,98.0,323.0,-1,-1,False,True,
0.65,0.75,0.8,0.8,0.1,0.1,0.05,0.02,10,10.0,1.0,False,4,6,4,6,2.169510818426761,1.89732885970635,1.89732885970635,0.0,0.0,2.195080014651407,3.0377294979690377,2.195080014651407,3.0377294979690377,98.0,161.0,98.0,161.0,-1,-1,False,True,
0.65,0.75,0.8,0.8,0.1,0.1,0.05,0.05,10,10.0,1.0,False,4,6,5,5,2.169510818426761,1.7553113163674865,1.7641651879473783,0.008853871579891814,0.004436749145878466,2.195080014651407,2.6355524470969764,2.18375275787447,2.6727832429704486,98.0,64.0,78.0,78.0,-1,0,False,True,
0.65,0.75,0.8,0.8,0.1,0.1,0.05,0.1,10,10.0,1.0,False,4,6,5,4,2.169510818426761,1.5544672615076438,1.6197559705520992,0.06528870904445538,0.033183027021878295,2.195080014651407,2.1559873000202487,2.166242321204405,2.3320832183536218,98.0,32.0,74.0,46.0,-1,1,True,True,
0.65,0.75,0.8,0.8,0.1,0.1,0.1,0.01,10,10.0,1.0,False,4,6,3,7,2.169510818426761,1.8517317288846598,1.8764760573333379,0.024744328448678132,0.012449016062282789,1.9829245319363624,3.2128517474336955,1.995139922323499,3.2731796187532853,49.0,323.0,65.0,275.0,-1,-1,False,True,
0.65,0.75,0.8,0.8,0.1,0.1,0.1,0.02,10,10.0,1.0,False,4,6,3,7,2.169510818426761,1.795683151992174,1.8062462053362425,0.010563053344068374,0.0052954985207619275,1.9829245319363624,3.0377294979690377,1.995139922323499,3.0511910450061093,49.0,161.0,65.0,137.0,-1,-1,False,True,
0.65,0.75,0.8,0.8,0.1,0.1,0.1,0.05,10,10.0,1.0,False,4,6,4,6,2.169510818426761,1.6536656086533106,1.6536656086533106,0.0,0.0,1.9829245319363624,2.6355524470969764,1.9829245319363624,2.6355524470969764,49.0,64.0,49.0,64.0,-1,-1,False,True,
0.65,0.75,0.8,0.8,0.1,0.1,0.1,0.1,10,10.0,1.0,False,4,6,4,4,2.169510818426761,1.452821553793468,1.5004681310718517,0.04764657727838384,0.024109330146450794,1.9829245319363624,2.1559873000202487,1.9411645220369966,2.30984418296057,49.0,32.0,44.0,44.0,-1,0,False,True,
0.65,0.8,0.8,0.8,0.1,0.1,0.01,0.01,10,10.0,1.0,False,4,6,4,6,2.3005670517578816,2.183958100032135,2.183958100032135,0.0,0.0,2.428689968370644,3.6568645346110387,2.428689968370644,3.6568645346110387,490.0,323.0,490.0,323.0,-1,-1,False,True,
0.65,0.8,0.8,0.8,0.1,0.1,0.01,0.02,10,10.0,1.0,False,4,6,4,6,2.3005670517578816,2.126636604299691,2.126636604299691,0.0,0.0,2.428689968370644,3.4531422029119385,2.428689968370644,3.4531422029119385,490.0,161.0,490.0,161.0,-1,-1,False,True,
0.65,0.8,0.8,0.8,0.1,0.1,0.01,0.05,10,10.0,1.0,False,4,6,5,5,2.3005670517578816,1.9810419862030086,2.0146753821842385,0.03363339598122983,0.016958894630629395,2.428689968370644,2.9852693637567205,2.5047012917957865,2.993687483287125,490.0,64.0,390.0,78.0,-1,0,False,True,
0.65,0.8,0.8,0.8,0.1,0.1,0.01,0.1,10,10.0,1.0,False,4,6,6,4,2.3005670517578816,1.7741484549933328,1.8896501162678676,0.11550166127453476,0.059450980093795625,2.428689968370644,2.427341075550926,2.538936012064679,2.6062307381127434,490.0,32.0,323.0,49.0,-1,1,True,True,
0.65,0.8,0.8,0.8,0.1,0.1,0.02,0.01,10,10.0,1.0,False,4,6,4,6,2.3005670517578816,2.1551777411431443,2.1551777411431443,0.0,0.0,2.35978767182958,3.6568645346110387,2.35978767182958,3.6568645346110387,245.0,323.0,245.0,323.0,-1,-1,False,True,
0.65,0.8,0.8,0.8,0.1,0.1,0.02,0.02,10,10.0,1.0,False,4,6,4,6,2.3005670517578816,2.0978562454107004,2.0978562454107004,0.0,0.0,2.35978767182958,3.4531422029119385,2.35978767182958,3.4531422029119385,245.0,161.0,245.0,161.0,-1,-1,False,True,
0.65,0.8,0.8,0.8,0.1,0.1,0.02,0.05,10,10.0,1.0,False,4,6,5,5,2.3005670517578816,1.952261627314018,1.9756016774765437,0.023340050162525605,0.011738385487702787,2.35978767182958,2.9852693637567205,2.4087207029863786,2.993687483287125,245.0,64.0,195.0,78.0,-1,0,False,True,
0.65,0.8,0.8,0.8,0.1,0.1,0.02,0.1,10,10.0,1.0,False,4,6,6,4,2.3005670517578816,1.7453680961043423,1.8396807222662948,0.09431262616195246,0.048285857065592006,2.35978767182958,2.427341075550926,2.415184559604082,2.6062307381127434,245.0,32.0,161.0,49.0,-1,1,True,True,
0.65,0.8,0.8,0.8,0.1,0.1,0.05,0.01,10,10.0,1.0,False,4,6,3,7,2.3005670517578816,2.082824594723751,2.086997434109362,0.00417283938561086,0.002088597780911253,2.195080014651407,3.6568645346110387,2.137631994085884,3.770843673764667,98.0,323.0,131.0,275.0,-1,-1,False,True,
0.65,0.8,0.8,0.8,0.1,0.1,0.05,0.02,10,10.0,1.0,False,4,6,4,6,2.3005670517578816,2.025503098991307,2.025503098991307,0.0,0.0,2.195080014651407,3.4531422029119385,2.195080014651407,3.4531422029119385,98.0,161.0,98.0,161.0,-1,-1,False,True,
0.65,0.8,0.8,0.8,0.1,0.1,0.05,0.05,10,10.0,1.0,False,4,6,4,6,2.3005670517578816,1.8799084808946245,1.8799084808946245,0.0,0.0,2.195080014651407,2.9852693637567205,2.195080014651407,2.9852693637567205,98.0,64.0,98.0,64.0,-1,-1,False,True,
0.65,0.8,0.8,0.8,0.1,0.1,0.05,0.1,10,10.0,1.0,False,4,6,5,5,2.3005670517578816,1.6730149496849487,1.7244615141024728,0.051446564417524154,0.026056980964366473,2.195080014651407,2.427341075550926,2.18375275787447,2.5687429859532767,98.0,32.0,78.0,39.0,-1,0,False,True,
0.65,0.8,0.8,0.8,0.1,0.1,0.1,0.01,10,10.0,1.0,False,4,6,3,7,2.3005670517578816,1.981178887009575,2.0180129469533936,0.03683405994381861,0.018587669415942067,1.9829245319363624,3.6568645346110387,1.995139922323499,3.770843673764667,49.0,323.0,65.0,275.0,-1,-1,False,True,
0.65,0.8,0.8,0.8,0.1,0.1,0.1,0.02,10,10.0,1.0,False,4,6,3,7,2.3005670517578816,1.923857391277131,1.9450991620935891,0.02124177081645806,0.010677487221297037,1.9829245319363624,3.4531422029119385,1.995139922323499,3.505681638834538,49.0,161.0,65.0,137.0,-1,-1,False,True,
0.65,0.8,0.8,0.8,0.1,0.1,0.1,0.05,10,10.0,1.0,False,4,6,4,6,2.3005670517578816,1.7782627731804486,1.7782627731804486,0.0,0.0,1.9829245319363624,2.9852693637567205,1.9829245319363624,2.9852693637567205,49.0,64.0,49.0,64.0,-1,-1,False,True,
0.65,0.8,0.8,0.8,0.1,0.1,0.1,0.1,10,10.0,1.0,False,4,6,4,5,2.3005670517578816,1.5713692419707728,1.6002406329582146,0.028871390987441847,0.014540393334662591,1.9829245319363624,2.427341075550926,1.958726439636382,2.529309009364001,49.0,32.0,46.0,37.0,-1,-1,False,True,
0.65,0.85,0.8,0.8,0.1,0.1,0.01,0.01,10,10.0,1.0,False,4,6,4,6,2.4370995160041735,2.3217508494426387,2.3217508494426387,0.0,0.0,2.428689968370644,4.197121130424473,2.428689968370644,4.197121130424473,490.0,323.0,490.0,323.0,-1,-1,False,True,
0.65,0.85,0.8,0.8,0.1,0.1,0.01,0.02,10,10.0,1.0,False,4,6,4,6,2.4370995160041735,2.265279010062245,2.265279010062245,0.0,0.0,2.428689968370644,3.966670214048744,2.428689968370644,3.966670214048744,490.0,161.0,490.0,161.0,-1,-1,False,True,
0.65,0.85,0.8,0.8,0.1,0.1,0.01,0.05,10,10.0,1.0,False,4,6,5,5,2.4370995160041735,2.1215443399172442,2.1384472832149655,0.01690294329772124,0.008487286159383782,2.428689968370644,3.435602585949758,2.5047012917957865,3.3881288270519745,490.0,64.0,390.0,78.0,-1,0,False,True,
0.65,0.85,0.8,0.8,0.1,0.1,0.01,0.1,10,10.0,1.0,False,4,6,6,4,2.4370995160041735,1.916614063907498,1.9969140545007935,0.08029999059329551,0.040966902622189744,2.428689968370644,2.7989995775159304,2.538936012064679,2.9013291341580922,490.0,32.0,323.0,49.0,-1,1,True,True,
0.65,0.85,0.8,0.8,0.1,0.1,0.02,0.01,10,10.0,1.0,False,4,6,4,6,2.4370995160041735,2.292970490553648,2.292970490553648,0.0,0.0,2.35978767182958,4.197121130424473,2.35978767182958,4.197121130424473,245.0,323.0,245.0,323.0,-1,-1,False,True,
0.65,0.85,0.8,0.8,0.1,0.1,0.02,0.02,10,10.0,1.0,False,4,6,4,6,2.4370995160041735,2.236498651173254,2.236498651173254,0.0,0.0,2.35978767182958,3.966670214048744,2.35978767182958,3.966670214048744,245.0,161.0,245.0,161.0,-1,-1,False,True,
0.65,0.85,0.8,0.8,0.1,0.1,0.02,0.05,10,10.0,1.0,False,4,6,5,5,2.4370995160041735,2.0927639810282535,2.0993735785072714,0.0066095974790179035,0.003310265607503862,2.35978767182958,3.435602585949758,2.4087207029863786,3.3881288270519745,245.0,64.0,195.0,78.0,-1,0,False,True,
0.65,0.85,0.8,0.8,0.1,0.1,0.02,0.1,10,10.0,1.0,False,4,6,5,5,2.4370995160041735,1.8878337050185072,1.949827486098655,0.06199378108014786,0.031482296528670635,2.35978767182958,2.7989995775159304,2.4087207029863786,2.917513487614054,245.0,32.0,195.0,39.0,-1,0,False,True,
0.65,0.85,0.8,0.8,0.1,0.1,0.05,0.01,10,10.0,1.0,False,4,6,3,7,2.4370995160041735,2.2206173441342547,2.2405092880095987,0.019891943875343987,0.009995597504944009,2.195080014651407,4.197121130424473,2.137631994085884,4.396508118722122,98.0,323.0,131.0,275.0,-1,-1,False,True,
0.65,0.85,0.8,0.8,0.1,0.1,0.05,0.02,10,10.0,1.0,False,4,6,3,7,2.4370995160041735,2.164145504753861,2.167687984730593,0.0035424799767320714,0.0017728095604737234,2.195080014651407,3.966670214048744,2.137631994085884,4.087727994706356,98.0,161.0,131.0,137.0,-1,-1,False,True,
0.65,0.85,0.8,0.8,0.1,0.1,0.05,0.05,10,10.0,1.0,False,4,6,4,6,2.4370995160041735,2.0204108346088603,2.0204108346088603,0.0,0.0,2.195080014651407,3.435602585949758,2.195080014651407,3.435602585949758,98.0,64.0,98.0,64.0,-1,-1,False,True,
0.65,0.85,0.8,0.8,0.1,0.1,0.05,0.1,10,10.0,1.0,False,4,6,5,5,2.4370995160041735,1.815480558599114,1.8517765535447792,0.036295994945665155,0.018313673088321356,2.195080014651407,2.7989995775159304,2.18375275787447,2.917513487614054,98.0,32.0,78.0,39.0,-1,0,False,True,
0.65,0.85,0.8,0.8,0.1,0.1,0.1,0.01,10,10.0,1.0,False,4,6,3,7,2.4370995160041735,2.1189716364200786,2.1715248008536303,0.052553164433551736,0.026624855388130805,1.9829245319363624,4.197121130424473,1.995139922323499,4.396508118722122,49.0,323.0,65.0,275.0,-1,-1,False,True,
0.65,0.85,0.8,0.8,0.1,0.1,0.1,0.02,10,10.0,1.0,False,4,6,3,7,2.4370995160041735,2.062499797039685,2.0987034975746246,0.03620370053493982,0.018266681842391413,1.9829245319363624,3.966670214048744,1.995139922323499,4.087727994706356,49.0,161.0,65.0,137.0,-1,-1,False,True,
0.65,0.85,0.8,0.8,0.1,0.1,0.1,0.05,10,10.0,1.0,False,4,6,4,6,2.4370995160041735,1.9187651268946841,1.9187651268946841,0.0,0.0,1.9829245319363624,3.435602585949758,1.9829245319363624,3.435602585949758,49.0,64.0,49.0,64.0,-1,-1,False,True,
0.65,0.85,0.8,0.8,0.1,0.1,0.1,0.1,10,10.0,1.0,False,4,6,4,5,2.4370995160041735,1.713834850884938,1.7278934273594506,0.014058576474512696,0.007054051672922229,1.9829245319363624,2.7989995775159304,1.958726439636382,2.873695812831476,49.0,32.0,46.0,37.0,-1,-1,False,True,
0.65,0.9,0.8,0.8,0.1,0.1,0.01,0.01,10,10.0,1.0,False,3,7,3,7,2.5928373469942754,2.4751728094195067,2.4751728094195067,0.0,0.0,2.2869133537485338,5.196419244284837,2.2869133537485338,5.196419244284837,656.0,275.0,656.0,275.0,-1,-1,False,True,
0.65,0.9,0.8,0.8,0.1,0.1,0.01,0.02,10,10.0,1.0,False,3,7,4,6,2.5928373469942754,2.407062885473822,2.4165017976061813,0.009438912132359256,0.004730610239266597,2.2869133537485338,4.854275473628954,2.428689968370644,4.614252086036681,656.0,137.0,490.0,161.0,-1,-1,False,True,
0.65,0.9,0.8,0.8,0.1,0.1,0.01,0.05,10,10.0,1.0,False,3,7,4,6,2.5928373469942754,2.2356576201952985,2.2831930160048883,0.047535395809589875,0.024052400739073596,2.2869133537485338,4.089630371671306,2.428689968370644,4.038369460785317,656.0,55.0,490.0,64.0,-1,-1,False,True,
0.65,0.9,0.8,0.8,0.1,0.1,0.01,0.1,10,10.0,1.0,False,3,7,5,5,2.5928373469942754,1.9774210893290707,2.137785203084643,0.16036411375557225,0.08348430548995114,2.2869133537485338,3.158881664844729,2.5047012917957865,3.3858863567060546,656.0,27.0,390.0,39.0,-1,0,False,True,
0.65,0.9,0.8,0.8,0.1,0.1,0.02,0.01,10,10.0,1.0,False,3,7,3,7,2.5928373469942754,2.456025479406099,2.456025479406099,0.0,0.0,2.243541620568002,5.196419244284837,2.243541620568002,5.196419244284837,328.0,275.0,328.0,275.0,-1,-1,False,True,
0.65,0.9,0.8,0.8,0.1,0.1,0.02,0.02,10,10.0,1.0,False,3,7,3,7,2.5928373469942754,2.3879155554604146,2.3879155554604146,0.0,0.0,2.243541620568002,4.854275473628954,2.243541620568002,4.854275473628954,328.0,137.0,328.0,137.0,-1,-1,False,True,
0.65,0.9,0.8,0.8,0.1,0.1,0.02,0.05,10,10.0,1.0,False,3,7,4,6,2.5928373469942754,2.216510290181891,2.2544126571158976,0.037902366934006615,0.019131896917191294,2.243541620568002,4.089630371671306,2.35978767182958,4.038369460785317,328.0,55.0,245.0,64.0,-1,-1,False,True,
0.65,0.9,0.8,0.8,0.1,0.1,0.02,0.1,10,10.0,1.0,False,3,7,5,5,2.5928373469942754,1.958273759315663,2.0987114983769484,0.14043773906128543,0.07274294630697933,2.243541620568002,3.158881664844729,2.4087207029863786,3.3858863567060546,328.0,27.0,195.0,39.0,-1,0,False,True,
0.65,0.9,0.8,0.8,0.1,0.1,0.05,0.01,10,10.0,1.0,False,3,7,3,7,2.5928373469942754,2.407668453061827,2.407668453061827,0.0,0.0,2.137631994085884,5.196419244284837,2.137631994085884,5.196419244284837,131.0,275.0,131.0,275.0,-1,-1,False,True,
0.65,0.9,0.8,0.8,0.1,0.1,0.05,0.02,10,10.0,1.0,False,3,7,3,7,2.5928373469942754,2.3395585291161423,2.3395585291161423,0.0,0.0,2.137631994085884,4.854275473628954,2.137631994085884,4.854275473628954,131.0,137.0,131.0,137.0,-1,-1,False,True,
0.65,0.9,0.8,0.8,0.1,0.1,0.05,0.05,10,10.0,1.0,False,3,7,4,6,2.5928373469942754,2.1681532638376186,2.1820595106965044,0.013906246858885751,0.006977352515544151,2.137631994085884,4.089630371671306,2.195080014651407,4.038369460785317,131.0,55.0,98.0,64.0,-1,-1,False,True,
0.65,0.9,0.8,0.8,0.1,0.1,0.05,0.1,10,10.0,1.0,False,3,7,5,5,2.5928373469942754,1.9099167329713909,2.0006605658230727,0.09074383285168186,0.0464169672049165,2.137631994085884,3.158881664844729,2.18375275787447,3.3858863567060546,131.0,27.0,78.0,39.0,-1,0,False,True,
0.65,0.9,0.8,0.8,0.1,0.1,0.1,0.01,10,10.0,1.0,False,3,7,3,7,2.5928373469942754,2.3386839659058585,2.3386839659058585,0.0,0.0,1.995139922323499,5.196419244284837,1.995139922323499,5.196419244284837,65.0,275.0,65.0,275.0,-1,-1,False,True,
0.65,0.9,0.8,0.8,0.1,0.1,0.1,0.02,10,10.0,1.0,False,3,7,3,7,2.5928373469942754,2.2705740419601743,2.2705740419601743,0.0,0.0,1.995139922323499,4.854275473628954,1.995139922323499,4.854275473628954,65.0,137.0,65.0,137.0,-1,-1,False,True,
0.65,0.9,0.8,0.8,0.1,0.1,0.1,0.05,10,10.0,1.0,False,3,7,3,7,2.5928373469942754,2.0991687766816507,2.0991687766816507,0.0,0.0,1.995139922323499,4.089630371671306,1.995139922323499,4.089630371671306,65.0,55.0,65.0,55.0,-1,-1,False,True,
0.65,0.9,0.8,0.8,0.1,0.1,0.1,0.1,10,10.0,1.0,False,3,7,4,6,2.5928373469942754,1.8409322458154227,1.890175750577146,0.049243504761723234,0.02492737085854085,1.995139922323499,3.158881664844729,1.9829245319363624,3.3387716146112925,65.0,27.0,49.0,32.0,-1,-1,False,True,
0.65,0.95,0.8,0.8,0.1,0.1,0.01,0.01,10,10.0,1.0,False,3,7,3,7,2.7600027504003153,2.659636384780587,2.659636384780587,0.0,0.0,2.2869133537485338,6.249074400628283,2.2869133537485338,6.249074400628283,656.0,275.0,656.0,275.0,-1,-1,False,True,
0.65,0.95,0.8,0.8,0.1,0.1,0.01,0.02,10,10.0,1.0,False,3,7,3,7,2.7600027504003153,2.6043031909686887,2.6043031909686887,0.0,0.0,2.2869133537485338,5.912685710116605,2.2869133537485338,5.912685710116605,656.0,137.0,656.0,137.0,-1,-1,False,True,
0.65,0.95,0.8,0.8,0.1,0.1,0.01,0.05,10,10.0,1.0,False,3,7,4,6,2.7600027504003153,2.465082505925623,2.476410623702822,0.011328117777198887,0.005680129998389709,2.2869133537485338,5.144249444221367,2.428689968370644,4.899134806320443,656.0,55.0,490.0,64.0,-1,-1,False,True,
0.65,0.95,0.8,0.8,0.1,0.1,0.01,0.1,10,10.0,1.0,False,3,7,4,6,2.7600027504003153,2.2566874060081132,2.321965668214713,0.06527826220659971,0.033177630288193746,2.2869133537485338,4.176545118535746,2.428689968370644,4.198022847681387,656.0,27.0,490.0,32.0,-1,-1,False,True,
0.65,0.95,0.8,0.8,0.1,0.1,0.02,0.01,10,10.0,1.0,False,3,7,3,7,2.7600027504003153,2.6404890547671793,2.6404890547671793,0.0,0.0,2.243541620568002,6.249074400628283,2.243541620568002,6.249074400628283,328.0,275.0,328.0,275.0,-1,-1,False,True,
0.65,0.95,0.8,0.8,0.1,0.1,0.02,0.02,10,10.0,1.0,False,3,7,3,7,2.7600027504003153,2.5851558609552807,2.5851558609552807,0.0,0.0,2.243541620568002,5.912685710116605,2.243541620568002,5.912685710116605,328.0,137.0,328.0,137.0,-1,-1,False,True,
0.65,0.95,0.8,0.8,0.1,0.1,0.02,0.05,10,10.0,1.0,False,3,7,4,6,2.7600027504003153,2.445935175912215,2.447630264813831,0.0016950889016160708,0.0008479037180972465,2.243541620568002,5.144249444221367,2.35978767182958,4.899134806320443,328.0,55.0,245.0,64.0,-1,-1,False,True,
0.65,0.95,0.8,0.8,0.1,0.1,0.02,0.1,10,10.0,1.0,False,3,7,4,6,2.7600027504003153,2.2375400759947057,2.293185309325722,0.05564523333101645,0.028213280343945445,2.243541620568002,4.176545118535746,2.35978767182958,4.198022847681387,328.0,27.0,245.0,32.0,-1,-1,False,True,
0.65,0.95,0.8,0.8,0.1,0.1,0.05,0.01,10,10.0,1.0,False,3,7,3,7,2.7600027504003153,2.592132028422907,2.592132028422907,0.0,0.0,2.137631994085884,6.249074400628283,2.137631994085884,6.249074400628283,131.0,275.0,131.0,275.0,-1,-1,False,True,
0.65,0.95,0.8,0.8,0.1,0.1,0.05,0.02,10,10.0,1.0,False,3,7,3,7,2.7600027504003153,2.536798834611009,2.536798834611009,0.0,0.0,2.137631994085884,5.912685710116605,2.137631994085884,5.912685710116605,131.0,137.0,131.0,137.0,-1,-1,False,True,
0.65,0.95,0.8,0.8,0.1,0.1,0.05,0.05,10,10.0,1.0,False,3,7,3,7,2.7600027504003153,2.397578149567943,2.397578149567943,0.0,0.0,2.137631994085884,5.144249444221367,2.137631994085884,5.144249444221367,131.0,55.0,131.0,55.0,-1,-1,False,True,
0.65,0.95,0.8,0.8,0.1,0.1,0.05,0.1,10,10.0,1.0,False,3,7,4,6,2.7600027504003153,2.1891830496504334,2.220832162906329,0.03164911325589559,0.015950428000585597,2.137631994085884,4.176545118535746,2.195080014651407,4.198022847681387,131.0,27.0,98.0,32.0,-1,-1,False,True,
0.65,0.95,0.8,0.8,0.1,0.1,0.1,0.01,10,10.0,1.0,False,3,7,2,8,2.7600027504003153,2.523147541266939,2.5460243740135975,0.022876832746658415,0.011504085201513808,1.995139922323499,6.249074400628283,1.8940835651989134,6.734807714100592,65.0,275.0,99.0,240.0,-1,-1,False,True,
0.65,0.95,0.8,0.8,0.1,0.1,0.1,0.02,10,10.0,1.0,False,3,7,2,8,2.7600027504003153,2.4678143474550405,2.4768876773421153,0.009073329887074877,0.004546971187373538,1.995139922323499,5.912685710116605,1.8940835651989134,6.284916538872575,65.0,137.0,99.0,120.0,-1,-1,False,True,
0.65,0.95,0.8,0.8,0.1,0.1,0.1,0.05,10,10.0,1.0,False,3,7,3,7,2.7600027504003153,2.3285936624119747,2.3285936624119747,0.0,0.0,1.995139922323499,5.144249444221367,1.995139922323499,5.144249444221367,65.0,55.0,65.0,55.0,-1,-1,False,True,
0.65,0.95,0.8,0.8,0.1,0.1,0.1,0.1,10,10.0,1.0,False,3,7,3,7,2.7600027504003153,2.120198562494465,2.120198562494465,0.0,0.0,1.995139922323499,4.176545118535746,1.995139922323499,4.176545118535746,65.0,27.0,65.0,27.0,-1,-1,False,True,
0.7,0.5,0.8,0.8,0.1,0.1,0.01,0.01,10,10.0,1.0,False,6,4,6,4,1.7794273760002493,1.6744249899871368,1.6744249899871368,0.0,0.0,2.845170599286769,1.8753624728775729,2.845170599286769,1.8753624728775729,323.0,490.0,323.0,490.0,1,1,False,True,
0.7,0.5,0.8,0.8,0.1,0.1,0.01,0.02,10,10.0,1.0,False,6,4,6,4,1.7794273760002493,1.6504950474164746,1.6504950474164746,0.0,0.0,2.845170599286769,1.831017854797355,2.845170599286769,1.831017854797355,323.0,245.0,323.0,245.0,1,1,False,True,
0.7,0.5,0.8,0.8,0.1,0.1,0.01,0.05,10,10.0,1.0,False,6,4,7,3,1.7794273760002493,1.5905048929561367,1.6017781590413853,0.01127326608524859,0.0056525487482653935,2.845170599286769,1.7244046536184965,2.8725843135865583,1.7273113674434641,323.0,98.0,275.0,131.0,1,1,False,True,
0.7,0.5,0.8,0.8,0.1,0.1,0.01,0.1,10,10.0,1.0,False,6,4,7,3,1.7794273760002493,1.506711152097203,1.5415310565959652,0.034819904498762266,0.01756238882090845,2.845170599286769,1.5857985884176204,2.8725843135865583,1.6263186673401444,323.0,49.0,275.0,65.0,1,1,False,True,
0.7,0.5,0.8,0.8,0.1,0.1,0.02,0.01,10,10.0,1.0,False,6,4,6,4,1.7794273760002493,1.6210036013756728,1.6210036013756728,0.0,0.0,2.6971661338744872,1.8753624728775729,2.6971661338744872,1.8753624728775729,161.0,490.0,161.0,490.0,1,1,False,True,
0.7,0.5,0.8,0.8,0.1,0.1,0.02,0.02,10,10.0,1.0,False,6,4,6,4,1.7794273760002493,1.5970736588050105,1.5970736588050105,0.0,0.0,2.6971661338744872,1.831017854797355,2.6971661338744872,1.831017854797355,161.0,245.0,161.0,245.0,1,1,False,True,
0.7,0.5,0.8,0.8,0.1,0.1,0.02,0.05,10,10.0,1.0,False,6,4,6,4,1.7794273760002493,1.5370835043446727,1.5370835043446727,0.0,0.0,2.6971661338744872,1.7244046536184965,2.6971661338744872,1.7244046536184965,161.0,98.0,161.0,98.0,1,1,False,True,
0.7,0.5,0.8,0.8,0.1,0.1,0.02,0.1,10,10.0,1.0,False,6,4,7,3,1.7794273760002493,1.453289763485739,1.4756043078351988,0.022314544349459897,0.011219746668037406,2.6971661338744872,1.5857985884176204,2.689311824437254,1.6263186673401444,161.0,49.0,137.0,65.0,1,1,False,True,
0.7,0.5,0.8,0.8,0.1,0.1,0.05,0.01,10,10.0,1.0,False,6,4,5,5,1.7794273760002493,1.4859819060053736,1.5135180354440236,0.027536129438650025,0.013863281001871007,2.3565058418107934,1.8753624728775729,2.406923809122425,1.8873401900233948,64.0,490.0,78.0,390.0,1,0,False,True,
0.7,0.5,0.8,0.8,0.1,0.1,0.05,0.02,10,10.0,1.0,False,6,4,5,5,1.7794273760002493,1.4620519634347113,1.4825889283650535,0.020536964930342183,0.010321384249870735,2.3565058418107934,1.831017854797355,2.406923809122425,1.8298599318298372,64.0,245.0,78.0,195.0,1,0,False,True,
0.7,0.5,0.8,0.8,0.1,0.1,0.05,0.05,10,10.0,1.0,False,6,4,5,4,1.7794273760002493,1.4020618089743735,1.4098406347389147,0.007778825764541253,0.0038969864643008697,2.3565058418107934,1.7244046536184965,2.3865540033529427,1.7159899576232136,64.0,98.0,74.0,93.0,1,1,False,True,
0.7,0.5,0.8,0.8,0.1,0.1,0.05,0.1,10,10.0,1.0,False,6,4,5,3,1.7794273760002493,1.3182680681154397,1.3335619392094367,0.015293871093996936,0.007676248027875247,2.3565058418107934,1.5857985884176204,2.36432062419796,1.6049156826521427,64.0,49.0,70.0,58.0,1,1,False,True,
0.7,0.5,0.8,0.8,0.1,0.1,0.1,0.01,10,10.0,1.0,False,6,4,4,6,1.7794273760002493,1.2960690025139776,1.4028434314998033,0.10677442898582568,0.0548380146178948,1.948903765398115,1.8753624728775729,2.1578227266301155,1.8846529925201025,32.0,490.0,49.0,323.0,1,-1,True,True,
0.7,0.5,0.8,0.8,0.1,0.1,0.1,0.02,10,10.0,1.0,False,6,4,4,6,1.7794273760002493,1.2721390599433153,1.364947950032707,0.09280889008939175,0.047497980663437196,1.948903765398115,1.831017854797355,2.1578227266301155,1.814569471216466,32.0,245.0,49.0,161.0,1,-1,True,True,
0.7,0.5,0.8,0.8,0.1,0.1,0.1,0.05,10,10.0,1.0,False,6,4,4,4,1.7794273760002493,1.2121489054829775,1.28156221394243,0.0694133084594526,0.03531595869251756,1.948903765398115,1.7244046536184965,2.110559754173862,1.7067807866035742,32.0,98.0,44.0,88.0,1,0,False,True,
0.7,0.5,0.8,0.8,0.1,0.1,0.1,0.1,10,10.0,1.0,False,6,4,4,3,1.7794273760002493,1.1283551646240437,1.1978681771870714,0.06951301256302767,0.03536757260382577,1.948903765398115,1.5857985884176204,2.077940812443172,1.5943892823880983,32.0,49.0,41.0,55.0,1,1,False,True,
0.7,0.55,0.8,0.8,0.1,0.1,0.01,0.01,10,10.0,1.0,False,6,4,6,4,1.864897512124684,1.7574336608392191,1.7574336608392191,0.0,0.0,2.845170599286769,2.037677401286632,2.845170599286769,2.037677401286632,323.0,490.0,323.0,490.0,1,1,False,True,
0.7,0.55,0.8,0.8,0.1,0.1,0.01,0.02,10,10.0,1.0,False,6,4,6,4,1.864897512124684,1.7316848285940587,1.7316848285940587,0.0,0.0,2.845170599286769,1.9858793195918247,2.845170599286769,1.9858793195918247,323.0,245.0,323.0,245.0,1,1,False,True,
0.7,0.55,0.8,0.8,0.1,0.1,0.01,0.05,10,10.0,1.0,False,6,4,7,3,1.864897512124684,1.6670823581297216,1.6710921801333924,0.004009822003670838,0.0020069221797510426,2.845170599286769,1.8616428075064262,2.8725843135865583,1.8512851948836204,323.0,98.0,275.0,131.0,1,1,False,True,
0.7,0.55,0.8,0.8,0.1,0.1,0.01,0.1,10,10.0,1.0,False,6,4,7,3,1.864897512124684,1.576691088119369,1.6073611400208916,0.03067005190152261,0.015453210811041757,2.845170599286769,1.7007478357900756,2.8725843135865583,1.7369818839896627,323.0,49.0,275.0,65.0,1,1,False,True,
0.7,0.55,0.8,0.8,0.1,0.1,0.02,0.01,10,10.0,1.0,False,6,4,5,5,1.864897512124684,1.704012272227755,1.706002794895428,0.001990522667672856,0.000995756770747177,2.6971661338744872,2.037677401286632,2.6690194036537442,2.0632690748342464,161.0,490.0,195.0,390.0,1,0,False,True,
0.7,0.55,0.8,0.8,0.1,0.1,0.02,0.02,10,10.0,1.0,False,6,4,6,4,1.864897512124684,1.6782634399825946,1.6782634399825946,0.0,0.0,2.6971661338744872,1.9858793195918247,2.6971661338744872,1.9858793195918247,161.0,245.0,161.0,245.0,1,1,False,True,
0.7,0.55,0.8,0.8,0.1,0.1,0.02,0.05,10,10.0,1.0,False,6,4,6,4,1.864897512124684,1.6136609695182575,1.6136609695182575,0.0,0.0,2.6971661338744872,1.8616428075064262,2.6971661338744872,1.8616428075064262,161.0,98.0,161.0,98.0,1,1,False,True,
0.7,0.55,0.8,0.8,0.1,0.1,0.02,0.1,10,10.0,1.0,False,6,4,7,3,1.864897512124684,1.523269699507905,1.5414343912601252,0.01816469175222024,0.009123715529065567,2.6971661338744872,1.7007478357900756,2.689311824437254,1.7369818839896627,161.0,49.0,137.0,65.0,1,1,False,True,
0.7,0.55,0.8,0.8,0.1,0.1,0.05,0.01,10,10.0,1.0,False,6,4,5,5,1.864897512124684,1.5689905768574557,1.6026411589153242,0.03365058205786853,0.016967633434926545,2.3565058418107934,2.037677401286632,2.406923809122425,2.0632690748342464,64.0,490.0,78.0,390.0,1,0,False,True,
0.7,0.55,0.8,0.8,0.1,0.1,0.05,0.02,10,10.0,1.0,False,6,4,5,5,1.864897512124684,1.5432417446122955,1.5688260246894814,0.02558428007718594,0.012874309462414024,2.3565058418107934,1.9858793195918247,2.406923809122425,1.9946658054907853,64.0,245.0,78.0,195.0,1,0,False,True,
0.7,0.55,0.8,0.8,0.1,0.1,0.05,0.05,10,10.0,1.0,False,6,4,5,4,1.864897512124684,1.4786392741479581,1.4860382847045948,0.007399010556636609,0.0037063568945618136,2.3565058418107934,1.8616428075064262,2.3865540033529427,1.8518549247980773,64.0,98.0,74.0,93.0,1,1,False,True,
0.7,0.55,0.8,0.8,0.1,0.1,0.05,0.1,10,10.0,1.0,False,6,4,5,3,1.864897512124684,1.3882480041376057,1.3986137861166168,0.010365781979011057,0.005196345403220445,2.3565058418107934,1.7007478357900756,2.36432062419796,1.7127890546310498,64.0,49.0,70.0,58.0,1,1,False,True,
0.7,0.55,0.8,0.8,0.1,0.1,0.1,0.01,10,10.0,1.0,False,6,4,4,6,1.864897512124684,1.37907767336606,1.495183582044379,0.11610590867831916,0.05977111370341538,1.948903765398115,2.037677401286632,2.1578227266301155,2.0669702043058558,32.0,490.0,49.0,323.0,1,-1,True,True,
0.7,0.55,0.8,0.8,0.1,0.1,0.1,0.02,10,10.0,1.0,False,6,4,4,6,1.864897512124684,1.3533288411208995,1.4532024856098866,0.09987364448898717,0.051204681525718915,1.948903765398115,1.9858793195918247,2.1578227266301155,1.981992732627951,32.0,245.0,49.0,161.0,1,-1,True,True,
0.7,0.55,0.8,0.8,0.1,0.1,0.1,0.05,10,10.0,1.0,False,6,4,4,4,1.864897512124684,1.2887263706565624,1.3573413437875232,0.06861497313096088,0.03490277650949945,1.948903765398115,1.8616428075064262,2.110559754173862,1.8411458919454342,32.0,98.0,44.0,88.0,1,0,False,True,
0.7,0.55,0.8,0.8,0.1,0.1,0.1,0.1,10,10.0,1.0,False,6,4,4,3,1.864897512124684,1.1983351006462097,1.2625317157870104,0.06419661514080066,0.03261901458194422,1.948903765398115,1.7007478357900756,2.077940812443172,1.7008945294403999,32.0,49.0,41.0,55.0,1,1,False,True,
0.7,0.6,0.8,0.8,0.1,0.1,0.01,0.01,10,10.0,1.0,False,6,4,6,4,1.9533698400180048,1.8436854899408868,1.8436854899408868,0.0,0.0,2.845170599286769,2.2212330276574193,2.845170599286769,2.2212330276574193,323.0,490.0,323.0,490.0,1,1,False,True,
0.7,0.6,0.8,0.8,0.1,0.1,0.01,0.02,10,10.0,1.0,False,6,4,6,4,1.9533698400180048,1.8162906179685079,1.8162906179685079,0.0,0.0,2.845170599286769,2.161208568311209,2.845170599286769,2.161208568311209,323.0,245.0,323.0,245.0,1,1,False,True,
0.7,0.6,0.8,0.8,0.1,0.1,0.01,0.05,10,10.0,1.0,False,6,4,6,4,1.9533698400180048,1.7474931284986077,1.7474931284986077,0.0,0.0,2.845170599286769,2.0175221461307475,2.845170599286769,2.0175221461307475,323.0,98.0,323.0,98.0,1,1,False,True,
0.7,0.6,0.8,0.8,0.1,0.1,0.01,0.1,10,10.0,1.0,False,6,4,7,3,1.9533698400180048,1.651045028895948,1.6754609987122984,0.024415969816350414,0.012282806519632783,2.845170599286769,1.8320251576796527,2.8725843135865583,1.8593908171420621,323.0,49.0,275.0,65.0,1,1,False,True,
0.7,0.6,0.8,0.8,0.1,0.1,0.02,0.01,10,10.0,1.0,False,6,4,5,5,1.9533698400180048,1.7902641013294227,1.8003443243934851,0.010080223064062421,0.005052834259834004,2.6971661338744872,2.2212330276574193,2.6690194036537442,2.26739860189272,161.0,490.0,195.0,390.0,1,0,False,True,
0.7,0.6,0.8,0.8,0.1,0.1,0.02,0.02,10,10.0,1.0,False,6,4,5,5,1.9533698400180048,1.7628692293570438,1.763767678078458,0.0008984487214140913,0.0004493252770809708,2.6971661338744872,2.161208568311209,2.6690194036537442,2.1859631616618915,161.0,245.0,195.0,195.0,1,0,False,True,
0.7,0.6,0.8,0.8,0.1,0.1,0.02,0.05,10,10.0,1.0,False,6,4,6,4,1.9533698400180048,1.6940717398871437,1.6940717398871437,0.0,0.0,2.6971661338744872,2.0175221461307475,2.6971661338744872,2.0175221461307475,161.0,98.0,161.0,98.0,1,1,False,True,
0.7,0.6,0.8,0.8,0.1,0.1,0.02,0.1,10,10.0,1.0,False,6,4,7,3,1.9533698400180048,1.597623640284484,1.609534249951532,0.011910609667048044,0.005973072915290564,2.6971661338744872,1.8320251576796527,2.689311824437254,1.8593908171420621,161.0,49.0,137.0,65.0,1,1,False,True,
0.7,0.6,0.8,0.8,0.1,0.1,0.05,0.01,10,10.0,1.0,False,6,4,4,6,1.9533698400180048,1.6552424059591235,1.6999961121029248,0.04475370614380125,0.022629092778596954,2.3565058418107934,2.2212330276574193,2.3981141677100073,2.282596126293539,64.0,490.0,98.0,323.0,1,-1,True,True,
0.7,0.6,0.8,0.8,0.1,0.1,0.05,0.02,10,10.0,1.0,False,6,4,5,5,1.9533698400180048,1.6278475339867444,1.6604060420983542,0.03255850811160976,0.016412483086696544,2.3565058418107934,2.161208568311209,2.406923809122425,2.1859631616618915,64.0,245.0,78.0,195.0,1,0,False,True,
0.7,0.6,0.8,0.8,0.1,0.1,0.05,0.05,10,10.0,1.0,False,6,4,5,5,1.9533698400180048,1.5590500445168445,1.5687611315742878,0.00971108705744328,0.004867350782678101,2.3565058418107934,2.0175221461307475,2.406923809122425,1.9945363696126912,64.0,98.0,78.0,78.0,1,0,False,True,
0.7,0.6,0.8,0.8,0.1,0.1,0.05,0.1,10,10.0,1.0,False,6,4,5,3,1.9533698400180048,1.4626019449141845,1.466047688572146,0.0034457436579615752,0.0017243568253473484,2.3565058418107934,1.8320251576796527,2.36432062419796,1.8322724462403013,64.0,49.0,70.0,58.0,1,1,False,True,
0.7,0.6,0.8,0.8,0.1,0.1,0.1,0.01,10,10.0,1.0,False,6,4,4,6,1.9533698400180048,1.4653295024677275,1.5944131634721161,0.12908366100438862,0.06667019666143903,1.948903765398115,2.2212330276574193,2.1578227266301155,2.282596126293539,32.0,490.0,49.0,323.0,1,-1,True,True,
0.7,0.6,0.8,0.8,0.1,0.1,0.1,0.02,10,10.0,1.0,False,6,4,4,6,1.9533698400180048,1.4379346304953486,1.548345757282225,0.11041112678687637,0.0567578230738351,1.948903765398115,2.161208568311209,2.1578227266301155,2.17982814448223,32.0,245.0,49.0,161.0,1,-1,True,True,
0.7,0.6,0.8,0.8,0.1,0.1,0.1,0.05,10,10.0,1.0,False,6,4,4,5,1.9533698400180048,1.3691371410254485,1.4392228301427696,0.07008568911732116,0.035664080419521425,1.948903765398115,2.0175221461307475,2.1304344981741448,1.9796041123774109,32.0,98.0,46.0,74.0,1,-1,True,True,
0.7,0.6,0.8,0.8,0.1,0.1,0.1,0.1,10,10.0,1.0,False,6,4,4,4,1.9533698400180048,1.2726890414227887,1.33221272538092,0.059523683958131235,0.030209152162028366,1.948903765398115,1.8320251576796527,2.110559754173862,1.79545689424828,32.0,49.0,44.0,44.0,1,0,False,True,
0.7,0.65,0.8,0.8,0.1,0.1,0.01,0.01,10,10.0,1.0,False,5,5,5,5,2.0502150870990756,1.9410022475508983,1.9410022475508983,0.0,0.0,2.781061710141828,2.5047012917957865,2.781061710141828,2.5047012917957865,390.0,390.0,390.0,390.0,0,0,False,True,
0.7,0.65,0.8,0.8,0.1,0.1,0.01,0.02,10,10.0,1.0,False,5,5,6,4,2.0502150870990756,1.9019285428432038,1.9041946758066857,0.0022661329634818816,0.0011337086440816018,2.781061710141828,2.4087207029863786,2.845170599286769,2.35978767182958,390.0,195.0,323.0,245.0,0,1,False,True,
0.7,0.65,0.8,0.8,0.1,0.1,0.01,0.05,10,10.0,1.0,False,5,5,6,4,2.0502150870990756,1.803877610289328,1.8318415293872925,0.027963919097964585,0.014080164309938904,2.781061710141828,2.18375275787447,2.845170599286769,2.195080014651407,390.0,78.0,323.0,98.0,0,1,False,True,
0.7,0.65,0.8,0.8,0.1,0.1,0.01,0.1,10,10.0,1.0,False,5,5,7,3,2.0502150870990756,1.666224909923768,1.745926266683755,0.07970135675998691,0.04065537024433894,2.781061710141828,1.9029249408677613,2.8725843135865583,1.995139922323499,390.0,39.0,275.0,65.0,0,1,False,True,
0.7,0.65,0.8,0.8,0.1,0.1,0.02,0.01,10,10.0,1.0,False,5,5,5,5,2.0502150870990756,1.8998806230393583,1.8998806230393583,0.0,0.0,2.6690194036537442,2.5047012917957865,2.6690194036537442,2.5047012917957865,195.0,390.0,195.0,390.0,0,0,False,True,
0.7,0.65,0.8,0.8,0.1,0.1,0.02,0.02,10,10.0,1.0,False,5,5,5,5,2.0502150870990756,1.8608069183316638,1.8608069183316638,0.0,0.0,2.6690194036537442,2.4087207029863786,2.6690194036537442,2.4087207029863786,195.0,195.0,195.0,195.0,0,0,False,True,
0.7,0.65,0.8,0.8,0.1,0.1,0.02,0.05,10,10.0,1.0,False,5,5,6,4,2.0502150870990756,1.7627559857777881,1.7784201407758284,0.015664154998040303,0.007862828446839543,2.6690194036537442,2.18375275787447,2.6971661338744872,2.195080014651407,195.0,78.0,161.0,98.0,0,1,False,True,
0.7,0.65,0.8,0.8,0.1,0.1,0.02,0.1,10,10.0,1.0,False,5,5,7,3,2.0502150870990756,1.625103285412228,1.6799995179229885,0.05489623251076048,0.027828286143500212,2.6690194036537442,1.9029249408677613,2.689311824437254,1.995139922323499,195.0,39.0,137.0,65.0,0,1,False,True,
0.7,0.65,0.8,0.8,0.1,0.1,0.05,0.01,10,10.0,1.0,False,5,5,4,6,2.0502150870990756,1.796518987059255,1.8064277654082104,0.009908778348955316,0.004966682454036078,2.406923809122425,2.5047012917957865,2.3981141677100073,2.538936012064679,78.0,390.0,98.0,323.0,0,-1,False,True,
0.7,0.65,0.8,0.8,0.1,0.1,0.05,0.02,10,10.0,1.0,False,5,5,5,5,2.0502150870990756,1.7574452823515605,1.7574452823515605,0.0,0.0,2.406923809122425,2.4087207029863786,2.406923809122425,2.4087207029863786,78.0,195.0,78.0,195.0,0,0,False,True,
0.7,0.65,0.8,0.8,0.1,0.1,0.05,0.05,10,10.0,1.0,False,5,5,5,5,2.0502150870990756,1.6593943497976844,1.6593943497976844,0.0,0.0,2.406923809122425,2.18375275787447,2.406923809122425,2.18375275787447,78.0,78.0,78.0,78.0,0,0,False,True,
0.7,0.65,0.8,0.8,0.1,0.1,0.05,0.1,10,10.0,1.0,False,5,5,5,4,2.0502150870990756,1.5217416494321245,1.5421449722421765,0.02040332281005197,0.010253875759407458,2.406923809122425,1.9029249408677613,2.3865540033529427,1.958726439636382,78.0,39.0,74.0,46.0,0,1,False,True,
0.7,0.65,0.8,0.8,0.1,0.1,0.1,0.01,10,10.0,1.0,False,5,5,4,6,2.0502150870990756,1.650906157925422,1.7008448167774017,0.04993865885197968,0.02528367400338495,2.080767207138838,2.5047012917957865,2.1578227266301155,2.538936012064679,39.0,390.0,49.0,323.0,0,-1,False,True,
0.7,0.65,0.8,0.8,0.1,0.1,0.1,0.02,10,10.0,1.0,False,5,5,4,6,2.0502150870990756,1.6118324532177275,1.650875422775829,0.0390429695581016,0.019713274939719683,2.080767207138838,2.4087207029863786,2.1578227266301155,2.415184559604082,39.0,195.0,49.0,161.0,0,-1,False,True,
0.7,0.65,0.8,0.8,0.1,0.1,0.1,0.05,10,10.0,1.0,False,5,5,4,5,2.0502150870990756,1.5137815206638516,1.5293199659715824,0.015538445307730742,0.007799481375676287,2.080767207138838,2.18375275787447,2.1304344981741448,2.166242321204405,39.0,78.0,46.0,74.0,0,-1,False,True,
0.7,0.65,0.8,0.8,0.1,0.1,0.1,0.1,10,10.0,1.0,False,5,5,4,4,2.0502150870990756,1.3761288202982915,1.4102412607211454,0.034112440422853885,0.01720250805779572,2.080767207138838,1.9029249408677613,2.110559754173862,1.9411645220369966,39.0,39.0,44.0,44.0,0,0,False,True,
0.7,0.7,0.8,0.8,0.1,0.1,0.01,0.01,10,10.0,1.0,False,5,5,5,5,2.1576149227390196,2.0456655298327937,2.0456655298327937,0.0,0.0,2.781061710141828,2.781061710141828,2.781061710141828,2.781061710141828,390.0,390.0,390.0,390.0,0,0,False,True,
0.7,0.7,0.8,0.8,0.1,0.1,0.01,0.02,10,10.0,1.0,False,5,5,5,5,2.1576149227390196,2.004543905321254,2.004543905321254,0.0,0.0,2.781061710141828,2.6690194036537442,2.781061710141828,2.6690194036537442,390.0,195.0,390.0,195.0,0,0,False,True,
0.7,0.7,0.8,0.8,0.1,0.1,0.01,0.05,10,10.0,1.0,False,5,5,6,4,2.1576149227390196,1.9011822693411502,1.9203056954062299,0.019123426065079663,0.009607572258311159,2.781061710141828,2.406923809122425,2.845170599286769,2.3981141677100073,390.0,78.0,323.0,98.0,0,1,False,True,
0.7,0.7,0.8,0.8,0.1,0.1,0.01,0.1,10,10.0,1.0,False,5,5,7,3,2.1576149227390196,1.7555694402073174,1.818938709055872,0.06336926884855454,0.03219193616696172,2.781061710141828,2.080767207138838,2.8725843135865583,2.146259644256038,390.0,39.0,275.0,65.0,0,1,False,True,
0.7,0.7,0.8,0.8,0.1,0.1,0.02,0.01,10,10.0,1.0,False,5,5,5,5,2.1576149227390196,2.004543905321254,2.004543905321254,0.0,0.0,2.6690194036537442,2.781061710141828,2.6690194036537442,2.781061710141828,195.0,390.0,195.0,390.0,0,0,False,True,
0.7,0.7,0.8,0.8,0.1,0.1,0.02,0.02,10,10.0,1.0,False,5,5,5,5,2.1576149227390196,1.963422280809714,1.963422280809714,0.0,0.0,2.6690194036537442,2.6690194036537442,2.6690194036537442,2.6690194036537442,195.0,195.0,195.0,195.0,0,0,False,True,
0.7,0.7,0.8,0.8,0.1,0.1,0.02,0.05,10,10.0,1.0,False,5,5,6,4,2.1576149227390196,1.8600606448296104,1.8668843067947658,0.006823661965155381,0.0034176579028423314,2.6690194036537442,2.406923809122425,2.6971661338744872,2.3981141677100073,195.0,78.0,161.0,98.0,0,1,False,True,
0.7,0.7,0.8,0.8,0.1,0.1,0.02,0.1,10,10.0,1.0,False,5,5,6,4,2.1576149227390196,1.7144478156957774,1.7613013581639572,0.04685354246817974,0.023703333470014076,2.6690194036537442,2.080767207138838,2.6971661338744872,2.1578227266301155,195.0,39.0,161.0,49.0,0,1,False,True,
0.7,0.7,0.8,0.8,0.1,0.1,0.05,0.01,10,10.0,1.0,False,5,5,4,6,2.1576149227390196,1.9011822693411502,1.9203056954062299,0.019123426065079663,0.009607572258311159,2.406923809122425,2.781061710141828,2.3981141677100073,2.845170599286769,78.0,390.0,98.0,323.0,0,-1,False,True,
0.7,0.7,0.8,0.8,0.1,0.1,0.05,0.02,10,10.0,1.0,False,5,5,4,6,2.1576149227390196,1.8600606448296104,1.8668843067947658,0.006823661965155381,0.0034176579028423314,2.406923809122425,2.6690194036537442,2.3981141677100073,2.6971661338744872,78.0,195.0,98.0,161.0,0,-1,False,True,
0.7,0.7,0.8,0.8,0.1,0.1,0.05,0.05,10,10.0,1.0,False,5,5,5,5,2.1576149227390196,1.756699008849507,1.756699008849507,0.0,0.0,2.406923809122425,2.406923809122425,2.406923809122425,2.406923809122425,78.0,78.0,78.0,78.0,0,0,False,True,
0.7,0.7,0.8,0.8,0.1,0.1,0.05,0.1,10,10.0,1.0,False,5,5,6,4,2.1576149227390196,1.6110861797156741,1.626279662793658,0.01519348307798385,0.007625669987581632,2.406923809122425,2.080767207138838,2.3565058418107934,2.1578227266301155,78.0,39.0,64.0,49.0,0,1,False,True,
0.7,0.7,0.8,0.8,0.1,0.1,0.1,0.01,10,10.0,1.0,False,5,5,3,7,2.1576149227390196,1.7555694402073174,1.818938709055872,0.06336926884855454,0.03219193616696172,2.080767207138838,2.781061710141828,2.146259644256038,2.8725843135865583,39.0,390.0,65.0,275.0,0,-1,False,True,
0.7,0.7,0.8,0.8,0.1,0.1,0.1,0.02,10,10.0,1.0,False,5,5,4,6,2.1576149227390196,1.7144478156957774,1.7613013581639572,0.04685354246817974,0.023703333470014076,2.080767207138838,2.6690194036537442,2.1578227266301155,2.6971661338744872,39.0,195.0,49.0,161.0,0,-1,False,True,
0.7,0.7,0.8,0.8,0.1,0.1,0.1,0.05,10,10.0,1.0,False,5,5,4,6,2.1576149227390196,1.6110861797156741,1.626279662793658,0.01519348307798385,0.007625669987581632,2.080767207138838,2.406923809122425,2.1578227266301155,2.3565058418107934,39.0,78.0,49.0,64.0,0,-1,False,True,
0.7,0.7,0.8,0.8,0.1,0.1,0.1,0.1,10,10.0,1.0,False,5,5,4,4,2.1576149227390196,1.4654733505818411,1.4939063972881994,0.028433046706358267,0.014318058710657066,2.080767207138838,2.080767207138838,2.110559754173862,2.110559754173862,39.0,39.0,44.0,44.0,0,0,False,True,
0.7,0.75,0.8,0.8,0.1,0.1,0.01,0.01,10,10.0,1.0,False,5,5,5,5,2.2691130749311315,2.155380091703236,2.155380091703236,0.0,0.0,2.781061710141828,3.103552201046044,2.781061710141828,3.103552201046044,390.0,390.0,390.0,390.0,0,0,False,True,
0.7,0.75,0.8,0.8,0.1,0.1,0.01,0.02,10,10.0,1.0,False,5,5,5,5,2.2691130749311315,2.1129037607937047,2.1129037607937047,0.0,0.0,2.781061710141828,2.9744852412561658,2.781061710141828,2.9744852412561658,390.0,195.0,390.0,195.0,0,0,False,True,
0.7,0.75,0.8,0.8,0.1,0.1,0.01,0.05,10,10.0,1.0,False,5,5,6,4,2.2691130749311315,2.005953107490844,2.013188546578715,0.007235439087871054,0.0036242713898159288,2.781061710141828,2.6727832429704486,2.845170599286769,2.631530237126082,390.0,78.0,323.0,98.0,0,1,False,True,
0.7,0.75,0.8,0.8,0.1,0.1,0.01,0.1,10,10.0,1.0,False,5,5,6,4,2.2691130749311315,1.8547704829243725,1.9054400264877693,0.05066954356339681,0.025658424555173902,2.781061710141828,2.297766853487972,2.845170599286769,2.362728265669129,390.0,39.0,323.0,49.0,0,1,False,True,
0.7,0.75,0.8,0.8,0.1,0.1,0.02,0.01,10,10.0,1.0,False,5,5,4,6,2.2691130749311315,2.114258467191696,2.116834836022619,0.002576368830923048,0.001289014481393377,2.6690194036537442,3.103552201046044,2.584871762546586,3.2128517474336955,195.0,390.0,245.0,323.0,0,-1,False,True,
0.7,0.75,0.8,0.8,0.1,0.1,0.02,0.02,10,10.0,1.0,False,5,5,5,5,2.2691130749311315,2.071782136282165,2.071782136282165,0.0,0.0,2.6690194036537442,2.9744852412561658,2.6690194036537442,2.9744852412561658,195.0,195.0,195.0,195.0,0,0,False,True,
0.7,0.75,0.8,0.8,0.1,0.1,0.02,0.05,10,10.0,1.0,False,5,5,5,5,2.2691130749311315,1.9648314829793043,1.9648314829793043,0.0,0.0,2.6690194036537442,2.6727832429704486,2.6690194036537442,2.6727832429704486,195.0,78.0,195.0,78.0,0,0,False,True,
0.7,0.75,0.8,0.8,0.1,0.1,0.02,0.1,10,10.0,1.0,False,5,5,6,4,2.2691130749311315,1.8136488584128325,1.8520186378763053,0.03836977946347275,0.01937010226004639,2.6690194036537442,2.297766853487972,2.6971661338744872,2.362728265669129,195.0,39.0,161.0,49.0,0,1,False,True,
0.7,0.75,0.8,0.8,0.1,0.1,0.05,0.01,10,10.0,1.0,False,5,5,4,6,2.2691130749311315,2.0108968312115927,2.0418416026177733,0.03094477140618057,0.015592702792653129,2.406923809122425,3.103552201046044,2.3981141677100073,3.2128517474336955,78.0,390.0,98.0,323.0,0,-1,False,True,
0.7,0.75,0.8,0.8,0.1,0.1,0.05,0.02,10,10.0,1.0,False,5,5,4,6,2.2691130749311315,1.9684205003020612,1.9857930257252876,0.017372525423226426,0.008724097760609494,2.406923809122425,2.9744852412561658,2.3981141677100073,3.0377294979690377,78.0,195.0,98.0,161.0,0,-1,False,True,
0.7,0.75,0.8,0.8,0.1,0.1,0.05,0.05,10,10.0,1.0,False,5,5,5,5,2.2691130749311315,1.8614698469992006,1.8614698469992006,0.0,0.0,2.406923809122425,2.6727832429704486,2.406923809122425,2.6727832429704486,78.0,78.0,78.0,78.0,0,0,False,True,
0.7,0.75,0.8,0.8,0.1,0.1,0.05,0.1,10,10.0,1.0,False,5,5,6,4,2.2691130749311315,1.7102872224327292,1.716996942506006,0.006709720073276859,0.003360493878059193,2.406923809122425,2.297766853487972,2.3565058418107934,2.362728265669129,78.0,39.0,64.0,49.0,0,1,False,True,
0.7,0.75,0.8,0.8,0.1,0.1,0.1,0.01,10,10.0,1.0,False,5,5,3,7,2.2691130749311315,1.8652840020777597,1.949488499705455,0.08420449762769522,0.043001118926006526,2.080767207138838,3.103552201046044,2.146259644256038,3.2731796187532853,39.0,390.0,65.0,275.0,0,-1,False,True,
0.7,0.75,0.8,0.8,0.1,0.1,0.1,0.02,10,10.0,1.0,False,5,5,4,6,2.2691130749311315,1.8228076711682284,1.8802100770944792,0.05740240592625079,0.029117051405382895,2.080767207138838,2.9744852412561658,2.1578227266301155,3.0377294979690377,39.0,195.0,49.0,161.0,0,-1,False,True,
0.7,0.75,0.8,0.8,0.1,0.1,0.1,0.05,10,10.0,1.0,False,5,5,4,6,2.2691130749311315,1.7158570178653678,1.7381925337556154,0.022335515890247626,0.011230350141711407,2.080767207138838,2.6727832429704486,2.1578227266301155,2.6355524470969764,39.0,78.0,49.0,64.0,0,-1,False,True,
0.7,0.75,0.8,0.8,0.1,0.1,0.1,0.1,10,10.0,1.0,False,5,5,4,4,2.2691130749311315,1.5646743932988962,1.5841332676389057,0.01945887434000948,0.009776922019170506,2.080767207138838,2.297766853487972,2.110559754173862,2.30984418296057,39.0,39.0,44.0,44.0,0,0,False,True,
0.7,0.8,0.8,0.8,0.1,0.1,0.01,0.01,10,10.0,1.0,False,4,6,4,6,2.394041848285459,2.276078870586486,2.276078870586486,0.0,0.0,2.663051843889373,3.6568645346110387,2.663051843889373,3.6568645346110387,490.0,323.0,490.0,323.0,-1,-1,False,True,
0.7,0.8,0.8,0.8,0.1,0.1,0.01,0.02,10,10.0,1.0,False,4,6,5,5,2.394041848285459,2.218757374854042,2.227308623954543,0.008551249100500868,0.004284778073925109,2.663051843889373,3.4531422029119385,2.781061710141828,3.3350106042181746,490.0,161.0,390.0,195.0,-1,0,False,True,
0.7,0.8,0.8,0.8,0.1,0.1,0.01,0.05,10,10.0,1.0,False,4,6,5,5,2.394041848285459,2.07316275675736,2.1193386644661336,0.04617590770877378,0.02335654374148566,2.663051843889373,2.9852693637567205,2.781061710141828,2.993687483287125,490.0,64.0,390.0,78.0,-1,0,False,True,
0.7,0.8,0.8,0.8,0.1,0.1,0.01,0.1,10,10.0,1.0,False,4,6,6,4,2.394041848285459,1.866269225547684,2.0035280462658873,0.13725882071820328,0.07103921955301164,2.663051843889373,2.427341075550926,2.845170599286769,2.6062307381127434,490.0,32.0,323.0,49.0,-1,1,True,True,
0.7,0.8,0.8,0.8,0.1,0.1,0.02,0.01,10,10.0,1.0,False,4,6,4,6,2.394041848285459,2.246281994147534,2.246281994147534,0.0,0.0,2.584871762546586,3.6568645346110387,2.584871762546586,3.6568645346110387,245.0,323.0,245.0,323.0,-1,-1,False,True,
0.7,0.8,0.8,0.8,0.1,0.1,0.02,0.02,10,10.0,1.0,False,4,6,4,6,2.394041848285459,2.1889604984150903,2.1889604984150903,0.0,0.0,2.584871762546586,3.4531422029119385,2.584871762546586,3.4531422029119385,245.0,161.0,245.0,161.0,-1,-1,False,True,
0.7,0.8,0.8,0.8,0.1,0.1,0.02,0.05,10,10.0,1.0,False,4,6,5,5,2.394041848285459,2.0433658803184076,2.078217039954594,0.034851159636186235,0.017578290971314133,2.584871762546586,2.9852693637567205,2.6690194036537442,2.993687483287125,245.0,64.0,195.0,78.0,-1,0,False,True,
0.7,0.8,0.8,0.8,0.1,0.1,0.02,0.1,10,10.0,1.0,False,4,6,6,4,2.394041848285459,1.8364723491087318,1.950106657654423,0.11363430854569123,0.05846225739975048,2.584871762546586,2.427341075550926,2.6971661338744872,2.6062307381127434,245.0,32.0,161.0,49.0,-1,1,True,True,
0.7,0.8,0.8,0.8,0.1,0.1,0.05,0.01,10,10.0,1.0,False,4,6,4,6,2.394041848285459,2.1712887607426885,2.1712887607426885,0.0,0.0,2.3981141677100073,3.6568645346110387,2.3981141677100073,3.6568645346110387,98.0,323.0,98.0,323.0,-1,-1,False,True,
0.7,0.8,0.8,0.8,0.1,0.1,0.05,0.02,10,10.0,1.0,False,4,6,4,6,2.394041848285459,2.1139672650102446,2.1139672650102446,0.0,0.0,2.3981141677100073,3.4531422029119385,2.3981141677100073,3.4531422029119385,98.0,161.0,98.0,161.0,-1,-1,False,True,
0.7,0.8,0.8,0.8,0.1,0.1,0.05,0.05,10,10.0,1.0,False,4,6,5,5,2.394041848285459,1.968372646913562,1.97485540397449,0.006482757060928046,0.003246637478398062,2.3981141677100073,2.9852693637567205,2.406923809122425,2.993687483287125,98.0,64.0,78.0,78.0,-1,0,False,True,
0.7,0.8,0.8,0.8,0.1,0.1,0.05,0.1,10,10.0,1.0,False,4,6,5,5,2.394041848285459,1.7614791157038863,1.8217661731542951,0.060287057450408854,0.030602444393600863,2.3981141677100073,2.427341075550926,2.406923809122425,2.5687429859532767,98.0,32.0,78.0,39.0,-1,0,False,True,
0.7,0.8,0.8,0.8,0.1,0.1,0.1,0.01,10,10.0,1.0,False,4,6,3,7,2.394041848285459,2.06570581211188,2.0910253893255106,0.025319577213630762,0.01274026296816433,2.1578227266301155,3.6568645346110387,2.146259644256038,3.770843673764667,49.0,323.0,65.0,275.0,-1,-1,False,True,
0.7,0.8,0.8,0.8,0.1,0.1,0.1,0.02,10,10.0,1.0,False,4,6,3,7,2.394041848285459,2.008384316379436,2.0181116044657066,0.009727288086270658,0.004875490758105911,2.1578227266301155,3.4531422029119385,2.146259644256038,3.505681638834538,49.0,161.0,65.0,137.0,-1,-1,False,True,
0.7,0.8,0.8,0.8,0.1,0.1,0.1,0.05,10,10.0,1.0,False,4,6,4,6,2.394041848285459,1.8627896982827536,1.8627896982827536,0.0,0.0,2.1578227266301155,2.9852693637567205,2.1578227266301155,2.9852693637567205,49.0,64.0,49.0,64.0,-1,-1,False,True,
0.7,0.8,0.8,0.8,0.1,0.1,0.1,0.1,10,10.0,1.0,False,4,6,4,5,2.394041848285459,1.6558961670730779,1.6842720952786039,0.028375928205526035,0.01428909096086734,2.1578227266301155,2.427341075550926,2.1304344981741448,2.529309009364001,49.0,32.0,46.0,37.0,-1,-1,False,True,
0.7,0.85,0.8,0.8,0.1,0.1,0.01,0.01,10,10.0,1.0,False,4,6,4,6,2.5305743125317504,2.4138716199969896,2.4138716199969896,0.0,0.0,2.663051843889373,4.197121130424473,2.663051843889373,4.197121130424473,490.0,323.0,490.0,323.0,-1,-1,False,True,
0.7,0.85,0.8,0.8,0.1,0.1,0.01,0.02,10,10.0,1.0,False,4,6,4,6,2.5305743125317504,2.357399780616596,2.357399780616596,0.0,0.0,2.663051843889373,3.966670214048744,2.663051843889373,3.966670214048744,490.0,161.0,490.0,161.0,-1,-1,False,True,
0.7,0.85,0.8,0.8,0.1,0.1,0.01,0.05,10,10.0,1.0,False,4,6,5,5,2.5305743125317504,2.213665110471595,2.243110565496861,0.029445455025265854,0.01483164070869051,2.663051843889373,3.435602585949758,2.781061710141828,3.3881288270519745,490.0,64.0,390.0,78.0,-1,0,False,True,
0.7,0.85,0.8,0.8,0.1,0.1,0.01,0.1,10,10.0,1.0,False,4,6,6,4,2.5305743125317504,2.008734834461849,2.110791984498813,0.10205715003696403,0.05235296385896011,2.663051843889373,2.7989995775159304,2.845170599286769,2.9013291341580922,490.0,32.0,323.0,49.0,-1,1,True,True,
0.7,0.85,0.8,0.8,0.1,0.1,0.02,0.01,10,10.0,1.0,False,4,6,4,6,2.5305743125317504,2.3840747435580374,2.3840747435580374,0.0,0.0,2.584871762546586,4.197121130424473,2.584871762546586,4.197121130424473,245.0,323.0,245.0,323.0,-1,-1,False,True,
0.7,0.85,0.8,0.8,0.1,0.1,0.02,0.02,10,10.0,1.0,False,4,6,4,6,2.5305743125317504,2.3276029041776436,2.3276029041776436,0.0,0.0,2.584871762546586,3.966670214048744,2.584871762546586,3.966670214048744,245.0,161.0,245.0,161.0,-1,-1,False,True,
0.7,0.85,0.8,0.8,0.1,0.1,0.02,0.05,10,10.0,1.0,False,4,6,5,5,2.5305743125317504,2.1838682340326434,2.2019889409853213,0.018120706952677867,0.009101522720932514,2.584871762546586,3.435602585949758,2.6690194036537442,3.3881288270519745,245.0,64.0,195.0,78.0,-1,0,False,True,
0.7,0.85,0.8,0.8,0.1,0.1,0.02,0.1,10,10.0,1.0,False,4,6,6,4,2.5305743125317504,1.978937958022897,2.057370595887349,0.07843263786445198,0.03999543002014324,2.584871762546586,2.7989995775159304,2.6971661338744872,2.9013291341580922,245.0,32.0,161.0,49.0,-1,1,True,True,
0.7,0.85,0.8,0.8,0.1,0.1,0.05,0.01,10,10.0,1.0,False,4,6,3,7,2.5305743125317504,2.309081510153192,2.3149530353723047,0.0058715252191126055,0.0029400761807802677,2.3981141677100073,4.197121130424473,2.302838330619689,4.396508118722122,98.0,323.0,131.0,275.0,-1,-1,False,True,
0.7,0.85,0.8,0.8,0.1,0.1,0.05,0.02,10,10.0,1.0,False,4,6,4,6,2.5305743125317504,2.2526096707727983,2.2526096707727983,0.0,0.0,2.3981141677100073,3.966670214048744,2.3981141677100073,3.966670214048744,98.0,161.0,98.0,161.0,-1,-1,False,True,
0.7,0.85,0.8,0.8,0.1,0.1,0.05,0.05,10,10.0,1.0,False,4,6,4,6,2.5305743125317504,2.1088750006277976,2.1088750006277976,0.0,0.0,2.3981141677100073,3.435602585949758,2.3981141677100073,3.435602585949758,98.0,64.0,98.0,64.0,-1,-1,False,True,
0.7,0.85,0.8,0.8,0.1,0.1,0.05,0.1,10,10.0,1.0,False,4,6,5,5,2.5305743125317504,1.9039447246180514,1.9490812125966017,0.0451364879785503,0.022824833429691608,2.3981141677100073,2.7989995775159304,2.406923809122425,2.917513487614054,98.0,32.0,78.0,39.0,-1,0,False,True,
0.7,0.85,0.8,0.8,0.1,0.1,0.1,0.01,10,10.0,1.0,False,4,6,3,7,2.5305743125317504,2.2034985615223834,2.2445372432257473,0.04103868170336389,0.020731309865154254,2.1578227266301155,4.197121130424473,2.146259644256038,4.396508118722122,49.0,323.0,65.0,275.0,-1,-1,False,True,
0.7,0.85,0.8,0.8,0.1,0.1,0.1,0.02,10,10.0,1.0,False,4,6,3,7,2.5305743125317504,2.1470267221419896,2.171715939946742,0.024689217804752417,0.01242111808804481,2.1578227266301155,3.966670214048744,2.146259644256038,4.087727994706356,49.0,161.0,65.0,137.0,-1,-1,False,True,
0.7,0.85,0.8,0.8,0.1,0.1,0.1,0.05,10,10.0,1.0,False,4,6,4,6,2.5305743125317504,2.003292051996989,2.003292051996989,0.0,0.0,2.1578227266301155,3.435602585949758,2.1578227266301155,3.435602585949758,49.0,64.0,49.0,64.0,-1,-1,False,True,
0.7,0.85,0.8,0.8,0.1,0.1,0.1,0.1,10,10.0,1.0,False,4,6,4,5,2.5305743125317504,1.7983617759872428,1.81192488967984,0.013563113692597106,0.006804603671257561,2.1578227266301155,2.7989995775159304,2.1304344981741448,2.873695812831476,49.0,32.0,46.0,37.0,-1,-1,False,True,
0.7,0.9,0.8,0.8,0.1,0.1,0.01,0.01,10,10.0,1.0,False,4,6,4,6,2.671894294145034,2.5609216553502097,2.5609216553502097,0.0,0.0,2.663051843889373,4.861995160302745,2.663051843889373,4.861995160302745,490.0,323.0,490.0,323.0,-1,-1,False,True,
0.7,0.9,0.8,0.8,0.1,0.1,0.01,0.02,10,10.0,1.0,False,4,6,4,6,2.671894294145034,2.5086225681605328,2.5086225681605328,0.0,0.0,2.663051843889373,4.614252086036681,2.663051843889373,4.614252086036681,490.0,161.0,490.0,161.0,-1,-1,False,True,
0.7,0.9,0.8,0.8,0.1,0.1,0.01,0.05,10,10.0,1.0,False,4,6,5,5,2.671894294145034,2.3753137865592393,2.380285959781329,0.004972173222089538,0.0024891794868848968,2.663051843889373,4.038369460785317,2.781061710141828,3.886283081743297,490.0,64.0,390.0,78.0,-1,0,False,True,
0.7,0.9,0.8,0.8,0.1,0.1,0.01,0.1,10,10.0,1.0,False,4,6,5,5,2.671894294145034,2.185075734154057,2.2424484853665385,0.05737275121248153,0.02910179243271105,2.663051843889373,3.3387716146112925,2.781061710141828,3.3858863567060546,490.0,32.0,390.0,39.0,-1,0,False,True,
0.7,0.9,0.8,0.8,0.1,0.1,0.02,0.01,10,10.0,1.0,False,4,6,3,7,2.671894294145034,2.5311247789112574,2.531408023749438,0.0002832448381804298,0.00014163244801844414,2.584871762546586,4.861995160302745,2.4192032301806212,5.196419244284837,245.0,323.0,328.0,275.0,-1,-1,False,True,
0.7,0.9,0.8,0.8,0.1,0.1,0.02,0.02,10,10.0,1.0,False,4,6,4,6,2.671894294145034,2.4788256917215805,2.4788256917215805,0.0,0.0,2.584871762546586,4.614252086036681,2.584871762546586,4.614252086036681,245.0,161.0,245.0,161.0,-1,-1,False,True,
0.7,0.9,0.8,0.8,0.1,0.1,0.02,0.05,10,10.0,1.0,False,4,6,4,6,2.671894294145034,2.3455169101202875,2.3455169101202875,0.0,0.0,2.584871762546586,4.038369460785317,2.584871762546586,4.038369460785317,245.0,64.0,245.0,64.0,-1,-1,False,True,
0.7,0.9,0.8,0.8,0.1,0.1,0.02,0.1,10,10.0,1.0,False,4,6,5,5,2.671894294145034,2.155278857715105,2.2013268608549983,0.0460480031398931,0.02329109984538206,2.584871762546586,3.3387716146112925,2.6690194036537442,3.3858863567060546,245.0,32.0,195.0,39.0,-1,0,False,True,
0.7,0.9,0.8,0.8,0.1,0.1,0.05,0.01,10,10.0,1.0,False,4,6,3,7,2.671894294145034,2.456131545506412,2.482112200424533,0.025980654918120738,0.013075068302345269,2.3981141677100073,4.861995160302745,2.302838330619689,5.196419244284837,98.0,323.0,131.0,275.0,-1,-1,False,True,
0.7,0.9,0.8,0.8,0.1,0.1,0.05,0.02,10,10.0,1.0,False,4,6,3,7,2.671894294145034,2.403832458316735,2.4140022764788487,0.010169818162113486,0.0050978591719453336,2.3981141677100073,4.614252086036681,2.302838330619689,4.854275473628954,98.0,161.0,131.0,137.0,-1,-1,False,True,
0.7,0.9,0.8,0.8,0.1,0.1,0.05,0.05,10,10.0,1.0,False,4,6,4,6,2.671894294145034,2.2705236767154418,2.2705236767154418,0.0,0.0,2.3981141677100073,4.038369460785317,2.3981141677100073,4.038369460785317,98.0,64.0,98.0,64.0,-1,-1,False,True,
0.7,0.9,0.8,0.8,0.1,0.1,0.05,0.1,10,10.0,1.0,False,4,6,5,5,2.671894294145034,2.0802856243102594,2.097965224874895,0.017679600564635578,0.008878986698422167,2.3981141677100073,3.3387716146112925,2.406923809122425,3.3858863567060546,98.0,32.0,78.0,39.0,-1,0,False,True,
0.7,0.9,0.8,0.8,0.1,0.1,0.1,0.01,10,10.0,1.0,False,4,6,3,7,2.671894294145034,2.3505485968756035,2.411696408277976,0.061147811402372465,0.031046087417082077,2.1578227266301155,4.861995160302745,2.146259644256038,5.196419244284837,49.0,323.0,65.0,275.0,-1,-1,False,True,
0.7,0.9,0.8,0.8,0.1,0.1,0.1,0.02,10,10.0,1.0,False,4,6,3,7,2.671894294145034,2.2982495096859266,2.3435864843322913,0.04533697464636477,0.02292736994021268,2.1578227266301155,4.614252086036681,2.146259644256038,4.854275473628954,49.0,161.0,65.0,137.0,-1,-1,False,True,
0.7,0.9,0.8,0.8,0.1,0.1,0.1,0.05,10,10.0,1.0,False,4,6,3,7,2.671894294145034,2.164940728084633,2.1721812190537677,0.007240490969134594,0.0036268064883438157,2.1578227266301155,4.038369460785317,2.146259644256038,4.089630371671306,49.0,64.0,65.0,55.0,-1,-1,False,True,
0.7,0.9,0.8,0.8,0.1,0.1,0.1,0.1,10,10.0,1.0,False,4,6,4,6,2.671894294145034,1.9747026756794508,1.9747026756794508,0.0,0.0,2.1578227266301155,3.3387716146112925,2.1578227266301155,3.3387716146112925,49.0,32.0,49.0,32.0,-1,-1,False,True,
0.7,0.95,0.8,0.8,0.1,0.1,0.01,0.01,10,10.0,1.0,False,3,7,3,7,2.836215946489015,2.7353765728401447,2.7353765728401447,0.0,0.0,2.466852917925528,6.249074400628283,2.466852917925528,6.249074400628283,656.0,275.0,656.0,275.0,-1,-1,False,True,
0.7,0.95,0.8,0.8,0.1,0.1,0.01,0.02,10,10.0,1.0,False,3,7,3,7,2.836215946489015,2.680043379028246,2.680043379028246,0.0,0.0,2.466852917925528,5.912685710116605,2.466852917925528,5.912685710116605,656.0,137.0,656.0,137.0,-1,-1,False,True,
0.7,0.95,0.8,0.8,0.1,0.1,0.01,0.05,10,10.0,1.0,False,3,7,4,6,2.836215946489015,2.5408226939851803,2.568531394257173,0.02770870027199246,0.013950766391822283,2.466852917925528,5.144249444221367,2.663051843889373,4.899134806320443,656.0,55.0,490.0,64.0,-1,-1,False,True,
0.7,0.95,0.8,0.8,0.1,0.1,0.01,0.1,10,10.0,1.0,False,3,7,5,5,2.836215946489015,2.332427594067671,2.4244190091627873,0.09199141509511621,0.04706991644947126,2.466852917925528,4.176545118535746,2.781061710141828,4.061637608946565,656.0,27.0,390.0,39.0,-1,0,False,True,
0.7,0.95,0.8,0.8,0.1,0.1,0.02,0.01,10,10.0,1.0,False,3,7,3,7,2.836215946489015,2.715871599110518,2.715871599110518,0.0,0.0,2.4192032301806212,6.249074400628283,2.4192032301806212,6.249074400628283,328.0,275.0,328.0,275.0,-1,-1,False,True,
0.7,0.95,0.8,0.8,0.1,0.1,0.02,0.02,10,10.0,1.0,False,3,7,3,7,2.836215946489015,2.6605384052986194,2.6605384052986194,0.0,0.0,2.4192032301806212,5.912685710116605,2.4192032301806212,5.912685710116605,328.0,137.0,328.0,137.0,-1,-1,False,True,
0.7,0.95,0.8,0.8,0.1,0.1,0.02,0.05,10,10.0,1.0,False,3,7,4,6,2.836215946489015,2.5213177202555537,2.538734517818221,0.01741679756266734,0.008746427194708273,2.4192032301806212,5.144249444221367,2.584871762546586,4.899134806320443,328.0,55.0,245.0,64.0,-1,-1,False,True,
0.7,0.95,0.8,0.8,0.1,0.1,0.02,0.1,10,10.0,1.0,False,3,7,4,6,2.836215946489015,2.3129226203380444,2.384289562330112,0.07136694199206772,0.03632776677449042,2.4192032301806212,4.176545118535746,2.584871762546586,4.198022847681387,328.0,27.0,245.0,32.0,-1,-1,False,True,
0.7,0.95,0.8,0.8,0.1,0.1,0.05,0.01,10,10.0,1.0,False,3,7,3,7,2.836215946489015,2.6665757757856134,2.6665757757856134,0.0,0.0,2.302838330619689,6.249074400628283,2.302838330619689,6.249074400628283,131.0,275.0,131.0,275.0,-1,-1,False,True,
0.7,0.95,0.8,0.8,0.1,0.1,0.05,0.02,10,10.0,1.0,False,3,7,3,7,2.836215946489015,2.611242581973715,2.611242581973715,0.0,0.0,2.302838330619689,5.912685710116605,2.302838330619689,5.912685710116605,131.0,137.0,131.0,137.0,-1,-1,False,True,
0.7,0.95,0.8,0.8,0.1,0.1,0.05,0.05,10,10.0,1.0,False,3,7,3,7,2.836215946489015,2.472021896930649,2.472021896930649,0.0,0.0,2.302838330619689,5.144249444221367,2.302838330619689,5.144249444221367,131.0,55.0,131.0,55.0,-1,-1,False,True,
0.7,0.95,0.8,0.8,0.1,0.1,0.05,0.1,10,10.0,1.0,False,3,7,4,6,2.836215946489015,2.2636267970131394,2.3092963289252664,0.04566953191212697,0.023097475046853357,2.302838330619689,4.176545118535746,2.3981141677100073,4.198022847681387,131.0,27.0,98.0,32.0,-1,-1,False,True,
0.7,0.95,0.8,0.8,0.1,0.1,0.1,0.01,10,10.0,1.0,False,3,7,2,8,2.836215946489015,2.596159983639056,2.6007408546634236,0.00458087102436755,0.002293060563389085,2.146259644256038,6.249074400628283,2.0006089224650676,6.734807714100592,65.0,275.0,99.0,240.0,-1,-1,False,True,
0.7,0.95,0.8,0.8,0.1,0.1,0.1,0.02,10,10.0,1.0,False,3,7,3,7,2.836215946489015,2.5408267898271575,2.5408267898271575,0.0,0.0,2.146259644256038,5.912685710116605,2.146259644256038,5.912685710116605,65.0,137.0,65.0,137.0,-1,-1,False,True,
0.7,0.95,0.8,0.8,0.1,0.1,0.1,0.05,10,10.0,1.0,False,3,7,3,7,2.836215946489015,2.4016061047840918,2.4016061047840918,0.0,0.0,2.146259644256038,5.144249444221367,2.146259644256038,5.144249444221367,65.0,55.0,65.0,55.0,-1,-1,False,True,
0.7,0.95,0.8,0.8,0.1,0.1,0.1,0.1,10,10.0,1.0,False,3,7,4,6,2.836215946489015,2.1932110048665825,2.2037133802944577,0.010502375427875243,0.005264999365416278,2.146259644256038,4.176545118535746,2.1578227266301155,4.198022847681387,65.0,27.0,49.0,32.0,-1,-1,False,True,
0.75,0.5,0.8,0.8,0.1,0.1,0.01,0.01,10,10.0,1.0,False,7,3,6,4,1.9094170358590155,1.791523785508729,1.7959608971986802,0.004437111689951312,0.0022210186609557857,3.2731796187532853,1.8326479946114869,3.2128517474336955,1.8753624728775729,275.0,656.0,323.0,490.0,1,1,False,True,
0.75,0.5,0.8,0.8,0.1,0.1,0.01,0.02,10,10.0,1.0,False,7,3,7,3,1.9094170358590155,1.7747106398990855,1.7747106398990855,0.0,0.0,3.2731796187532853,1.8020929995922343,3.2731796187532853,1.8020929995922343,275.0,328.0,275.0,328.0,1,1,False,True,
0.75,0.5,0.8,0.8,0.1,0.1,0.01,0.05,10,10.0,1.0,False,7,3,7,3,1.9094170358590155,1.7323279496909683,1.7323279496909683,0.0,0.0,3.2731796187532853,1.7273113674434641,3.2731796187532853,1.7273113674434641,275.0,131.0,275.0,131.0,1,1,False,True,
0.75,0.5,0.8,0.8,0.1,0.1,0.01,0.1,10,10.0,1.0,False,7,3,7,3,1.9094170358590155,1.6720808472455482,1.6720808472455482,0.0,0.0,3.2731796187532853,1.6263186673401444,3.2731796187532853,1.6263186673401444,275.0,65.0,275.0,65.0,1,1,False,True,
0.75,0.5,0.8,0.8,0.1,0.1,0.02,0.01,10,10.0,1.0,False,7,3,6,4,1.9094170358590155,1.7212939335116335,1.7399123203061946,0.01861838679456107,0.009352658709102271,3.0511910450061093,1.8326479946114869,3.0377294979690377,1.8753624728775729,137.0,656.0,161.0,490.0,1,1,False,True,
0.75,0.5,0.8,0.8,0.1,0.1,0.02,0.02,10,10.0,1.0,False,7,3,6,4,1.9094170358590155,1.70448078790199,1.7159823777355323,0.011501589833542214,0.005767362481521801,3.0511910450061093,1.8020929995922343,3.0377294979690377,1.831017854797355,137.0,328.0,161.0,245.0,1,1,False,True,
0.75,0.5,0.8,0.8,0.1,0.1,0.02,0.05,10,10.0,1.0,False,7,3,7,3,1.9094170358590155,1.6620980976938728,1.6620980976938728,0.0,0.0,3.0511910450061093,1.7273113674434641,3.0511910450061093,1.7273113674434641,137.0,131.0,137.0,131.0,1,1,False,True,
0.75,0.5,0.8,0.8,0.1,0.1,0.02,0.1,10,10.0,1.0,False,7,3,7,3,1.9094170358590155,1.6018509952484528,1.6018509952484528,0.0,0.0,3.0511910450061093,1.6263186673401444,3.0511910450061093,1.6263186673401444,137.0,65.0,137.0,65.0,1,1,False,True,
0.75,0.5,0.8,0.8,0.1,0.1,0.05,0.01,10,10.0,1.0,False,7,3,5,5,1.9094170358590155,1.5459157204039977,1.6182888735937175,0.07237315318971982,0.036849280253348854,2.560375193832018,1.8326479946114869,2.6727832429704486,1.8873401900233948,55.0,656.0,78.0,390.0,1,0,False,True,
0.75,0.5,0.8,0.8,0.1,0.1,0.05,0.02,10,10.0,1.0,False,7,3,5,5,1.9094170358590155,1.5291025747943543,1.5873597665147474,0.05825719172039312,0.029556982728473062,2.560375193832018,1.8020929995922343,2.6727832429704486,1.8298599318298372,55.0,328.0,78.0,195.0,1,0,False,True,
0.75,0.5,0.8,0.8,0.1,0.1,0.05,0.05,10,10.0,1.0,False,7,3,5,4,1.9094170358590155,1.486719884586237,1.514303752870506,0.027583868284268842,0.013887481622022442,2.560375193832018,1.7273113674434641,2.649348084865907,1.7159899576232136,55.0,131.0,74.0,93.0,1,1,False,True,
0.75,0.5,0.8,0.8,0.1,0.1,0.05,0.1,10,10.0,1.0,False,7,3,6,3,1.9094170358590155,1.426472782140817,1.4394486453260285,0.01297586318521149,0.006509023811064856,2.560375193832018,1.6263186673401444,2.6077392843125407,1.6176346245262945,55.0,65.0,61.0,62.0,1,1,False,True,
0.75,0.5,0.8,0.8,0.1,0.1,0.1,0.01,10,10.0,1.0,False,7,3,4,6,1.9094170358590155,1.285127913953982,1.4935607112121512,0.2084327972581692,0.10984059691512055,1.972626693118665,1.8326479946114869,2.362728265669129,1.8846529925201025,27.0,656.0,49.0,323.0,1,-1,True,True,
0.75,0.5,0.8,0.8,0.1,0.1,0.1,0.02,10,10.0,1.0,False,7,3,4,6,1.9094170358590155,1.2683147683443385,1.455665229745055,0.18735046140071643,0.09820302536695462,1.972626693118665,1.8020929995922343,2.362728265669129,1.814569471216466,27.0,328.0,49.0,161.0,1,-1,True,True,
0.75,0.5,0.8,0.8,0.1,0.1,0.1,0.05,10,10.0,1.0,False,7,3,4,4,1.9094170358590155,1.2259320781362213,1.3717890842931362,0.14585700615691488,0.07565362824230416,1.972626693118665,1.7273113674434641,2.30984418296057,1.7067807866035742,27.0,131.0,44.0,88.0,1,0,False,True,
0.75,0.5,0.8,0.8,0.1,0.1,0.1,0.1,10,10.0,1.0,False,7,3,4,3,1.9094170358590155,1.1656849756908012,1.2877423002421717,0.12205732455137053,0.06292937972550301,1.972626693118665,1.6263186673401444,2.2733432205261996,1.5943892823880983,27.0,65.0,41.0,55.0,1,1,False,True,
0.75,0.55,0.8,0.8,0.1,0.1,0.01,0.01,10,10.0,1.0,False,6,4,6,4,1.9898884053140302,1.8789695680507625,1.8789695680507625,0.0,0.0,3.2128517474336955,2.037677401286632,3.2128517474336955,2.037677401286632,323.0,490.0,323.0,490.0,1,1,False,True,
0.75,0.55,0.8,0.8,0.1,0.1,0.01,0.02,10,10.0,1.0,False,6,4,6,4,1.9898884053140302,1.853220735805602,1.853220735805602,0.0,0.0,3.2128517474336955,1.9858793195918247,3.2128517474336955,1.9858793195918247,323.0,245.0,323.0,245.0,1,1,False,True,
0.75,0.55,0.8,0.8,0.1,0.1,0.01,0.05,10,10.0,1.0,False,6,4,7,3,1.9898884053140302,1.788618265341265,1.8016419707829754,0.013023705441710387,0.006533100930482451,3.2128517474336955,1.8616428075064262,3.2731796187532853,1.8512851948836204,323.0,98.0,275.0,131.0,1,1,False,True,
0.75,0.55,0.8,0.8,0.1,0.1,0.01,0.1,10,10.0,1.0,False,6,4,7,3,1.9898884053140302,1.6982269953309124,1.7379109306704745,0.03968393533956216,0.020040127970392892,3.2128517474336955,1.7007478357900756,3.2731796187532853,1.7369818839896627,323.0,49.0,275.0,65.0,1,1,False,True,
0.75,0.55,0.8,0.8,0.1,0.1,0.02,0.01,10,10.0,1.0,False,6,4,6,4,1.9898884053140302,1.8229209911582767,1.8229209911582767,0.0,0.0,3.0377294979690377,2.037677401286632,3.0377294979690377,2.037677401286632,161.0,490.0,161.0,490.0,1,1,False,True,
0.75,0.55,0.8,0.8,0.1,0.1,0.02,0.02,10,10.0,1.0,False,6,4,6,4,1.9898884053140302,1.7971721589131167,1.7971721589131167,0.0,0.0,3.0377294979690377,1.9858793195918247,3.0377294979690377,1.9858793195918247,161.0,245.0,161.0,245.0,1,1,False,True,
0.75,0.55,0.8,0.8,0.1,0.1,0.02,0.05,10,10.0,1.0,False,6,4,6,4,1.9898884053140302,1.7325696884487791,1.7325696884487791,0.0,0.0,3.0377294979690377,1.8616428075064262,3.0377294979690377,1.8616428075064262,161.0,98.0,161.0,98.0,1,1,False,True,
0.75,0.55,0.8,0.8,0.1,0.1,0.02,0.1,10,10.0,1.0,False,6,4,7,3,1.9898884053140302,1.6421784184384267,1.6676810786733791,0.0255026602349524,0.012832974985177777,3.0377294979690377,1.7007478357900756,3.0511910450061093,1.7369818839896627,161.0,49.0,137.0,65.0,1,1,False,True,
0.75,0.55,0.8,0.8,0.1,0.1,0.05,0.01,10,10.0,1.0,False,6,4,5,5,1.9898884053140302,1.6809034478194131,1.7074119970650181,0.026508549245604973,0.013342501885896826,2.6355524470969764,2.037677401286632,2.6727832429704486,2.0632690748342464,64.0,490.0,78.0,390.0,1,0,False,True,
0.75,0.55,0.8,0.8,0.1,0.1,0.05,0.02,10,10.0,1.0,False,6,4,5,5,1.9898884053140302,1.655154615574253,1.673596862839175,0.018442247264922162,0.009263769172127633,2.6355524470969764,1.9858793195918247,2.6727832429704486,1.9946658054907853,64.0,245.0,78.0,195.0,1,0,False,True,
0.75,0.55,0.8,0.8,0.1,0.1,0.05,0.05,10,10.0,1.0,False,6,4,6,4,1.9898884053140302,1.5905521451099156,1.5905521451099156,0.0,0.0,2.6355524470969764,1.8616428075064262,2.6355524470969764,1.8616428075064262,64.0,98.0,64.0,98.0,1,1,False,True,
0.75,0.55,0.8,0.8,0.1,0.1,0.05,0.1,10,10.0,1.0,False,6,4,6,3,1.9898884053140302,1.5001608750995632,1.5049647663801464,0.004803891280583228,0.0024048326227166144,2.6355524470969764,1.7007478357900756,2.6077392843125407,1.7271645837228629,64.0,49.0,61.0,62.0,1,1,False,True,
0.75,0.55,0.8,0.8,0.1,0.1,0.1,0.01,10,10.0,1.0,False,6,4,4,6,1.9898884053140302,1.4800593929595705,1.585900861756727,0.1058414687971565,0.05434606843180056,2.1559873000202487,2.037677401286632,2.362728265669129,2.0669702043058558,32.0,490.0,49.0,323.0,1,-1,True,True,
0.75,0.55,0.8,0.8,0.1,0.1,0.1,0.02,10,10.0,1.0,False,6,4,4,6,1.9898884053140302,1.4543105607144104,1.5439197653222345,0.08960920460782407,0.04582348844235404,2.1559873000202487,1.9858793195918247,2.362728265669129,1.981992732627951,32.0,245.0,49.0,161.0,1,-1,True,True,
0.75,0.55,0.8,0.8,0.1,0.1,0.1,0.05,10,10.0,1.0,False,6,4,4,4,1.9898884053140302,1.389708090250073,1.4475682141382293,0.05786012388815642,0.02935260103784502,2.1559873000202487,1.8616428075064262,2.30984418296057,1.8411458919454342,32.0,98.0,44.0,88.0,1,0,False,True,
0.75,0.55,0.8,0.8,0.1,0.1,0.1,0.1,10,10.0,1.0,False,6,4,4,3,1.9898884053140302,1.2993168202397205,1.352405838842111,0.05308901860239046,0.02689995284381136,2.1559873000202487,1.7007478357900756,2.2733432205261996,1.7008945294403999,32.0,49.0,41.0,55.0,1,1,False,True,
0.75,0.6,0.8,0.8,0.1,0.1,0.01,0.01,10,10.0,1.0,False,6,4,6,4,2.078360733207351,1.9652213971524302,1.9652213971524302,0.0,0.0,3.2128517474336955,2.2212330276574193,3.2128517474336955,2.2212330276574193,323.0,490.0,323.0,490.0,1,1,False,True,
0.75,0.6,0.8,0.8,0.1,0.1,0.01,0.02,10,10.0,1.0,False,6,4,6,4,2.078360733207351,1.9378265251800513,1.9378265251800513,0.0,0.0,3.2128517474336955,2.161208568311209,3.2128517474336955,2.161208568311209,323.0,245.0,323.0,245.0,1,1,False,True,
0.75,0.6,0.8,0.8,0.1,0.1,0.01,0.05,10,10.0,1.0,False,6,4,7,3,2.078360733207351,1.869029035710151,1.8727055706457851,0.0036765349356340238,0.0018399581172552,3.2128517474336955,2.0175221461307475,3.2731796187532853,1.9876314380220301,323.0,98.0,275.0,131.0,1,1,False,True,
0.75,0.6,0.8,0.8,0.1,0.1,0.01,0.1,10,10.0,1.0,False,6,4,7,3,2.078360733207351,1.7725809361074913,1.8060107893618813,0.03342985325438996,0.016855402603732476,3.2128517474336955,1.8320251576796527,3.2731796187532853,1.8593908171420621,323.0,49.0,275.0,65.0,1,1,False,True,
0.75,0.6,0.8,0.8,0.1,0.1,0.02,0.01,10,10.0,1.0,False,6,4,6,4,2.078360733207351,1.9091728202599445,1.9091728202599445,0.0,0.0,3.0377294979690377,2.2212330276574193,3.0377294979690377,2.2212330276574193,161.0,490.0,161.0,490.0,1,1,False,True,
0.75,0.6,0.8,0.8,0.1,0.1,0.02,0.02,10,10.0,1.0,False,6,4,6,4,2.078360733207351,1.8817779482875654,1.8817779482875654,0.0,0.0,3.0377294979690377,2.161208568311209,3.0377294979690377,2.161208568311209,161.0,245.0,161.0,245.0,1,1,False,True,
0.75,0.6,0.8,0.8,0.1,0.1,0.02,0.05,10,10.0,1.0,False,6,4,6,4,2.078360733207351,1.8129804588176655,1.8129804588176655,0.0,0.0,3.0377294979690377,2.0175221461307475,3.0377294979690377,2.0175221461307475,161.0,98.0,161.0,98.0,1,1,False,True,
0.75,0.6,0.8,0.8,0.1,0.1,0.02,0.1,10,10.0,1.0,False,6,4,7,3,2.078360733207351,1.7165323592150057,1.735780937364786,0.019248578149780204,0.009670751481242197,3.0377294979690377,1.8320251576796527,3.0511910450061093,1.8593908171420621,161.0,49.0,137.0,65.0,1,1,False,True,
0.75,0.6,0.8,0.8,0.1,0.1,0.05,0.01,10,10.0,1.0,False,6,4,5,5,2.078360733207351,1.767155276921081,1.8017535265630755,0.03459824964199454,0.01744962124712082,2.6355524470969764,2.2212330276574193,2.6727832429704486,2.26739860189272,64.0,490.0,78.0,390.0,1,0,False,True,
0.75,0.6,0.8,0.8,0.1,0.1,0.05,0.02,10,10.0,1.0,False,6,4,5,5,2.078360733207351,1.7397604049487019,1.765176880248048,0.02541647529934621,0.012789330453195361,2.6355524470969764,2.161208568311209,2.6727832429704486,2.1859631616618915,64.0,245.0,78.0,195.0,1,0,False,True,
0.75,0.6,0.8,0.8,0.1,0.1,0.05,0.05,10,10.0,1.0,False,6,4,5,5,2.078360733207351,1.670962915478802,1.6735319697239817,0.002569054245179725,0.0012853524809147492,2.6355524470969764,2.0175221461307475,2.6727832429704486,1.9945363696126912,64.0,98.0,78.0,78.0,1,0,False,True,
0.75,0.6,0.8,0.8,0.1,0.1,0.05,0.1,10,10.0,1.0,False,6,4,6,4,2.078360733207351,1.574514815876142,1.574514815876142,0.0,0.0,2.6355524470969764,1.8320251576796527,2.6355524470969764,1.8320251576796527,64.0,49.0,64.0,49.0,1,1,False,True,
0.75,0.6,0.8,0.8,0.1,0.1,0.1,0.01,10,10.0,1.0,False,6,4,4,6,2.078360733207351,1.5663112220612383,1.6851304431844643,0.11881922112322596,0.061209834483280955,2.1559873000202487,2.2212330276574193,2.362728265669129,2.282596126293539,32.0,490.0,49.0,323.0,1,-1,True,True,
0.75,0.6,0.8,0.8,0.1,0.1,0.1,0.02,10,10.0,1.0,False,6,4,4,6,2.078360733207351,1.5389163500888592,1.639063036994573,0.10014668690571371,0.05134820305572137,2.1559873000202487,2.161208568311209,2.362728265669129,2.17982814448223,32.0,245.0,49.0,161.0,1,-1,True,True,
0.75,0.6,0.8,0.8,0.1,0.1,0.1,0.05,10,10.0,1.0,False,6,4,4,5,2.078360733207351,1.4701188606189592,1.5296588347232865,0.05953997410432721,0.03021754332505221,2.1559873000202487,2.0175221461307475,2.3320832183536218,1.9796041123774109,32.0,98.0,46.0,74.0,1,-1,True,True,
0.75,0.6,0.8,0.8,0.1,0.1,0.1,0.1,10,10.0,1.0,False,6,4,4,4,2.078360733207351,1.3736707610162995,1.422439595731626,0.04876883471532656,0.024684148560928033,2.1559873000202487,1.8320251576796527,2.30984418296057,1.79545689424828,32.0,49.0,44.0,44.0,1,0,False,True,
0.75,0.65,0.8,0.8,0.1,0.1,0.01,0.01,10,10.0,1.0,False,6,4,6,4,2.169510818426761,2.05451094190722,2.05451094190722,0.0,0.0,3.2128517474336955,2.428689968370644,3.2128517474336955,2.428689968370644,323.0,490.0,323.0,490.0,1,1,False,True,
0.75,0.65,0.8,0.8,0.1,0.1,0.01,0.02,10,10.0,1.0,False,6,4,6,4,2.169510818426761,2.025730583018229,2.025730583018229,0.0,0.0,3.2128517474336955,2.35978767182958,3.2128517474336955,2.35978767182958,323.0,245.0,323.0,245.0,1,1,False,True,
0.75,0.65,0.8,0.8,0.1,0.1,0.01,0.05,10,10.0,1.0,False,6,4,6,4,2.169510818426761,1.953377436598836,1.953377436598836,0.0,0.0,3.2128517474336955,2.195080014651407,3.2128517474336955,2.195080014651407,323.0,98.0,323.0,98.0,1,1,False,True,
0.75,0.65,0.8,0.8,0.1,0.1,0.01,0.1,10,10.0,1.0,False,6,4,7,3,2.169510818426761,1.8517317288846598,1.8764760573333379,0.024744328448678132,0.012449016062282789,3.2128517474336955,1.9829245319363624,3.2731796187532853,1.995139922323499,323.0,49.0,275.0,65.0,1,1,False,True,
0.75,0.65,0.8,0.8,0.1,0.1,0.02,0.01,10,10.0,1.0,False,6,4,5,5,2.169510818426761,1.9984623650147342,2.0082404785118095,0.009778113497075358,0.004901027687398445,3.0377294979690377,2.428689968370644,2.9744852412561658,2.5047012917957865,161.0,490.0,195.0,390.0,1,0,False,True,
0.75,0.65,0.8,0.8,0.1,0.1,0.02,0.02,10,10.0,1.0,False,6,4,6,4,2.169510818426761,1.9696820061257436,1.9696820061257436,0.0,0.0,3.0377294979690377,2.35978767182958,3.0377294979690377,2.35978767182958,161.0,245.0,161.0,245.0,1,1,False,True,
0.75,0.65,0.8,0.8,0.1,0.1,0.02,0.05,10,10.0,1.0,False,6,4,6,4,2.169510818426761,1.89732885970635,1.89732885970635,0.0,0.0,3.0377294979690377,2.195080014651407,3.0377294979690377,2.195080014651407,161.0,98.0,161.0,98.0,1,1,False,True,
0.75,0.65,0.8,0.8,0.1,0.1,0.02,0.1,10,10.0,1.0,False,6,4,7,3,2.169510818426761,1.795683151992174,1.8062462053362425,0.010563053344068374,0.0052954985207619275,3.0377294979690377,1.9829245319363624,3.0511910450061093,1.995139922323499,161.0,49.0,137.0,65.0,1,1,False,True,
0.75,0.65,0.8,0.8,0.1,0.1,0.05,0.01,10,10.0,1.0,False,6,4,5,5,2.169510818426761,1.8564448216758707,1.9012898252089487,0.044845003533078076,0.02267577552727672,2.6355524470969764,2.428689968370644,2.6727832429704486,2.5047012917957865,64.0,490.0,78.0,390.0,1,0,False,True,
0.75,0.65,0.8,0.8,0.1,0.1,0.05,0.02,10,10.0,1.0,False,6,4,5,5,2.169510818426761,1.8276644627868799,1.8622161205012542,0.034551657714374295,0.017425919053649416,2.6355524470969764,2.35978767182958,2.6727832429704486,2.4087207029863786,64.0,245.0,78.0,195.0,1,0,False,True,
0.75,0.65,0.8,0.8,0.1,0.1,0.05,0.05,10,10.0,1.0,False,6,4,5,5,2.169510818426761,1.7553113163674865,1.7641651879473783,0.008853871579891814,0.004436749145878466,2.6355524470969764,2.195080014651407,2.6727832429704486,2.18375275787447,64.0,98.0,78.0,78.0,1,0,False,True,
0.75,0.65,0.8,0.8,0.1,0.1,0.05,0.1,10,10.0,1.0,False,6,4,6,4,2.169510818426761,1.6536656086533106,1.6536656086533106,0.0,0.0,2.6355524470969764,1.9829245319363624,2.6355524470969764,1.9829245319363624,64.0,49.0,64.0,49.0,1,1,False,True,
0.75,0.65,0.8,0.8,0.1,0.1,0.1,0.01,10,10.0,1.0,False,6,4,4,6,2.169510818426761,1.655600766816028,1.7915620964897498,0.13596132967372188,0.0703446129909925,2.1559873000202487,2.428689968370644,2.362728265669129,2.538936012064679,32.0,490.0,49.0,323.0,1,-1,True,True,
0.75,0.65,0.8,0.8,0.1,0.1,0.1,0.02,10,10.0,1.0,False,6,4,4,6,2.169510818426761,1.6268204079270374,1.741592702488177,0.11477229456113958,0.05906468639584091,2.1559873000202487,2.35978767182958,2.362728265669129,2.415184559604082,32.0,245.0,49.0,161.0,1,-1,True,True,
0.75,0.65,0.8,0.8,0.1,0.1,0.1,0.05,10,10.0,1.0,False,6,4,4,5,2.169510818426761,1.5544672615076438,1.6197559705520992,0.06528870904445538,0.033183027021878295,2.1559873000202487,2.195080014651407,2.3320832183536218,2.166242321204405,32.0,98.0,46.0,74.0,1,-1,True,True,
0.75,0.65,0.8,0.8,0.1,0.1,0.1,0.1,10,10.0,1.0,False,6,4,4,4,2.169510818426761,1.452821553793468,1.5004681310718517,0.04764657727838384,0.024109330146450794,2.1559873000202487,1.9829245319363624,2.30984418296057,1.9411645220369966,32.0,49.0,44.0,44.0,1,0,False,True,
0.75,0.7,0.8,0.8,0.1,0.1,0.01,0.01,10,10.0,1.0,False,5,5,5,5,2.2691130749311315,2.155380091703236,2.155380091703236,0.0,0.0,3.103552201046044,2.781061710141828,3.103552201046044,2.781061710141828,390.0,390.0,390.0,390.0,0,0,False,True,
0.75,0.7,0.8,0.8,0.1,0.1,0.01,0.02,10,10.0,1.0,False,5,5,6,4,2.2691130749311315,2.114258467191696,2.116834836022619,0.002576368830923048,0.001289014481393377,3.103552201046044,2.6690194036537442,3.2128517474336955,2.584871762546586,390.0,195.0,323.0,245.0,0,1,False,True,
0.75,0.7,0.8,0.8,0.1,0.1,0.01,0.05,10,10.0,1.0,False,5,5,6,4,2.2691130749311315,2.0108968312115927,2.0418416026177733,0.03094477140618057,0.015592702792653129,3.103552201046044,2.406923809122425,3.2128517474336955,2.3981141677100073,390.0,78.0,323.0,98.0,0,1,False,True,
0.75,0.7,0.8,0.8,0.1,0.1,0.01,0.1,10,10.0,1.0,False,5,5,7,3,2.2691130749311315,1.8652840020777597,1.949488499705455,0.08420449762769522,0.043001118926006526,3.103552201046044,2.080767207138838,3.2731796187532853,2.146259644256038,390.0,39.0,275.0,65.0,0,1,False,True,
0.75,0.7,0.8,0.8,0.1,0.1,0.02,0.01,10,10.0,1.0,False,5,5,5,5,2.2691130749311315,2.1129037607937047,2.1129037607937047,0.0,0.0,2.9744852412561658,2.781061710141828,2.9744852412561658,2.781061710141828,195.0,390.0,195.0,390.0,0,0,False,True,
0.75,0.7,0.8,0.8,0.1,0.1,0.02,0.02,10,10.0,1.0,False,5,5,5,5,2.2691130749311315,2.071782136282165,2.071782136282165,0.0,0.0,2.9744852412561658,2.6690194036537442,2.9744852412561658,2.6690194036537442,195.0,195.0,195.0,195.0,0,0,False,True,
0.75,0.7,0.8,0.8,0.1,0.1,0.02,0.05,10,10.0,1.0,False,5,5,6,4,2.2691130749311315,1.9684205003020612,1.9857930257252876,0.017372525423226426,0.008724097760609494,2.9744852412561658,2.406923809122425,3.0377294979690377,2.3981141677100073,195.0,78.0,161.0,98.0,0,1,False,True,
0.75,0.7,0.8,0.8,0.1,0.1,0.02,0.1,10,10.0,1.0,False,5,5,6,4,2.2691130749311315,1.8228076711682284,1.8802100770944792,0.05740240592625079,0.029117051405382895,2.9744852412561658,2.080767207138838,3.0377294979690377,2.1578227266301155,195.0,39.0,161.0,49.0,0,1,False,True,
0.75,0.7,0.8,0.8,0.1,0.1,0.05,0.01,10,10.0,1.0,False,5,5,4,6,2.2691130749311315,2.005953107490844,2.013188546578715,0.007235439087871054,0.0036242713898159288,2.6727832429704486,2.781061710141828,2.631530237126082,2.845170599286769,78.0,390.0,98.0,323.0,0,-1,False,True,
0.75,0.7,0.8,0.8,0.1,0.1,0.05,0.02,10,10.0,1.0,False,5,5,5,5,2.2691130749311315,1.9648314829793043,1.9648314829793043,0.0,0.0,2.6727832429704486,2.6690194036537442,2.6727832429704486,2.6690194036537442,78.0,195.0,78.0,195.0,0,0,False,True,
0.75,0.7,0.8,0.8,0.1,0.1,0.05,0.05,10,10.0,1.0,False,5,5,5,5,2.2691130749311315,1.8614698469992006,1.8614698469992006,0.0,0.0,2.6727832429704486,2.406923809122425,2.6727832429704486,2.406923809122425,78.0,78.0,78.0,78.0,0,0,False,True,
0.75,0.7,0.8,0.8,0.1,0.1,0.05,0.1,10,10.0,1.0,False,5,5,6,4,2.2691130749311315,1.7158570178653678,1.7381925337556154,0.022335515890247626,0.011230350141711407,2.6727832429704486,2.080767207138838,2.6355524470969764,2.1578227266301155,78.0,39.0,64.0,49.0,0,1,False,True,
0.75,0.7,0.8,0.8,0.1,0.1,0.1,0.01,10,10.0,1.0,False,5,5,4,6,2.2691130749311315,1.8547704829243725,1.9054400264877693,0.05066954356339681,0.025658424555173902,2.297766853487972,2.781061710141828,2.362728265669129,2.845170599286769,39.0,390.0,49.0,323.0,0,-1,False,True,
0.75,0.7,0.8,0.8,0.1,0.1,0.1,0.02,10,10.0,1.0,False,5,5,4,6,2.2691130749311315,1.8136488584128325,1.8520186378763053,0.03836977946347275,0.01937010226004639,2.297766853487972,2.6690194036537442,2.362728265669129,2.6971661338744872,39.0,195.0,49.0,161.0,0,-1,False,True,
0.75,0.7,0.8,0.8,0.1,0.1,0.1,0.05,10,10.0,1.0,False,5,5,4,6,2.2691130749311315,1.7102872224327292,1.716996942506006,0.006709720073276859,0.003360493878059193,2.297766853487972,2.406923809122425,2.362728265669129,2.3565058418107934,39.0,78.0,49.0,64.0,0,-1,False,True,
0.75,0.7,0.8,0.8,0.1,0.1,0.1,0.1,10,10.0,1.0,False,5,5,4,4,2.2691130749311315,1.5646743932988962,1.5841332676389057,0.01945887434000948,0.009776922019170506,2.297766853487972,2.080767207138838,2.30984418296057,2.110559754173862,39.0,39.0,44.0,44.0,0,0,False,True,
0.75,0.75,0.8,0.8,0.1,0.1,0.01,0.01,10,10.0,1.0,False,5,5,5,5,2.380611227123243,2.2650946535736782,2.2650946535736782,0.0,0.0,3.103552201046044,3.103552201046044,3.103552201046044,3.103552201046044,390.0,390.0,390.0,390.0,0,0,False,True,
0.75,0.75,0.8,0.8,0.1,0.1,0.01,0.02,10,10.0,1.0,False,5,5,5,5,2.380611227123243,2.2226183226641467,2.2226183226641467,0.0,0.0,3.103552201046044,2.9744852412561658,3.103552201046044,2.9744852412561658,390.0,195.0,390.0,195.0,0,0,False,True,
0.75,0.75,0.8,0.8,0.1,0.1,0.01,0.05,10,10.0,1.0,False,5,5,6,4,2.380611227123243,2.1156676693612866,2.134724453790258,0.019056784428971518,0.009573931868555692,3.103552201046044,2.6727832429704486,3.2128517474336955,2.631530237126082,390.0,78.0,323.0,98.0,0,1,False,True,
0.75,0.75,0.8,0.8,0.1,0.1,0.01,0.1,10,10.0,1.0,False,5,5,6,4,2.380611227123243,1.9644850447948148,2.0269759336993127,0.06249088890449794,0.03173870735344888,3.103552201046044,2.297766853487972,3.2128517474336955,2.362728265669129,390.0,39.0,323.0,49.0,0,1,False,True,
0.75,0.75,0.8,0.8,0.1,0.1,0.02,0.01,10,10.0,1.0,False,5,5,5,5,2.380611227123243,2.2226183226641467,2.2226183226641467,0.0,0.0,2.9744852412561658,3.103552201046044,2.9744852412561658,3.103552201046044,195.0,390.0,195.0,390.0,0,0,False,True,
0.75,0.75,0.8,0.8,0.1,0.1,0.02,0.02,10,10.0,1.0,False,5,5,5,5,2.380611227123243,2.1801419917546156,2.1801419917546156,0.0,0.0,2.9744852412561658,2.9744852412561658,2.9744852412561658,2.9744852412561658,195.0,195.0,195.0,195.0,0,0,False,True,
0.75,0.75,0.8,0.8,0.1,0.1,0.02,0.05,10,10.0,1.0,False,5,5,6,4,2.380611227123243,2.073191338451755,2.0786758768977727,0.005484538446017595,0.002746032682608046,2.9744852412561658,2.6727832429704486,3.0377294979690377,2.631530237126082,195.0,78.0,161.0,98.0,0,1,False,True,
0.75,0.75,0.8,0.8,0.1,0.1,0.02,0.1,10,10.0,1.0,False,5,5,6,4,2.380611227123243,1.9220087138852835,1.970927356806827,0.048918642921543576,0.024760904482676347,2.9744852412561658,2.297766853487972,3.0377294979690377,2.362728265669129,195.0,39.0,161.0,49.0,0,1,False,True,
0.75,0.75,0.8,0.8,0.1,0.1,0.05,0.01,10,10.0,1.0,False,5,5,4,6,2.380611227123243,2.1156676693612866,2.134724453790258,0.019056784428971518,0.009573931868555692,2.6727832429704486,3.103552201046044,2.631530237126082,3.2128517474336955,78.0,390.0,98.0,323.0,0,-1,False,True,
0.75,0.75,0.8,0.8,0.1,0.1,0.05,0.02,10,10.0,1.0,False,5,5,4,6,2.380611227123243,2.073191338451755,2.0786758768977727,0.005484538446017595,0.002746032682608046,2.6727832429704486,2.9744852412561658,2.631530237126082,3.0377294979690377,78.0,195.0,98.0,161.0,0,-1,False,True,
0.75,0.75,0.8,0.8,0.1,0.1,0.05,0.05,10,10.0,1.0,False,5,5,5,5,2.380611227123243,1.9662406851488945,1.9662406851488945,0.0,0.0,2.6727832429704486,2.6727832429704486,2.6727832429704486,2.6727832429704486,78.0,78.0,78.0,78.0,0,0,False,True,
0.75,0.75,0.8,0.8,0.1,0.1,0.05,0.1,10,10.0,1.0,False,5,5,6,4,2.380611227123243,1.815058060582423,1.8289098134679636,0.013851752885540636,0.0069499157908263255,2.6727832429704486,2.297766853487972,2.6355524470969764,2.362728265669129,78.0,39.0,64.0,49.0,0,1,False,True,
0.75,0.75,0.8,0.8,0.1,0.1,0.1,0.01,10,10.0,1.0,False,5,5,4,6,2.380611227123243,1.9644850447948148,2.0269759336993127,0.06249088890449794,0.03173870735344888,2.297766853487972,3.103552201046044,2.362728265669129,3.2128517474336955,39.0,390.0,49.0,323.0,0,-1,False,True,
0.75,0.75,0.8,0.8,0.1,0.1,0.1,0.02,10,10.0,1.0,False,5,5,4,6,2.380611227123243,1.9220087138852835,1.970927356806827,0.048918642921543576,0.024760904482676347,2.297766853487972,2.9744852412561658,2.362728265669129,3.0377294979690377,39.0,195.0,49.0,161.0,0,-1,False,True,
0.75,0.75,0.8,0.8,0.1,0.1,0.1,0.05,10,10.0,1.0,False,5,5,4,6,2.380611227123243,1.815058060582423,1.8289098134679636,0.013851752885540636,0.0069499157908263255,2.297766853487972,2.6727832429704486,2.362728265669129,2.6355524470969764,39.0,78.0,49.0,64.0,0,-1,False,True,
0.75,0.75,0.8,0.8,0.1,0.1,0.1,0.1,10,10.0,1.0,False,5,5,4,4,2.380611227123243,1.6638754360159513,1.6743601379896118,0.01048470197366047,0.005256116152195602,2.297766853487972,2.297766853487972,2.30984418296057,2.30984418296057,39.0,39.0,44.0,44.0,0,0,False,True,
0.75,0.8,0.8,0.8,0.1,0.1,0.01,0.01,10,10.0,1.0,False,5,5,5,5,2.4957369306240733,2.3798321370674875,2.3798321370674875,0.0,0.0,3.103552201046044,3.480878868359752,3.103552201046044,3.480878868359752,390.0,390.0,390.0,390.0,0,0,False,True,
0.75,0.8,0.8,0.8,0.1,0.1,0.01,0.02,10,10.0,1.0,False,5,5,5,5,2.4957369306240733,2.3370231858249855,2.3370231858249855,0.0,0.0,3.103552201046044,3.3350106042181746,3.103552201046044,3.3350106042181746,390.0,195.0,390.0,195.0,0,0,False,True,
0.75,0.8,0.8,0.8,0.1,0.1,0.01,0.05,10,10.0,1.0,False,5,5,6,4,2.4957369306240733,2.2290532263365757,2.23253515055611,0.003481924219534527,0.0017424784641452437,3.103552201046044,2.993687483287125,3.2128517474336955,2.9019305226049745,390.0,78.0,323.0,98.0,0,1,False,True,
0.75,0.8,0.8,0.8,0.1,0.1,0.01,0.1,10,10.0,1.0,False,5,5,6,4,2.4957369306240733,2.075963995516381,2.1250639534774303,0.04909995796104916,0.024853810975888863,3.103552201046044,2.5687429859532767,3.2128517474336955,2.6062307381127434,390.0,39.0,323.0,49.0,0,1,False,True,
0.75,0.8,0.8,0.8,0.1,0.1,0.02,0.01,10,10.0,1.0,False,5,5,4,6,2.4957369306240733,2.337355806157956,2.3405397753581862,0.00318396920023023,0.0015932524803246042,2.9744852412561658,3.480878868359752,2.8403681658713906,3.6568645346110387,195.0,390.0,245.0,323.0,0,-1,False,True,
0.75,0.8,0.8,0.8,0.1,0.1,0.02,0.02,10,10.0,1.0,False,5,5,5,5,2.4957369306240733,2.2945468549154544,2.2945468549154544,0.0,0.0,2.9744852412561658,3.3350106042181746,2.9744852412561658,3.3350106042181746,195.0,195.0,195.0,195.0,0,0,False,True,
0.75,0.8,0.8,0.8,0.1,0.1,0.02,0.05,10,10.0,1.0,False,5,5,5,5,2.4957369306240733,2.1865768954270446,2.1865768954270446,0.0,0.0,2.9744852412561658,2.993687483287125,2.9744852412561658,2.993687483287125,195.0,78.0,195.0,78.0,0,0,False,True,
0.75,0.8,0.8,0.8,0.1,0.1,0.02,0.1,10,10.0,1.0,False,5,5,6,4,2.4957369306240733,2.0334876646068496,2.069015376584945,0.03552771197809523,0.01792257168692841,2.9744852412561658,2.5687429859532767,3.0377294979690377,2.6062307381127434,195.0,39.0,161.0,49.0,0,1,False,True,
0.75,0.8,0.8,0.8,0.1,0.1,0.05,0.01,10,10.0,1.0,False,5,5,4,6,2.4957369306240733,2.2304051528550954,2.264171611915174,0.03376645906007836,0.017026556722226967,2.6727832429704486,3.480878868359752,2.631530237126082,3.6568645346110387,78.0,390.0,98.0,323.0,0,-1,False,True,
0.75,0.8,0.8,0.8,0.1,0.1,0.05,0.02,10,10.0,1.0,False,5,5,4,6,2.4957369306240733,2.1875962016125934,2.2068501161827294,0.019253914570136033,0.009673445498611743,2.6727832429704486,3.3350106042181746,2.631530237126082,3.4531422029119385,78.0,195.0,98.0,161.0,0,-1,False,True,
0.75,0.8,0.8,0.8,0.1,0.1,0.05,0.05,10,10.0,1.0,False,5,5,5,5,2.4957369306240733,2.079626242124184,2.079626242124184,0.0,0.0,2.6727832429704486,2.993687483287125,2.6727832429704486,2.993687483287125,78.0,78.0,78.0,78.0,0,0,False,True,
0.75,0.8,0.8,0.8,0.1,0.1,0.05,0.1,10,10.0,1.0,False,5,5,6,4,2.4957369306240733,1.926537011303989,1.926997833246081,0.00046082194209207117,0.00023043751769266516,2.6727832429704486,2.5687429859532767,2.6355524470969764,2.6062307381127434,78.0,39.0,64.0,49.0,0,1,False,True,
0.75,0.8,0.8,0.8,0.1,0.1,0.1,0.01,10,10.0,1.0,False,5,5,3,7,2.4957369306240733,2.079222528288624,2.1668888481270288,0.08766631983840467,0.04480802449097524,2.297766853487972,3.480878868359752,2.315417659089507,3.770843673764667,39.0,390.0,65.0,275.0,0,-1,False,True,
0.75,0.8,0.8,0.8,0.1,0.1,0.1,0.02,10,10.0,1.0,False,5,5,4,6,2.4957369306240733,2.036413577046122,2.099101596091784,0.06268801904566201,0.03184040576383455,2.297766853487972,3.3350106042181746,2.362728265669129,3.4531422029119385,39.0,195.0,49.0,161.0,0,-1,False,True,
0.75,0.8,0.8,0.8,0.1,0.1,0.1,0.05,10,10.0,1.0,False,5,5,4,6,2.4957369306240733,1.9284436175577124,1.9535069779951015,0.025063360437389104,0.012610530755560165,2.297766853487972,2.993687483287125,2.362728265669129,2.9852693637567205,39.0,78.0,49.0,64.0,0,-1,False,True,
0.75,0.8,0.8,0.8,0.1,0.1,0.1,0.1,10,10.0,1.0,False,5,5,5,5,2.4957369306240733,1.7753543867375174,1.7753543867375174,0.0,0.0,2.297766853487972,2.5687429859532767,2.297766853487972,2.5687429859532767,39.0,39.0,39.0,39.0,0,0,False,True,
0.75,0.85,0.8,0.8,0.1,0.1,0.01,0.01,10,10.0,1.0,False,4,6,4,6,2.626006189881766,2.508640267071079,2.508640267071079,0.0,0.0,2.927771115019676,4.197121130424473,2.927771115019676,4.197121130424473,490.0,323.0,490.0,323.0,-1,-1,False,True,
0.75,0.85,0.8,0.8,0.1,0.1,0.01,0.02,10,10.0,1.0,False,4,6,5,5,2.626006189881766,2.452168427690685,2.4580478545507707,0.00587942686008569,0.0029440386248074644,2.927771115019676,3.966670214048744,3.103552201046044,3.7640689045682483,490.0,161.0,390.0,195.0,-1,0,False,True,
0.75,0.85,0.8,0.8,0.1,0.1,0.01,0.05,10,10.0,1.0,False,4,6,5,5,2.626006189881766,2.308433757545684,2.3528251273673035,0.04439136982161962,0.022443841727683093,2.927771115019676,3.435602585949758,3.103552201046044,3.3881288270519745,490.0,64.0,390.0,78.0,-1,0,False,True,
0.75,0.85,0.8,0.8,0.1,0.1,0.01,0.1,10,10.0,1.0,False,4,6,6,4,2.626006189881766,2.103503481535938,2.2323278917103564,0.12882441017441826,0.06653193805565263,2.927771115019676,2.7989995775159304,3.2128517474336955,2.9013291341580922,490.0,32.0,323.0,49.0,-1,1,True,True,
0.75,0.85,0.8,0.8,0.1,0.1,0.02,0.01,10,10.0,1.0,False,4,6,4,6,2.626006189881766,2.47833252476869,2.47833252476869,0.0,0.0,2.8403681658713906,4.197121130424473,2.8403681658713906,4.197121130424473,245.0,323.0,245.0,323.0,-1,-1,False,True,
0.75,0.85,0.8,0.8,0.1,0.1,0.02,0.02,10,10.0,1.0,False,4,6,4,6,2.626006189881766,2.421860685388296,2.421860685388296,0.0,0.0,2.8403681658713906,3.966670214048744,2.8403681658713906,3.966670214048744,245.0,161.0,245.0,161.0,-1,-1,False,True,
0.75,0.85,0.8,0.8,0.1,0.1,0.02,0.05,10,10.0,1.0,False,4,6,5,5,2.626006189881766,2.278126015243296,2.310348796457772,0.03222278121447619,0.016241878901623315,2.8403681658713906,3.435602585949758,2.9744852412561658,3.3881288270519745,245.0,64.0,195.0,78.0,-1,0,False,True,
0.75,0.85,0.8,0.8,0.1,0.1,0.02,0.1,10,10.0,1.0,False,4,6,6,4,2.626006189881766,2.073195739233549,2.1762793148178705,0.10308357558432135,0.052893183454372356,2.8403681658713906,2.7989995775159304,3.0377294979690377,2.9013291341580922,245.0,32.0,161.0,49.0,-1,1,True,True,
0.75,0.85,0.8,0.8,0.1,0.1,0.05,0.01,10,10.0,1.0,False,4,6,4,6,2.626006189881766,2.4019643613256774,2.4019643613256774,0.0,0.0,2.631530237126082,4.197121130424473,2.631530237126082,4.197121130424473,98.0,323.0,98.0,323.0,-1,-1,False,True,
0.75,0.85,0.8,0.8,0.1,0.1,0.05,0.02,10,10.0,1.0,False,4,6,4,6,2.626006189881766,2.3454925219452836,2.3454925219452836,0.0,0.0,2.631530237126082,3.966670214048744,2.631530237126082,3.966670214048744,98.0,161.0,98.0,161.0,-1,-1,False,True,
0.75,0.85,0.8,0.8,0.1,0.1,0.05,0.05,10,10.0,1.0,False,4,6,5,5,2.626006189881766,2.2017578518002825,2.2033981431549114,0.0016402913546289533,0.0008204820887429924,2.631530237126082,3.435602585949758,2.6727832429704486,3.3881288270519745,98.0,64.0,78.0,78.0,-1,0,False,True,
0.75,0.85,0.8,0.8,0.1,0.1,0.05,0.1,10,10.0,1.0,False,4,6,5,5,2.626006189881766,1.9968275757905365,2.053852050746295,0.057024474955758686,0.02892260217506429,2.631530237126082,2.7989995775159304,2.6727832429704486,2.917513487614054,98.0,32.0,78.0,39.0,-1,0,False,True,
0.75,0.85,0.8,0.8,0.1,0.1,0.1,0.01,10,10.0,1.0,False,4,6,3,7,2.626006189881766,2.2942158412347315,2.3204007020272654,0.026184860792533904,0.013178511523268176,2.362728265669129,4.197121130424473,2.315417659089507,4.396508118722122,49.0,323.0,65.0,275.0,-1,-1,False,True,
0.75,0.85,0.8,0.8,0.1,0.1,0.1,0.02,10,10.0,1.0,False,4,6,3,7,2.626006189881766,2.2377440018543377,2.24757939874826,0.009835396893922432,0.0049298101717666215,2.362728265669129,3.966670214048744,2.315417659089507,4.087727994706356,49.0,161.0,65.0,137.0,-1,-1,False,True,
0.75,0.85,0.8,0.8,0.1,0.1,0.1,0.05,10,10.0,1.0,False,4,6,4,6,2.626006189881766,2.094009331709337,2.094009331709337,0.0,0.0,2.362728265669129,3.435602585949758,2.362728265669129,3.435602585949758,49.0,64.0,49.0,64.0,-1,-1,False,True,
0.75,0.85,0.8,0.8,0.1,0.1,0.1,0.1,10,10.0,1.0,False,4,6,5,5,2.626006189881766,1.889079055699591,1.9026694261798238,0.013590370480232927,0.006818324894392982,2.362728265669129,2.7989995775159304,2.297766853487972,2.917513487614054,49.0,32.0,39.0,39.0,-1,0,False,True,
0.75,0.9,0.8,0.8,0.1,0.1,0.01,0.01,10,10.0,1.0,False,4,6,4,6,2.76732617149505,2.655690302424299,2.655690302424299,0.0,0.0,2.927771115019676,4.861995160302745,2.927771115019676,4.861995160302745,490.0,323.0,490.0,323.0,-1,-1,False,True,
0.75,0.9,0.8,0.8,0.1,0.1,0.01,0.02,10,10.0,1.0,False,4,6,4,6,2.76732617149505,2.6033912152346215,2.6033912152346215,0.0,0.0,2.927771115019676,4.614252086036681,2.927771115019676,4.614252086036681,490.0,161.0,490.0,161.0,-1,-1,False,True,
0.75,0.9,0.8,0.8,0.1,0.1,0.01,0.05,10,10.0,1.0,False,4,6,5,5,2.76732617149505,2.470082433633328,2.4900005216517713,0.019918088018443303,0.010008800325953355,2.927771115019676,4.038369460785317,3.103552201046044,3.886283081743297,490.0,64.0,390.0,78.0,-1,0,False,True,
0.75,0.9,0.8,0.8,0.1,0.1,0.01,0.1,10,10.0,1.0,False,4,6,5,5,2.76732617149505,2.2798443812281457,2.3521630472369806,0.07231866600883485,0.03682103314098517,2.927771115019676,3.3387716146112925,3.103552201046044,3.3858863567060546,490.0,32.0,390.0,39.0,-1,0,False,True,
0.75,0.9,0.8,0.8,0.1,0.1,0.02,0.01,10,10.0,1.0,False,4,6,4,6,2.76732617149505,2.62538256012191,2.62538256012191,0.0,0.0,2.8403681658713906,4.861995160302745,2.8403681658713906,4.861995160302745,245.0,323.0,245.0,323.0,-1,-1,False,True,
0.75,0.9,0.8,0.8,0.1,0.1,0.02,0.02,10,10.0,1.0,False,4,6,4,6,2.76732617149505,2.573083472932233,2.573083472932233,0.0,0.0,2.8403681658713906,4.614252086036681,2.8403681658713906,4.614252086036681,245.0,161.0,245.0,161.0,-1,-1,False,True,
0.75,0.9,0.8,0.8,0.1,0.1,0.02,0.05,10,10.0,1.0,False,4,6,5,5,2.76732617149505,2.43977469133094,2.4475241907422403,0.00774949941130032,0.00388226625340238,2.8403681658713906,4.038369460785317,2.9744852412561658,3.886283081743297,245.0,64.0,195.0,78.0,-1,0,False,True,
0.75,0.9,0.8,0.8,0.1,0.1,0.02,0.1,10,10.0,1.0,False,4,6,5,5,2.76732617149505,2.2495366389257576,2.309686716327449,0.060150077401691426,0.030531860824242977,2.8403681658713906,3.3387716146112925,2.9744852412561658,3.3858863567060546,245.0,32.0,195.0,39.0,-1,0,False,True,
0.75,0.9,0.8,0.8,0.1,0.1,0.05,0.01,10,10.0,1.0,False,4,6,3,7,2.76732617149505,2.5490143966788974,2.558319670823778,0.009305274144880471,0.00466347739381081,2.631530237126082,4.861995160302745,2.4851919233514588,5.196419244284837,98.0,323.0,131.0,275.0,-1,-1,False,True,
0.75,0.9,0.8,0.8,0.1,0.1,0.05,0.02,10,10.0,1.0,False,4,6,4,6,2.76732617149505,2.49671530948922,2.49671530948922,0.0,0.0,2.631530237126082,4.614252086036681,2.631530237126082,4.614252086036681,98.0,161.0,98.0,161.0,-1,-1,False,True,
0.75,0.9,0.8,0.8,0.1,0.1,0.05,0.05,10,10.0,1.0,False,4,6,4,6,2.76732617149505,2.3634065278879266,2.3634065278879266,0.0,0.0,2.631530237126082,4.038369460785317,2.631530237126082,4.038369460785317,98.0,64.0,98.0,64.0,-1,-1,False,True,
0.75,0.9,0.8,0.8,0.1,0.1,0.05,0.1,10,10.0,1.0,False,4,6,5,5,2.76732617149505,2.1731684754827443,2.202736063024589,0.02956758754184463,0.014893614572018984,2.631530237126082,3.3387716146112925,2.6727832429704486,3.3858863567060546,98.0,32.0,78.0,39.0,-1,0,False,True,
0.75,0.9,0.8,0.8,0.1,0.1,0.1,0.01,10,10.0,1.0,False,4,6,3,7,2.76732617149505,2.4412658765879516,2.4875598670794936,0.046293990491542036,0.02341696591939739,2.362728265669129,4.861995160302745,2.315417659089507,5.196419244284837,49.0,323.0,65.0,275.0,-1,-1,False,True,
0.75,0.9,0.8,0.8,0.1,0.1,0.1,0.02,10,10.0,1.0,False,4,6,3,7,2.76732617149505,2.3889667893982747,2.4194499431338095,0.030483153735534785,0.015358322073370055,2.362728265669129,4.614252086036681,2.315417659089507,4.854275473628954,49.0,161.0,65.0,137.0,-1,-1,False,True,
0.75,0.9,0.8,0.8,0.1,0.1,0.1,0.05,10,10.0,1.0,False,4,6,4,6,2.76732617149505,2.2556580077969812,2.2556580077969812,0.0,0.0,2.362728265669129,4.038369460785317,2.362728265669129,4.038369460785317,49.0,64.0,49.0,64.0,-1,-1,False,True,
0.75,0.9,0.8,0.8,0.1,0.1,0.1,0.1,10,10.0,1.0,False,4,6,4,6,2.76732617149505,2.065419955391799,2.065419955391799,0.0,0.0,2.362728265669129,3.3387716146112925,2.362728265669129,3.3387716146112925,49.0,32.0,49.0,32.0,-1,-1,False,True,
0.75,0.95,0.8,0.8,0.1,0.1,0.01,0.01,10,10.0,1.0,False,3,7,4,6,2.9127144660333193,2.811814174855522,2.814295749274503,0.002481574418980781,0.0012415573044150493,2.6628069691679808,6.249074400628283,2.927771115019676,5.697652952540657,656.0,275.0,490.0,323.0,-1,-1,False,True,
0.75,0.95,0.8,0.8,0.1,0.1,0.01,0.02,10,10.0,1.0,False,3,7,4,6,2.9127144660333193,2.756480981043623,2.771770105233166,0.015289124189542758,0.007673856359278438,2.6628069691679808,5.912685710116605,2.927771115019676,5.460436236114227,656.0,137.0,490.0,161.0,-1,-1,False,True,
0.75,0.95,0.8,0.8,0.1,0.1,0.01,0.05,10,10.0,1.0,False,3,7,4,6,2.9127144660333193,2.6172602960005573,2.6633000413312615,0.04603974533070421,0.023286874782780898,2.6628069691679808,5.144249444221367,2.927771115019676,4.899134806320443,656.0,55.0,490.0,64.0,-1,-1,False,True,
0.75,0.95,0.8,0.8,0.1,0.1,0.01,0.1,10,10.0,1.0,False,3,7,5,5,2.9127144660333193,2.408865196083048,2.5341335710332293,0.12526837495018128,0.06463731032577011,2.6628069691679808,4.176545118535746,3.103552201046044,4.061637608946565,656.0,27.0,390.0,39.0,-1,0,False,True,
0.75,0.95,0.8,0.8,0.1,0.1,0.02,0.01,10,10.0,1.0,False,3,7,3,7,2.9127144660333193,2.7922545107821906,2.7922545107821906,0.0,0.0,2.6112294234624,6.249074400628283,2.6112294234624,6.249074400628283,328.0,275.0,328.0,275.0,-1,-1,False,True,
0.75,0.95,0.8,0.8,0.1,0.1,0.02,0.02,10,10.0,1.0,False,3,7,4,6,2.9127144660333193,2.7369213169702924,2.7414623629307773,0.00454104596048488,0.002273102569513793,2.6112294234624,5.912685710116605,2.8403681658713906,5.460436236114227,328.0,137.0,245.0,161.0,-1,-1,False,True,
0.75,0.95,0.8,0.8,0.1,0.1,0.02,0.05,10,10.0,1.0,False,3,7,4,6,2.9127144660333193,2.5977006319272267,2.6329922990288734,0.03529166710164677,0.01780244107228791,2.6112294234624,5.144249444221367,2.8403681658713906,4.899134806320443,328.0,55.0,245.0,64.0,-1,-1,False,True,
0.75,0.95,0.8,0.8,0.1,0.1,0.02,0.1,10,10.0,1.0,False,3,7,5,5,2.9127144660333193,2.389305532009717,2.491657240123698,0.10235170811398087,0.05250796480556376,2.6112294234624,4.176545118535746,2.9744852412561658,4.061637608946565,328.0,27.0,195.0,39.0,-1,0,False,True,
0.75,0.95,0.8,0.8,0.1,0.1,0.05,0.01,10,10.0,1.0,False,3,7,3,7,2.9127144660333193,2.742783246184858,2.742783246184858,0.0,0.0,2.4851919233514588,6.249074400628283,2.4851919233514588,6.249074400628283,131.0,275.0,131.0,275.0,-1,-1,False,True,
0.75,0.95,0.8,0.8,0.1,0.1,0.05,0.02,10,10.0,1.0,False,3,7,3,7,2.9127144660333193,2.6874500523729594,2.6874500523729594,0.0,0.0,2.4851919233514588,5.912685710116605,2.4851919233514588,5.912685710116605,131.0,137.0,131.0,137.0,-1,-1,False,True,
0.75,0.95,0.8,0.8,0.1,0.1,0.05,0.05,10,10.0,1.0,False,3,7,4,6,2.9127144660333193,2.5482293673298937,2.55662413558586,0.008394768255966412,0.004206205482628498,2.4851919233514588,5.144249444221367,2.631530237126082,4.899134806320443,131.0,55.0,98.0,64.0,-1,-1,False,True,
0.75,0.95,0.8,0.8,0.1,0.1,0.05,0.1,10,10.0,1.0,False,3,7,4,6,2.9127144660333193,2.3398342674123844,2.402179180097751,0.06234491268536679,0.03166340544373897,2.4851919233514588,4.176545118535746,2.631530237126082,4.198022847681387,131.0,27.0,98.0,32.0,-1,-1,False,True,
0.75,0.95,0.8,0.8,0.1,0.1,0.1,0.01,10,10.0,1.0,False,3,7,3,7,2.9127144660333193,2.672023442440574,2.672023442440574,0.0,0.0,2.315417659089507,6.249074400628283,2.315417659089507,6.249074400628283,65.0,275.0,65.0,275.0,-1,-1,False,True,
0.75,0.95,0.8,0.8,0.1,0.1,0.1,0.02,10,10.0,1.0,False,3,7,3,7,2.9127144660333193,2.6166902486286756,2.6166902486286756,0.0,0.0,2.315417659089507,5.912685710116605,2.315417659089507,5.912685710116605,65.0,137.0,65.0,137.0,-1,-1,False,True,
0.75,0.95,0.8,0.8,0.1,0.1,0.1,0.05,10,10.0,1.0,False,3,7,3,7,2.9127144660333193,2.47746956358561,2.47746956358561,0.0,0.0,2.315417659089507,5.144249444221367,2.315417659089507,5.144249444221367,65.0,55.0,65.0,55.0,-1,-1,False,True,
0.75,0.95,0.8,0.8,0.1,0.1,0.1,0.1,10,10.0,1.0,False,3,7,4,6,2.9127144660333193,2.2690744636681,2.294430660006806,0.025356196338705672,0.012758805969099944,2.315417659089507,4.176545118535746,2.362728265669129,4.198022847681387,65.0,27.0,49.0,32.0,-1,-1,False,True,
0.8,0.5,0.8,0.8,0.1,0.1,0.01,0.01,10,10.0,1.0,False,7,3,7,3,2.0543975423603786,1.9330606751287847,1.9330606751287847,0.0,0.0,3.770843673764667,1.8326479946114869,3.770843673764667,1.8326479946114869,275.0,656.0,275.0,656.0,1,1,False,True,
0.8,0.5,0.8,0.8,0.1,0.1,0.01,0.02,10,10.0,1.0,False,7,3,7,3,2.0543975423603786,1.9162475295191412,1.9162475295191412,0.0,0.0,3.770843673764667,1.8020929995922343,3.770843673764667,1.8020929995922343,275.0,328.0,275.0,328.0,1,1,False,True,
0.8,0.5,0.8,0.8,0.1,0.1,0.01,0.05,10,10.0,1.0,False,7,3,7,3,2.0543975423603786,1.873864839311024,1.873864839311024,0.0,0.0,3.770843673764667,1.7273113674434641,3.770843673764667,1.7273113674434641,275.0,131.0,275.0,131.0,1,1,False,True,
0.8,0.5,0.8,0.8,0.1,0.1,0.01,0.1,10,10.0,1.0,False,7,3,8,2,2.0543975423603786,1.813617736865604,1.8209582375819207,0.007340500716316756,0.003676993974733884,3.770843673764667,1.6263186673401444,3.8376713303869865,1.6097718796681106,275.0,65.0,240.0,99.0,1,1,False,True,
0.8,0.5,0.8,0.8,0.1,0.1,0.02,0.01,10,10.0,1.0,False,7,3,6,4,2.0543975423603786,1.8601468902689804,1.8680865595911516,0.007939669322171161,0.003977724892219781,3.505681638834538,1.8326479946114869,3.4531422029119385,1.8753624728775729,137.0,656.0,161.0,490.0,1,1,False,True,
0.8,0.5,0.8,0.8,0.1,0.1,0.02,0.02,10,10.0,1.0,False,7,3,6,4,2.0543975423603786,1.843333744659337,1.8441566170204893,0.0008228723611523048,0.00041152083205065767,3.505681638834538,1.8020929995922343,3.4531422029119385,1.831017854797355,137.0,328.0,161.0,245.0,1,1,False,True,
0.8,0.5,0.8,0.8,0.1,0.1,0.02,0.05,10,10.0,1.0,False,7,3,7,3,2.0543975423603786,1.8009510544512197,1.8009510544512197,0.0,0.0,3.505681638834538,1.7273113674434641,3.505681638834538,1.7273113674434641,137.0,131.0,137.0,131.0,1,1,False,True,
0.8,0.5,0.8,0.8,0.1,0.1,0.02,0.1,10,10.0,1.0,False,7,3,7,3,2.0543975423603786,1.7407039520057999,1.7407039520057999,0.0,0.0,3.505681638834538,1.6263186673401444,3.505681638834538,1.6263186673401444,137.0,65.0,137.0,65.0,1,1,False,True,
0.8,0.5,0.8,0.8,0.1,0.1,0.05,0.01,10,10.0,1.0,False,7,3,5,5,2.0543975423603786,1.6774458582668728,1.731674430569007,0.05422857230213429,0.027485223385045183,2.9202929766204906,1.8326479946114869,2.993687483287125,1.8873401900233948,55.0,656.0,78.0,390.0,1,0,False,True,
0.8,0.5,0.8,0.8,0.1,0.1,0.05,0.02,10,10.0,1.0,False,7,3,5,5,2.0543975423603786,1.6606327126572293,1.700745323490037,0.040112610832807594,0.02025878450522419,2.9202929766204906,1.8020929995922343,2.993687483287125,1.8298599318298372,55.0,328.0,78.0,195.0,1,0,False,True,
0.8,0.5,0.8,0.8,0.1,0.1,0.05,0.05,10,10.0,1.0,False,7,3,6,4,2.0543975423603786,1.618250022449112,1.638571844463469,0.02032182201435684,0.010212708350843052,2.9202929766204906,1.7273113674434641,2.9852693637567205,1.7244046536184965,55.0,131.0,64.0,98.0,1,1,False,True,
0.8,0.5,0.8,0.8,0.1,0.1,0.05,0.1,10,10.0,1.0,False,7,3,6,3,2.0543975423603786,1.558002920003692,1.5637568351904185,0.0057539151867265215,0.002881100007424216,2.9202929766204906,1.6263186673401444,2.9529121746516283,1.6176346245262945,55.0,65.0,61.0,62.0,1,1,False,True,
0.8,0.5,0.8,0.8,0.1,0.1,0.1,0.01,10,10.0,1.0,False,7,3,4,6,2.0543975423603786,1.4036702653614066,1.591648730990269,0.18797846562886233,0.09854791758421004,2.22089074700722,1.8326479946114869,2.6062307381127434,1.8846529925201025,27.0,656.0,49.0,323.0,1,-1,True,True,
0.8,0.5,0.8,0.8,0.1,0.1,0.1,0.02,10,10.0,1.0,False,7,3,4,6,2.0543975423603786,1.3868571197517632,1.5537532495231727,0.16689612977140955,0.08702875886402071,2.22089074700722,1.8020929995922343,2.6062307381127434,1.814569471216466,27.0,328.0,49.0,161.0,1,-1,True,True,
0.8,0.5,0.8,0.8,0.1,0.1,0.1,0.05,10,10.0,1.0,False,7,3,5,5,2.0543975423603786,1.344474429543646,1.4703488822974866,0.12587445275384068,0.06495998573626983,2.22089074700722,1.7273113674434641,2.5687429859532767,1.6937283335565871,27.0,131.0,39.0,78.0,1,0,False,True,
0.8,0.5,0.8,0.8,0.1,0.1,0.1,0.1,10,10.0,1.0,False,7,3,4,3,2.0543975423603786,1.284227327098226,1.3858688964776642,0.10164156937943813,0.05213431780767934,2.22089074700722,1.6263186673401444,2.5077304191554597,1.5943892823880983,27.0,65.0,41.0,55.0,1,1,False,True,
0.8,0.55,0.8,0.8,0.1,0.1,0.01,0.01,10,10.0,1.0,False,7,3,6,4,2.1283293085145445,2.0057195057812782,2.008416726175678,0.0026972203943995687,0.0013495199808669898,3.770843673764667,1.97076293260724,3.6568645346110387,2.037677401286632,275.0,656.0,323.0,490.0,1,1,False,True,
0.8,0.55,0.8,0.8,0.1,0.1,0.01,0.02,10,10.0,1.0,False,7,3,7,3,2.1283293085145445,1.9879634807892017,1.9879634807892017,0.0,0.0,3.770843673764667,1.9360788536599576,3.770843673764667,1.9360788536599576,275.0,328.0,275.0,328.0,1,1,False,True,
0.8,0.55,0.8,0.8,0.1,0.1,0.01,0.05,10,10.0,1.0,False,7,3,7,3,2.1283293085145445,1.9431788604030311,1.9431788604030311,0.0,0.0,3.770843673764667,1.8512851948836204,3.770843673764667,1.8512851948836204,275.0,131.0,275.0,131.0,1,1,False,True,
0.8,0.55,0.8,0.8,0.1,0.1,0.01,0.1,10,10.0,1.0,False,7,3,7,3,2.1283293085145445,1.8794478202905303,1.8794478202905303,0.0,0.0,3.770843673764667,1.7369818839896627,3.770843673764667,1.7369818839896627,275.0,65.0,275.0,65.0,1,1,False,True,
0.8,0.55,0.8,0.8,0.1,0.1,0.02,0.01,10,10.0,1.0,False,7,3,6,4,2.1283293085145445,1.9328057209214737,1.9510952304432339,0.018289509521760117,0.0091866957799898,3.505681638834538,1.97076293260724,3.4531422029119385,2.037677401286632,137.0,656.0,161.0,490.0,1,1,False,True,
0.8,0.55,0.8,0.8,0.1,0.1,0.02,0.02,10,10.0,1.0,False,7,3,6,4,2.1283293085145445,1.9150496959293974,1.9253463981980734,0.010296702268675961,0.005161626666628788,3.505681638834538,1.9360788536599576,3.4531422029119385,1.9858793195918247,137.0,328.0,161.0,245.0,1,1,False,True,
0.8,0.55,0.8,0.8,0.1,0.1,0.02,0.05,10,10.0,1.0,False,7,3,7,3,2.1283293085145445,1.870265075543227,1.870265075543227,0.0,0.0,3.505681638834538,1.8512851948836204,3.505681638834538,1.8512851948836204,137.0,131.0,137.0,131.0,1,1,False,True,
0.8,0.55,0.8,0.8,0.1,0.1,0.02,0.1,10,10.0,1.0,False,7,3,7,3,2.1283293085145445,1.806534035430726,1.806534035430726,0.0,0.0,3.505681638834538,1.7369818839896627,3.505681638834538,1.7369818839896627,137.0,65.0,137.0,65.0,1,1,False,True,
0.8,0.55,0.8,0.8,0.1,0.1,0.05,0.01,10,10.0,1.0,False,7,3,5,5,2.1283293085145445,1.7501046889193663,1.8207975540403076,0.0706928651209413,0.03597854333941198,2.9202929766204906,1.97076293260724,2.993687483287125,2.0632690748342464,55.0,656.0,78.0,390.0,1,0,False,True,
0.8,0.55,0.8,0.8,0.1,0.1,0.05,0.02,10,10.0,1.0,False,7,3,5,5,2.1283293085145445,1.7323486639272898,1.7869824198144646,0.054633755887174784,0.02769340454542401,2.9202929766204906,1.9360788536599576,2.993687483287125,1.9946658054907853,55.0,328.0,78.0,195.0,1,0,False,True,
0.8,0.55,0.8,0.8,0.1,0.1,0.05,0.05,10,10.0,1.0,False,7,3,6,4,2.1283293085145445,1.6875640435411192,1.7151493096370536,0.02758526609593437,0.01388819023414474,2.9202929766204906,1.8512851948836204,2.9852693637567205,1.8616428075064262,55.0,131.0,64.0,98.0,1,1,False,True,
0.8,0.55,0.8,0.8,0.1,0.1,0.05,0.1,10,10.0,1.0,False,7,3,6,3,2.1283293085145445,1.6238330034286184,1.6292729562445363,0.0054399528159179145,0.0027236788999247885,2.9202929766204906,1.7369818839896627,2.9529121746516283,1.7271645837228629,55.0,65.0,61.0,62.0,1,1,False,True,
0.8,0.55,0.8,0.8,0.1,0.1,0.1,0.01,10,10.0,1.0,False,7,3,4,6,2.1283293085145445,1.4763290960139002,1.683988881534845,0.20765978552094477,0.10941171989826977,2.22089074700722,1.97076293260724,2.6062307381127434,2.0669702043058558,27.0,656.0,49.0,323.0,1,-1,True,True,
0.8,0.55,0.8,0.8,0.1,0.1,0.1,0.02,10,10.0,1.0,False,7,3,4,6,2.1283293085145445,1.4585730710218239,1.6420077851003523,0.1834347140785284,0.09605498607000386,2.22089074700722,1.9360788536599576,2.6062307381127434,1.981992732627951,27.0,328.0,49.0,161.0,1,-1,True,True,
0.8,0.55,0.8,0.8,0.1,0.1,0.1,0.05,10,10.0,1.0,False,7,3,5,5,2.1283293085145445,1.4137884506356533,1.5492799885916924,0.13549153795603908,0.0700932230002575,2.22089074700722,1.8512851948836204,2.5687429859532767,1.832833847922273,27.0,131.0,39.0,78.0,1,0,False,True,
0.8,0.55,0.8,0.8,0.1,0.1,0.1,0.1,10,10.0,1.0,False,7,3,4,3,2.1283293085145445,1.3500574105231524,1.4505324350776032,0.10047502455445079,0.05152081582264883,2.22089074700722,1.7369818839896627,2.5077304191554597,1.7008945294403999,27.0,65.0,41.0,55.0,1,1,False,True,
0.8,0.6,0.8,0.8,0.1,0.1,0.01,0.01,10,10.0,1.0,False,6,4,6,4,2.209416966538472,2.0946685552773454,2.0946685552773454,0.0,0.0,3.6568645346110387,2.2212330276574193,3.6568645346110387,2.2212330276574193,323.0,490.0,323.0,490.0,1,1,False,True,
0.8,0.6,0.8,0.8,0.1,0.1,0.01,0.02,10,10.0,1.0,False,6,4,6,4,2.209416966538472,2.0672736833049665,2.0672736833049665,0.0,0.0,3.6568645346110387,2.161208568311209,3.6568645346110387,2.161208568311209,323.0,245.0,323.0,245.0,1,1,False,True,
0.8,0.6,0.8,0.8,0.1,0.1,0.01,0.05,10,10.0,1.0,False,6,4,7,3,2.209416966538472,1.9984761938350664,2.014242460265841,0.0157662664307745,0.007914286919159073,3.6568645346110387,2.0175221461307475,3.770843673764667,1.9876314380220301,323.0,98.0,275.0,131.0,1,1,False,True,
0.8,0.6,0.8,0.8,0.1,0.1,0.01,0.1,10,10.0,1.0,False,6,4,7,3,2.209416966538472,1.9020280942324066,1.947547678981937,0.04551958474953044,0.02302077264049486,3.6568645346110387,1.8320251576796527,3.770843673764667,1.8593908171420621,323.0,49.0,275.0,65.0,1,1,False,True,
0.8,0.6,0.8,0.8,0.1,0.1,0.02,0.01,10,10.0,1.0,False,6,4,6,4,2.209416966538472,2.0373470595449015,2.0373470595449015,0.0,0.0,3.4531422029119385,2.2212330276574193,3.4531422029119385,2.2212330276574193,161.0,490.0,161.0,490.0,1,1,False,True,
0.8,0.6,0.8,0.8,0.1,0.1,0.02,0.02,10,10.0,1.0,False,6,4,6,4,2.209416966538472,2.0099521875725226,2.0099521875725226,0.0,0.0,3.4531422029119385,2.161208568311209,3.4531422029119385,2.161208568311209,161.0,245.0,161.0,245.0,1,1,False,True,
0.8,0.6,0.8,0.8,0.1,0.1,0.02,0.05,10,10.0,1.0,False,6,4,7,3,2.209416966538472,1.9411546981026224,1.9413286754060366,0.0001739773034141745,8.69924353295601e-05,3.4531422029119385,2.0175221461307475,3.505681638834538,1.9876314380220301,161.0,98.0,137.0,131.0,1,1,False,True,
0.8,0.6,0.8,0.8,0.1,0.1,0.02,0.1,10,10.0,1.0,False,6,4,7,3,2.209416966538472,1.8447065984999627,1.8746338941221325,0.02992729562216989,0.01507616370454244,3.4531422029119385,1.8320251576796527,3.505681638834538,1.8593908171420621,161.0,49.0,137.0,65.0,1,1,False,True,
0.8,0.6,0.8,0.8,0.1,0.1,0.05,0.01,10,10.0,1.0,False,6,4,5,5,2.209416966538472,1.891752441448219,1.915139083538365,0.02338664209014607,0.01176195518305485,2.9852693637567205,2.2212330276574193,2.993687483287125,2.26739860189272,64.0,490.0,78.0,390.0,1,0,False,True,
0.8,0.6,0.8,0.8,0.1,0.1,0.05,0.02,10,10.0,1.0,False,6,4,5,5,2.209416966538472,1.8643575694758399,1.8785624372233376,0.01420486774749774,0.0071277159765925635,2.9852693637567205,2.161208568311209,2.993687483287125,2.1859631616618915,64.0,245.0,78.0,195.0,1,0,False,True,
0.8,0.6,0.8,0.8,0.1,0.1,0.05,0.05,10,10.0,1.0,False,6,4,6,4,2.209416966538472,1.79556008000594,1.79556008000594,0.0,0.0,2.9852693637567205,2.0175221461307475,2.9852693637567205,2.0175221461307475,64.0,98.0,64.0,98.0,1,1,False,True,
0.8,0.6,0.8,0.8,0.1,0.1,0.05,0.1,10,10.0,1.0,False,6,4,6,4,2.209416966538472,1.6991119804032802,1.6991119804032802,0.0,0.0,2.9852693637567205,1.8320251576796527,2.9852693637567205,1.8320251576796527,64.0,49.0,64.0,49.0,1,1,False,True,
0.8,0.6,0.8,0.8,0.1,0.1,0.1,0.01,10,10.0,1.0,False,6,4,4,6,2.209416966538472,1.6848589102385432,1.783218462962582,0.09835955272403885,0.05040917250633951,2.427341075550926,2.2212330276574193,2.6062307381127434,2.282596126293539,32.0,490.0,49.0,323.0,1,-1,True,True,
0.8,0.6,0.8,0.8,0.1,0.1,0.1,0.02,10,10.0,1.0,False,6,4,4,6,2.209416966538472,1.657464038266164,1.7371510567726909,0.07968701850652682,0.040647909680850254,2.427341075550926,2.161208568311209,2.6062307381127434,2.17982814448223,32.0,245.0,49.0,161.0,1,-1,True,True,
0.8,0.6,0.8,0.8,0.1,0.1,0.1,0.05,10,10.0,1.0,False,6,4,5,5,2.209416966538472,1.5886665487962641,1.6338282958790762,0.045161747082812065,0.022837751330819653,2.427341075550926,2.0175221461307475,2.5687429859532767,1.9945363696126912,32.0,98.0,39.0,78.0,1,0,False,True,
0.8,0.6,0.8,0.8,0.1,0.1,0.1,0.1,10,10.0,1.0,False,6,4,5,4,2.209416966538472,1.4922184491936044,1.5217356953582635,0.029517246164659117,0.014868069322388924,2.427341075550926,1.8320251576796527,2.529309009364001,1.8108376870720826,32.0,49.0,37.0,46.0,1,1,False,True,
0.8,0.65,0.8,0.8,0.1,0.1,0.01,0.01,10,10.0,1.0,False,6,4,6,4,2.3005670517578816,2.183958100032135,2.183958100032135,0.0,0.0,3.6568645346110387,2.428689968370644,3.6568645346110387,2.428689968370644,323.0,490.0,323.0,490.0,1,1,False,True,
0.8,0.65,0.8,0.8,0.1,0.1,0.01,0.02,10,10.0,1.0,False,6,4,6,4,2.3005670517578816,2.1551777411431443,2.1551777411431443,0.0,0.0,3.6568645346110387,2.35978767182958,3.6568645346110387,2.35978767182958,323.0,245.0,323.0,245.0,1,1,False,True,
0.8,0.65,0.8,0.8,0.1,0.1,0.01,0.05,10,10.0,1.0,False,6,4,7,3,2.3005670517578816,2.082824594723751,2.086997434109362,0.00417283938561086,0.002088597780911253,3.6568645346110387,2.195080014651407,3.770843673764667,2.137631994085884,323.0,98.0,275.0,131.0,1,1,False,True,
0.8,0.65,0.8,0.8,0.1,0.1,0.01,0.1,10,10.0,1.0,False,6,4,7,3,2.3005670517578816,1.981178887009575,2.0180129469533936,0.03683405994381861,0.018587669415942067,3.6568645346110387,1.9829245319363624,3.770843673764667,1.995139922323499,323.0,49.0,275.0,65.0,1,1,False,True,
0.8,0.65,0.8,0.8,0.1,0.1,0.02,0.01,10,10.0,1.0,False,6,4,6,4,2.3005670517578816,2.126636604299691,2.126636604299691,0.0,0.0,3.4531422029119385,2.428689968370644,3.4531422029119385,2.428689968370644,161.0,490.0,161.0,490.0,1,1,False,True,
0.8,0.65,0.8,0.8,0.1,0.1,0.02,0.02,10,10.0,1.0,False,6,4,6,4,2.3005670517578816,2.0978562454107004,2.0978562454107004,0.0,0.0,3.4531422029119385,2.35978767182958,3.4531422029119385,2.35978767182958,161.0,245.0,161.0,245.0,1,1,False,True,
0.8,0.65,0.8,0.8,0.1,0.1,0.02,0.05,10,10.0,1.0,False,6,4,6,4,2.3005670517578816,2.025503098991307,2.025503098991307,0.0,0.0,3.4531422029119385,2.195080014651407,3.4531422029119385,2.195080014651407,161.0,98.0,161.0,98.0,1,1,False,True,
0.8,0.65,0.8,0.8,0.1,0.1,0.02,0.1,10,10.0,1.0,False,6,4,7,3,2.3005670517578816,1.923857391277131,1.9450991620935891,0.02124177081645806,0.010677487221297037,3.4531422029119385,1.9829245319363624,3.505681638834538,1.995139922323499,161.0,49.0,137.0,65.0,1,1,False,True,
0.8,0.65,0.8,0.8,0.1,0.1,0.05,0.01,10,10.0,1.0,False,6,4,5,5,2.3005670517578816,1.9810419862030086,2.0146753821842385,0.03363339598122983,0.016958894630629395,2.9852693637567205,2.428689968370644,2.993687483287125,2.5047012917957865,64.0,490.0,78.0,390.0,1,0,False,True,
0.8,0.65,0.8,0.8,0.1,0.1,0.05,0.02,10,10.0,1.0,False,6,4,5,5,2.3005670517578816,1.952261627314018,1.9756016774765437,0.023340050162525605,0.011738385487702787,2.9852693637567205,2.35978767182958,2.993687483287125,2.4087207029863786,64.0,245.0,78.0,195.0,1,0,False,True,
0.8,0.65,0.8,0.8,0.1,0.1,0.05,0.05,10,10.0,1.0,False,6,4,6,4,2.3005670517578816,1.8799084808946245,1.8799084808946245,0.0,0.0,2.9852693637567205,2.195080014651407,2.9852693637567205,2.195080014651407,64.0,98.0,64.0,98.0,1,1,False,True,
0.8,0.65,0.8,0.8,0.1,0.1,0.05,0.1,10,10.0,1.0,False,6,4,6,4,2.3005670517578816,1.7782627731804486,1.7782627731804486,0.0,0.0,2.9852693637567205,1.9829245319363624,2.9852693637567205,1.9829245319363624,64.0,49.0,64.0,49.0,1,1,False,True,
0.8,0.65,0.8,0.8,0.1,0.1,0.1,0.01,10,10.0,1.0,False,6,4,4,6,2.3005670517578816,1.7741484549933328,1.8896501162678676,0.11550166127453476,0.059450980093795625,2.427341075550926,2.428689968370644,2.6062307381127434,2.538936012064679,32.0,490.0,49.0,323.0,1,-1,True,True,
0.8,0.65,0.8,0.8,0.1,0.1,0.1,0.02,10,10.0,1.0,False,6,4,4,6,2.3005670517578816,1.7453680961043423,1.8396807222662948,0.09431262616195246,0.048285857065592006,2.427341075550926,2.35978767182958,2.6062307381127434,2.415184559604082,32.0,245.0,49.0,161.0,1,-1,True,True,
0.8,0.65,0.8,0.8,0.1,0.1,0.1,0.05,10,10.0,1.0,False,6,4,5,5,2.3005670517578816,1.6730149496849487,1.7244615141024728,0.051446564417524154,0.026056980964366473,2.427341075550926,2.195080014651407,2.5687429859532767,2.18375275787447,32.0,98.0,39.0,78.0,1,0,False,True,
0.8,0.65,0.8,0.8,0.1,0.1,0.1,0.1,10,10.0,1.0,False,6,4,5,4,2.3005670517578816,1.5713692419707728,1.6002406329582146,0.028871390987441847,0.014540393334662591,2.427341075550926,1.9829245319363624,2.529309009364001,1.958726439636382,32.0,49.0,37.0,46.0,1,1,False,True,
0.8,0.7,0.8,0.8,0.1,0.1,0.01,0.01,10,10.0,1.0,False,6,4,6,4,2.394041848285459,2.276078870586486,2.276078870586486,0.0,0.0,3.6568645346110387,2.663051843889373,3.6568645346110387,2.663051843889373,323.0,490.0,323.0,490.0,1,1,False,True,
0.8,0.7,0.8,0.8,0.1,0.1,0.01,0.02,10,10.0,1.0,False,6,4,6,4,2.394041848285459,2.246281994147534,2.246281994147534,0.0,0.0,3.6568645346110387,2.584871762546586,3.6568645346110387,2.584871762546586,323.0,245.0,323.0,245.0,1,1,False,True,
0.8,0.7,0.8,0.8,0.1,0.1,0.01,0.05,10,10.0,1.0,False,6,4,6,4,2.394041848285459,2.1712887607426885,2.1712887607426885,0.0,0.0,3.6568645346110387,2.3981141677100073,3.6568645346110387,2.3981141677100073,323.0,98.0,323.0,98.0,1,1,False,True,
0.8,0.7,0.8,0.8,0.1,0.1,0.01,0.1,10,10.0,1.0,False,6,4,7,3,2.394041848285459,2.06570581211188,2.0910253893255106,0.025319577213630762,0.01274026296816433,3.6568645346110387,2.1578227266301155,3.770843673764667,2.146259644256038,323.0,49.0,275.0,65.0,1,1,False,True,
0.8,0.7,0.8,0.8,0.1,0.1,0.02,0.01,10,10.0,1.0,False,6,4,5,5,2.394041848285459,2.218757374854042,2.227308623954543,0.008551249100500868,0.004284778073925109,3.4531422029119385,2.663051843889373,3.3350106042181746,2.781061710141828,161.0,490.0,195.0,390.0,1,0,False,True,
0.8,0.7,0.8,0.8,0.1,0.1,0.02,0.02,10,10.0,1.0,False,6,4,6,4,2.394041848285459,2.1889604984150903,2.1889604984150903,0.0,0.0,3.4531422029119385,2.584871762546586,3.4531422029119385,2.584871762546586,161.0,245.0,161.0,245.0,1,1,False,True,
0.8,0.7,0.8,0.8,0.1,0.1,0.02,0.05,10,10.0,1.0,False,6,4,6,4,2.394041848285459,2.1139672650102446,2.1139672650102446,0.0,0.0,3.4531422029119385,2.3981141677100073,3.4531422029119385,2.3981141677100073,161.0,98.0,161.0,98.0,1,1,False,True,
0.8,0.7,0.8,0.8,0.1,0.1,0.02,0.1,10,10.0,1.0,False,6,4,7,3,2.394041848285459,2.008384316379436,2.0181116044657066,0.009727288086270658,0.004875490758105911,3.4531422029119385,2.1578227266301155,3.505681638834538,2.146259644256038,161.0,49.0,137.0,65.0,1,1,False,True,
0.8,0.7,0.8,0.8,0.1,0.1,0.05,0.01,10,10.0,1.0,False,6,4,5,5,2.394041848285459,2.07316275675736,2.1193386644661336,0.04617590770877378,0.02335654374148566,2.9852693637567205,2.663051843889373,2.993687483287125,2.781061710141828,64.0,490.0,78.0,390.0,1,0,False,True,
0.8,0.7,0.8,0.8,0.1,0.1,0.05,0.02,10,10.0,1.0,False,6,4,5,5,2.394041848285459,2.0433658803184076,2.078217039954594,0.034851159636186235,0.017578290971314133,2.9852693637567205,2.584871762546586,2.993687483287125,2.6690194036537442,64.0,245.0,78.0,195.0,1,0,False,True,
0.8,0.7,0.8,0.8,0.1,0.1,0.05,0.05,10,10.0,1.0,False,6,4,5,5,2.394041848285459,1.968372646913562,1.97485540397449,0.006482757060928046,0.003246637478398062,2.9852693637567205,2.3981141677100073,2.993687483287125,2.406923809122425,64.0,98.0,78.0,78.0,1,0,False,True,
0.8,0.7,0.8,0.8,0.1,0.1,0.05,0.1,10,10.0,1.0,False,6,4,6,4,2.394041848285459,1.8627896982827536,1.8627896982827536,0.0,0.0,2.9852693637567205,2.1578227266301155,2.9852693637567205,2.1578227266301155,64.0,49.0,64.0,49.0,1,1,False,True,
0.8,0.7,0.8,0.8,0.1,0.1,0.1,0.01,10,10.0,1.0,False,6,4,4,6,2.394041848285459,1.866269225547684,2.0035280462658873,0.13725882071820328,0.07103921955301164,2.427341075550926,2.663051843889373,2.6062307381127434,2.845170599286769,32.0,490.0,49.0,323.0,1,-1,True,True,
0.8,0.7,0.8,0.8,0.1,0.1,0.1,0.02,10,10.0,1.0,False,6,4,4,6,2.394041848285459,1.8364723491087318,1.950106657654423,0.11363430854569123,0.05846225739975048,2.427341075550926,2.584871762546586,2.6062307381127434,2.6971661338744872,32.0,245.0,49.0,161.0,1,-1,True,True,
0.8,0.7,0.8,0.8,0.1,0.1,0.1,0.05,10,10.0,1.0,False,6,4,5,5,2.394041848285459,1.7614791157038863,1.8217661731542951,0.060287057450408854,0.030602444393600863,2.427341075550926,2.3981141677100073,2.5687429859532767,2.406923809122425,32.0,98.0,39.0,78.0,1,0,False,True,
0.8,0.7,0.8,0.8,0.1,0.1,0.1,0.1,10,10.0,1.0,False,6,4,5,4,2.394041848285459,1.6558961670730779,1.6842720952786039,0.028375928205526035,0.01428909096086734,2.427341075550926,2.1578227266301155,2.529309009364001,2.1304344981741448,32.0,49.0,37.0,46.0,1,1,False,True,
0.8,0.75,0.8,0.8,0.1,0.1,0.01,0.01,10,10.0,1.0,False,5,5,5,5,2.4957369306240733,2.3798321370674875,2.3798321370674875,0.0,0.0,3.480878868359752,3.103552201046044,3.480878868359752,3.103552201046044,390.0,390.0,390.0,390.0,0,0,False,True,
0.8,0.75,0.8,0.8,0.1,0.1,0.01,0.02,10,10.0,1.0,False,5,5,6,4,2.4957369306240733,2.337355806157956,2.3405397753581862,0.00318396920023023,0.0015932524803246042,3.480878868359752,2.9744852412561658,3.6568645346110387,2.8403681658713906,390.0,195.0,323.0,245.0,0,1,False,True,
0.8,0.75,0.8,0.8,0.1,0.1,0.01,0.05,10,10.0,1.0,False,5,5,6,4,2.4957369306240733,2.2304051528550954,2.264171611915174,0.03376645906007836,0.017026556722226967,3.480878868359752,2.6727832429704486,3.6568645346110387,2.631530237126082,390.0,78.0,323.0,98.0,0,1,False,True,
0.8,0.75,0.8,0.8,0.1,0.1,0.01,0.1,10,10.0,1.0,False,5,5,7,3,2.4957369306240733,2.079222528288624,2.1668888481270288,0.08766631983840467,0.04480802449097524,3.480878868359752,2.297766853487972,3.770843673764667,2.315417659089507,390.0,39.0,275.0,65.0,0,1,False,True,
0.8,0.75,0.8,0.8,0.1,0.1,0.02,0.01,10,10.0,1.0,False,5,5,5,5,2.4957369306240733,2.3370231858249855,2.3370231858249855,0.0,0.0,3.3350106042181746,3.103552201046044,3.3350106042181746,3.103552201046044,195.0,390.0,195.0,390.0,0,0,False,True,
0.8,0.75,0.8,0.8,0.1,0.1,0.02,0.02,10,10.0,1.0,False,5,5,5,5,2.4957369306240733,2.2945468549154544,2.2945468549154544,0.0,0.0,3.3350106042181746,2.9744852412561658,3.3350106042181746,2.9744852412561658,195.0,195.0,195.0,195.0,0,0,False,True,
0.8,0.75,0.8,0.8,0.1,0.1,0.02,0.05,10,10.0,1.0,False,5,5,6,4,2.4957369306240733,2.1875962016125934,2.2068501161827294,0.019253914570136033,0.009673445498611743,3.3350106042181746,2.6727832429704486,3.4531422029119385,2.631530237126082,195.0,78.0,161.0,98.0,0,1,False,True,
0.8,0.75,0.8,0.8,0.1,0.1,0.02,0.1,10,10.0,1.0,False,5,5,6,4,2.4957369306240733,2.036413577046122,2.099101596091784,0.06268801904566201,0.03184040576383455,3.3350106042181746,2.297766853487972,3.4531422029119385,2.362728265669129,195.0,39.0,161.0,49.0,0,1,False,True,
0.8,0.75,0.8,0.8,0.1,0.1,0.05,0.01,10,10.0,1.0,False,5,5,4,6,2.4957369306240733,2.2290532263365757,2.23253515055611,0.003481924219534527,0.0017424784641452437,2.993687483287125,3.103552201046044,2.9019305226049745,3.2128517474336955,78.0,390.0,98.0,323.0,0,-1,False,True,
0.8,0.75,0.8,0.8,0.1,0.1,0.05,0.02,10,10.0,1.0,False,5,5,5,5,2.4957369306240733,2.1865768954270446,2.1865768954270446,0.0,0.0,2.993687483287125,2.9744852412561658,2.993687483287125,2.9744852412561658,78.0,195.0,78.0,195.0,0,0,False,True,
0.8,0.75,0.8,0.8,0.1,0.1,0.05,0.05,10,10.0,1.0,False,5,5,5,5,2.4957369306240733,2.079626242124184,2.079626242124184,0.0,0.0,2.993687483287125,2.6727832429704486,2.993687483287125,2.6727832429704486,78.0,78.0,78.0,78.0,0,0,False,True,
0.8,0.75,0.8,0.8,0.1,0.1,0.05,0.1,10,10.0,1.0,False,5,5,6,4,2.4957369306240733,1.9284436175577124,1.9535069779951015,0.025063360437389104,0.012610530755560165,2.993687483287125,2.297766853487972,2.9852693637567205,2.362728265669129,78.0,39.0,64.0,49.0,0,1,False,True,
0.8,0.75,0.8,0.8,0.1,0.1,0.1,0.01,10,10.0,1.0,False,5,5,4,6,2.4957369306240733,2.075963995516381,2.1250639534774303,0.04909995796104916,0.024853810975888863,2.5687429859532767,3.103552201046044,2.6062307381127434,3.2128517474336955,39.0,390.0,49.0,323.0,0,-1,False,True,
0.8,0.75,0.8,0.8,0.1,0.1,0.1,0.02,10,10.0,1.0,False,5,5,4,6,2.4957369306240733,2.0334876646068496,2.069015376584945,0.03552771197809523,0.01792257168692841,2.5687429859532767,2.9744852412561658,2.6062307381127434,3.0377294979690377,39.0,195.0,49.0,161.0,0,-1,False,True,
0.8,0.75,0.8,0.8,0.1,0.1,0.1,0.05,10,10.0,1.0,False,5,5,4,6,2.4957369306240733,1.926537011303989,1.926997833246081,0.00046082194209207117,0.00023043751769266516,2.5687429859532767,2.6727832429704486,2.6062307381127434,2.6355524470969764,39.0,78.0,49.0,64.0,0,-1,False,True,
0.8,0.75,0.8,0.8,0.1,0.1,0.1,0.1,10,10.0,1.0,False,5,5,5,5,2.4957369306240733,1.7753543867375174,1.7753543867375174,0.0,0.0,2.5687429859532767,2.297766853487972,2.5687429859532767,2.297766853487972,39.0,39.0,39.0,39.0,0,0,False,True,
0.8,0.8,0.8,0.8,0.1,0.1,0.01,0.01,10,10.0,1.0,False,5,5,5,5,2.6108626341249037,2.4945696205612964,2.4945696205612964,0.0,0.0,3.480878868359752,3.480878868359752,3.480878868359752,3.480878868359752,390.0,390.0,390.0,390.0,0,0,False,True,
0.8,0.8,0.8,0.8,0.1,0.1,0.01,0.02,10,10.0,1.0,False,5,5,5,5,2.6108626341249037,2.4517606693187943,2.4517606693187943,0.0,0.0,3.480878868359752,3.3350106042181746,3.480878868359752,3.3350106042181746,390.0,195.0,390.0,195.0,0,0,False,True,
0.8,0.8,0.8,0.8,0.1,0.1,0.01,0.05,10,10.0,1.0,False,5,5,6,4,2.6108626341249037,2.343790709830385,2.3619823086810254,0.018191598850640478,0.009137291915956624,3.480878868359752,2.993687483287125,3.6568645346110387,2.9019305226049745,390.0,78.0,323.0,98.0,0,1,False,True,
0.8,0.8,0.8,0.8,0.1,0.1,0.01,0.1,10,10.0,1.0,False,5,5,6,4,2.6108626341249037,2.19070147901019,2.254511111602346,0.063809632592156,0.03241923114172281,3.480878868359752,2.5687429859532767,3.6568645346110387,2.6062307381127434,390.0,39.0,323.0,49.0,0,1,False,True,
0.8,0.8,0.8,0.8,0.1,0.1,0.02,0.01,10,10.0,1.0,False,5,5,5,5,2.6108626341249037,2.4517606693187943,2.4517606693187943,0.0,0.0,3.3350106042181746,3.480878868359752,3.3350106042181746,3.480878868359752,195.0,390.0,195.0,390.0,0,0,False,True,
0.8,0.8,0.8,0.8,0.1,0.1,0.02,0.02,10,10.0,1.0,False,5,5,5,5,2.6108626341249037,2.4089517180762927,2.4089517180762927,0.0,0.0,3.3350106042181746,3.3350106042181746,3.3350106042181746,3.3350106042181746,195.0,195.0,195.0,195.0,0,0,False,True,
0.8,0.8,0.8,0.8,0.1,0.1,0.02,0.05,10,10.0,1.0,False,5,5,6,4,2.6108626341249037,2.3009817585878833,2.3046608129485815,0.003679054360698153,0.0018412201484004614,3.3350106042181746,2.993687483287125,3.4531422029119385,2.9019305226049745,195.0,78.0,161.0,98.0,0,1,False,True,
0.8,0.8,0.8,0.8,0.1,0.1,0.02,0.1,10,10.0,1.0,False,5,5,6,4,2.6108626341249037,2.147892527767688,2.1971896158699016,0.04929708810221367,0.024954830742532626,3.3350106042181746,2.5687429859532767,3.4531422029119385,2.6062307381127434,195.0,39.0,161.0,49.0,0,1,False,True,
0.8,0.8,0.8,0.8,0.1,0.1,0.05,0.01,10,10.0,1.0,False,5,5,4,6,2.6108626341249037,2.343790709830385,2.3619823086810254,0.018191598850640478,0.009137291915956624,2.993687483287125,3.480878868359752,2.9019305226049745,3.6568645346110387,78.0,390.0,98.0,323.0,0,-1,False,True,
0.8,0.8,0.8,0.8,0.1,0.1,0.05,0.02,10,10.0,1.0,False,5,5,4,6,2.6108626341249037,2.3009817585878833,2.3046608129485815,0.003679054360698153,0.0018412201484004614,2.993687483287125,3.3350106042181746,2.9019305226049745,3.4531422029119385,78.0,195.0,98.0,161.0,0,-1,False,True,
0.8,0.8,0.8,0.8,0.1,0.1,0.05,0.05,10,10.0,1.0,False,5,5,5,5,2.6108626341249037,2.1930117990994735,2.1930117990994735,0.0,0.0,2.993687483287125,2.993687483287125,2.993687483287125,2.993687483287125,78.0,78.0,78.0,78.0,0,0,False,True,
0.8,0.8,0.8,0.8,0.1,0.1,0.05,0.1,10,10.0,1.0,False,5,5,6,4,2.6108626341249037,2.0399225682792785,2.0515949977732193,0.011672429493940761,0.005853278628264035,2.993687483287125,2.5687429859532767,2.9852693637567205,2.6062307381127434,78.0,39.0,64.0,49.0,0,1,False,True,
0.8,0.8,0.8,0.8,0.1,0.1,0.1,0.01,10,10.0,1.0,False,5,5,4,6,2.6108626341249037,2.19070147901019,2.254511111602346,0.063809632592156,0.03241923114172281,2.5687429859532767,3.480878868359752,2.6062307381127434,3.6568645346110387,39.0,390.0,49.0,323.0,0,-1,False,True,
0.8,0.8,0.8,0.8,0.1,0.1,0.1,0.02,10,10.0,1.0,False,5,5,4,6,2.6108626341249037,2.147892527767688,2.1971896158699016,0.04929708810221367,0.024954830742532626,2.5687429859532767,3.3350106042181746,2.6062307381127434,3.4531422029119385,39.0,195.0,49.0,161.0,0,-1,False,True,
0.8,0.8,0.8,0.8,0.1,0.1,0.1,0.05,10,10.0,1.0,False,5,5,4,6,2.6108626341249037,2.0399225682792785,2.0515949977732193,0.011672429493940761,0.005853278628264035,2.5687429859532767,2.993687483287125,2.6062307381127434,2.9852693637567205,39.0,78.0,49.0,64.0,0,-1,False,True,
0.8,0.8,0.8,0.8,0.1,0.1,0.1,0.1,10,10.0,1.0,False,5,5,5,5,2.6108626341249037,1.8868333374590835,1.8868333374590835,0.0,0.0,2.5687429859532767,2.5687429859532767,2.5687429859532767,2.5687429859532767,39.0,39.0,39.0,39.0,0,0,False,True,
0.8,0.85,0.8,0.8,0.1,0.1,0.01,0.01,10,10.0,1.0,False,5,5,5,5,2.729102519973198,2.614440492795117,2.614440492795117,0.0,0.0,3.480878868359752,3.924173212366584,3.480878868359752,3.924173212366584,390.0,390.0,390.0,390.0,0,0,False,True,
0.8,0.85,0.8,0.8,0.1,0.1,0.01,0.02,10,10.0,1.0,False,5,5,5,5,2.729102519973198,2.5727853380445795,2.5727853380445795,0.0,0.0,3.480878868359752,3.7640689045682483,3.480878868359752,3.7640689045682483,390.0,195.0,390.0,195.0,0,0,False,True,
0.8,0.85,0.8,0.8,0.1,0.1,0.01,0.05,10,10.0,1.0,False,5,5,5,5,2.729102519973198,2.4675626108611124,2.4675626108611124,0.0,0.0,3.480878868359752,3.3881288270519745,3.480878868359752,3.3881288270519745,390.0,78.0,390.0,78.0,0,0,False,True,
0.8,0.85,0.8,0.8,0.1,0.1,0.01,0.1,10,10.0,1.0,False,5,5,6,4,2.729102519973198,2.318016518452496,2.3617750498352716,0.04375853138277552,0.022120372024095142,3.480878868359752,2.917513487614054,3.6568645346110387,2.9013291341580922,390.0,39.0,323.0,49.0,0,1,False,True,
0.8,0.85,0.8,0.8,0.1,0.1,0.02,0.01,10,10.0,1.0,False,5,5,4,6,2.729102519973198,2.571631541552615,2.575794374257974,0.004162832705358888,0.00208358400336301,3.3350106042181746,3.924173212366584,3.1311349076343618,4.197121130424473,195.0,390.0,245.0,323.0,0,-1,False,True,
0.8,0.85,0.8,0.8,0.1,0.1,0.02,0.02,10,10.0,1.0,False,5,5,5,5,2.729102519973198,2.529976386802078,2.529976386802078,0.0,0.0,3.3350106042181746,3.7640689045682483,3.3350106042181746,3.7640689045682483,195.0,195.0,195.0,195.0,0,0,False,True,
0.8,0.85,0.8,0.8,0.1,0.1,0.02,0.05,10,10.0,1.0,False,5,5,5,5,2.729102519973198,2.4247536596186103,2.4247536596186103,0.0,0.0,3.3350106042181746,3.3881288270519745,3.3350106042181746,3.3881288270519745,195.0,78.0,195.0,78.0,0,0,False,True,
0.8,0.85,0.8,0.8,0.1,0.1,0.02,0.1,10,10.0,1.0,False,5,5,6,4,2.729102519973198,2.2752075672099945,2.3044535541028277,0.029245986892833198,0.014730432469676142,3.3350106042181746,2.917513487614054,3.4531422029119385,2.9013291341580922,195.0,39.0,161.0,49.0,0,1,False,True,
0.8,0.85,0.8,0.8,0.1,0.1,0.05,0.01,10,10.0,1.0,False,5,5,4,6,2.729102519973198,2.4636615820642054,2.499775058091529,0.03611347602732362,0.018220746573525355,2.993687483287125,3.924173212366584,2.9019305226049745,4.197121130424473,78.0,390.0,98.0,323.0,0,-1,False,True,
0.8,0.85,0.8,0.8,0.1,0.1,0.05,0.02,10,10.0,1.0,False,5,5,4,6,2.729102519973198,2.4220064273136686,2.443303218711135,0.021296791397466652,0.010705291635028643,2.993687483287125,3.7640689045682483,2.9019305226049745,3.966670214048744,78.0,195.0,98.0,161.0,0,-1,False,True,
0.8,0.85,0.8,0.8,0.1,0.1,0.05,0.05,10,10.0,1.0,False,5,5,5,5,2.729102519973198,2.316783700130201,2.316783700130201,0.0,0.0,2.993687483287125,3.3881288270519745,2.993687483287125,3.3881288270519745,78.0,78.0,78.0,78.0,0,0,False,True,
0.8,0.85,0.8,0.8,0.1,0.1,0.05,0.1,10,10.0,1.0,False,5,5,5,5,2.729102519973198,2.167237607721585,2.167237607721585,0.0,0.0,2.993687483287125,2.917513487614054,2.993687483287125,2.917513487614054,78.0,39.0,78.0,39.0,0,0,False,True,
0.8,0.85,0.8,0.8,0.1,0.1,0.1,0.01,10,10.0,1.0,False,5,5,3,7,2.729102519973198,2.3105723512440104,2.3996057218764526,0.08903337063244221,0.04552242143713769,2.5687429859532767,3.924173212366584,2.506268780242371,4.396508118722122,39.0,390.0,65.0,275.0,0,-1,False,True,
0.8,0.85,0.8,0.8,0.1,0.1,0.1,0.02,10,10.0,1.0,False,5,5,4,6,2.729102519973198,2.268917196493473,2.3358320216324557,0.06691482513898261,0.03402340638860271,2.5687429859532767,3.7640689045682483,2.6062307381127434,3.966670214048744,39.0,195.0,49.0,161.0,0,-1,False,True,
0.8,0.85,0.8,0.8,0.1,0.1,0.1,0.05,10,10.0,1.0,False,5,5,4,6,2.729102519973198,2.163694469310006,2.1920973514874547,0.028402882177448685,0.014302760612819591,2.5687429859532767,3.3881288270519745,2.6062307381127434,3.435602585949758,39.0,78.0,49.0,64.0,0,-1,False,True,
0.8,0.85,0.8,0.8,0.1,0.1,0.1,0.1,10,10.0,1.0,False,5,5,5,5,2.729102519973198,2.0141483769013897,2.0141483769013897,0.0,0.0,2.5687429859532767,2.917513487614054,2.5687429859532767,2.917513487614054,39.0,39.0,39.0,39.0,0,0,False,True,
0.8,0.9,0.8,0.8,0.1,0.1,0.01,0.01,10,10.0,1.0,False,4,6,4,6,2.8643455172435255,2.7529782955444455,2.7529782955444455,0.0,0.0,3.226924172825632,4.861995160302745,3.226924172825632,4.861995160302745,490.0,323.0,490.0,323.0,-1,-1,False,True,
0.8,0.9,0.8,0.8,0.1,0.1,0.01,0.02,10,10.0,1.0,False,4,6,5,5,2.8643455172435255,2.700679208354768,2.7015923913456144,0.0009131829908461953,0.0004566957491864675,3.226924172825632,4.614252086036681,3.480878868359752,4.2815178349715834,490.0,161.0,390.0,195.0,-1,0,False,True,
0.8,0.9,0.8,0.8,0.1,0.1,0.01,0.05,10,10.0,1.0,False,4,6,5,5,2.8643455172435255,2.5673704267534747,2.60473800514558,0.03736757839210547,0.018859423317175945,3.226924172825632,4.038369460785317,3.480878868359752,3.886283081743297,490.0,64.0,390.0,78.0,-1,0,False,True,
0.8,0.9,0.8,0.8,0.1,0.1,0.01,0.1,10,10.0,1.0,False,4,6,6,4,2.8643455172435255,2.3771323743482924,2.481284118828591,0.10415174448029862,0.0534556675226746,3.226924172825632,3.3387716146112925,3.6568645346110387,3.2696339054170633,490.0,32.0,323.0,49.0,-1,1,True,True,
0.8,0.9,0.8,0.8,0.1,0.1,0.02,0.01,10,10.0,1.0,False,4,6,4,6,2.8643455172435255,2.722844409611194,2.722844409611194,0.0,0.0,3.1311349076343618,4.861995160302745,3.1311349076343618,4.861995160302745,245.0,323.0,245.0,323.0,-1,-1,False,True,
0.8,0.9,0.8,0.8,0.1,0.1,0.02,0.02,10,10.0,1.0,False,4,6,4,6,2.8643455172435255,2.6705453224215168,2.6705453224215168,0.0,0.0,3.1311349076343618,4.614252086036681,3.1311349076343618,4.614252086036681,245.0,161.0,245.0,161.0,-1,-1,False,True,
0.8,0.9,0.8,0.8,0.1,0.1,0.02,0.05,10,10.0,1.0,False,4,6,5,5,2.8643455172435255,2.5372365408202238,2.5619290539030786,0.024692513082854806,0.012422786193989444,3.1311349076343618,4.038369460785317,3.3350106042181746,3.886283081743297,245.0,64.0,195.0,78.0,-1,0,False,True,
0.8,0.9,0.8,0.8,0.1,0.1,0.02,0.1,10,10.0,1.0,False,4,6,5,5,2.8643455172435255,2.3469984884150414,2.424091579488288,0.07709309107324636,0.03929910196660053,3.1311349076343618,3.3387716146112925,3.3350106042181746,3.3858863567060546,245.0,32.0,195.0,39.0,-1,0,False,True,
0.8,0.9,0.8,0.8,0.1,0.1,0.05,0.01,10,10.0,1.0,False,4,6,4,6,2.8643455172435255,2.646825093444749,2.646825093444749,0.0,0.0,2.9019305226049745,4.861995160302745,2.9019305226049745,4.861995160302745,98.0,323.0,98.0,323.0,-1,-1,False,True,
0.8,0.9,0.8,0.8,0.1,0.1,0.05,0.02,10,10.0,1.0,False,4,6,4,6,2.8643455172435255,2.594526006255072,2.594526006255072,0.0,0.0,2.9019305226049745,4.614252086036681,2.9019305226049745,4.614252086036681,98.0,161.0,98.0,161.0,-1,-1,False,True,
0.8,0.9,0.8,0.8,0.1,0.1,0.05,0.05,10,10.0,1.0,False,4,6,4,6,2.8643455172435255,2.4612172246537787,2.4612172246537787,0.0,0.0,2.9019305226049745,4.038369460785317,2.9019305226049745,4.038369460785317,98.0,64.0,98.0,64.0,-1,-1,False,True,
0.8,0.9,0.8,0.8,0.1,0.1,0.05,0.1,10,10.0,1.0,False,4,6,5,5,2.8643455172435255,2.2709791722485964,2.316121619999878,0.04514244775128162,0.022827881336008413,2.9019305226049745,3.3387716146112925,2.993687483287125,3.3858863567060546,98.0,32.0,78.0,39.0,-1,0,False,True,
0.8,0.9,0.8,0.8,0.1,0.1,0.1,0.01,10,10.0,1.0,False,4,6,3,7,2.8643455172435255,2.5393538963660696,2.566764886928681,0.027410990562611648,0.013799846130713243,2.6062307381127434,4.861995160302745,2.506268780242371,5.196419244284837,49.0,323.0,65.0,275.0,-1,-1,False,True,
0.8,0.9,0.8,0.8,0.1,0.1,0.1,0.02,10,10.0,1.0,False,4,6,3,7,2.8643455172435255,2.487054809176392,2.4986549629829966,0.011600153806604396,0.005816929916513826,2.6062307381127434,4.614252086036681,2.506268780242371,4.854275473628954,49.0,161.0,65.0,137.0,-1,-1,False,True,
0.8,0.9,0.8,0.8,0.1,0.1,0.1,0.05,10,10.0,1.0,False,4,6,4,6,2.8643455172435255,2.3537460275750988,2.3537460275750988,0.0,0.0,2.6062307381127434,4.038369460785317,2.6062307381127434,4.038369460785317,49.0,64.0,49.0,64.0,-1,-1,False,True,
0.8,0.9,0.8,0.8,0.1,0.1,0.1,0.1,10,10.0,1.0,False,4,6,4,6,2.8643455172435255,2.1635079751699164,2.1635079751699164,0.0,0.0,2.6062307381127434,3.3387716146112925,2.6062307381127434,3.3387716146112925,49.0,32.0,49.0,32.0,-1,-1,False,True,
0.8,0.95,0.8,0.8,0.1,0.1,0.01,0.01,10,10.0,1.0,False,4,6,4,6,3.0097035644036128,2.9115837423946496,2.9115837423946496,0.0,0.0,3.226924172825632,5.697652952540657,3.226924172825632,5.697652952540657,490.0,323.0,490.0,323.0,-1,-1,False,True,
0.8,0.95,0.8,0.8,0.1,0.1,0.01,0.02,10,10.0,1.0,False,4,6,4,6,3.0097035644036128,2.8690580983533125,2.8690580983533125,0.0,0.0,3.226924172825632,5.460436236114227,3.226924172825632,5.460436236114227,490.0,161.0,490.0,161.0,-1,-1,False,True,
0.8,0.95,0.8,0.8,0.1,0.1,0.01,0.05,10,10.0,1.0,False,4,6,5,5,3.0097035644036128,2.760588034451408,2.761698143931056,0.0011101094796477362,0.0005552088112106678,3.226924172825632,4.899134806320443,3.480878868359752,4.546752917311303,490.0,64.0,390.0,78.0,-1,0,False,True,
0.8,0.95,0.8,0.8,0.1,0.1,0.01,0.1,10,10.0,1.0,False,4,6,5,5,3.0097035644036128,2.6061430789632993,2.6488710545270386,0.04272797556373931,0.02159383164448594,3.226924172825632,4.198022847681387,3.480878868359752,4.061637608946565,490.0,32.0,390.0,39.0,-1,0,False,True,
0.8,0.95,0.8,0.8,0.1,0.1,0.02,0.01,10,10.0,1.0,False,4,6,4,6,3.0097035644036128,2.8814498564613986,2.8814498564613986,0.0,0.0,3.1311349076343618,5.697652952540657,3.1311349076343618,5.697652952540657,245.0,323.0,245.0,323.0,-1,-1,False,True,
0.8,0.95,0.8,0.8,0.1,0.1,0.02,0.02,10,10.0,1.0,False,4,6,4,6,3.0097035644036128,2.8389242124200615,2.8389242124200615,0.0,0.0,3.1311349076343618,5.460436236114227,3.1311349076343618,5.460436236114227,245.0,161.0,245.0,161.0,-1,-1,False,True,
0.8,0.95,0.8,0.8,0.1,0.1,0.02,0.05,10,10.0,1.0,False,4,6,4,6,3.0097035644036128,2.7304541485181573,2.7304541485181573,0.0,0.0,3.1311349076343618,4.899134806320443,3.1311349076343618,4.899134806320443,245.0,64.0,245.0,64.0,-1,-1,False,True,
0.8,0.95,0.8,0.8,0.1,0.1,0.02,0.1,10,10.0,1.0,False,4,6,5,5,3.0097035644036128,2.5760091930300484,2.6060621032845366,0.030052910254488197,0.015139919916239164,3.1311349076343618,4.198022847681387,3.3350106042181746,4.061637608946565,245.0,32.0,195.0,39.0,-1,0,False,True,
0.8,0.95,0.8,0.8,0.1,0.1,0.05,0.01,10,10.0,1.0,False,4,6,3,7,3.0097035644036128,2.805430540294953,2.820944798767351,0.015514258472397735,0.007787293709319344,2.9019305226049745,5.697652952540657,2.6872313935850793,6.249074400628283,98.0,323.0,131.0,275.0,-1,-1,False,True,
0.8,0.95,0.8,0.8,0.1,0.1,0.05,0.02,10,10.0,1.0,False,4,6,3,7,3.0097035644036128,2.762904896253616,2.7656116049554518,0.0027067087018357583,0.0013542705481840213,2.9019305226049745,5.460436236114227,2.6872313935850793,5.912685710116605,98.0,161.0,131.0,137.0,-1,-1,False,True,
0.8,0.95,0.8,0.8,0.1,0.1,0.05,0.05,10,10.0,1.0,False,4,6,4,6,3.0097035644036128,2.654434832351712,2.654434832351712,0.0,0.0,2.9019305226049745,4.899134806320443,2.9019305226049745,4.899134806320443,98.0,64.0,98.0,64.0,-1,-1,False,True,
0.8,0.95,0.8,0.8,0.1,0.1,0.05,0.1,10,10.0,1.0,False,4,6,4,6,3.0097035644036128,2.4999898768636033,2.4999898768636033,0.0,0.0,2.9019305226049745,4.198022847681387,2.9019305226049745,4.198022847681387,98.0,32.0,98.0,32.0,-1,-1,False,True,
0.8,0.95,0.8,0.8,0.1,0.1,0.1,0.01,10,10.0,1.0,False,4,6,3,7,3.0097035644036128,2.6979593432162736,2.7512284622897614,0.05326911907348775,0.02699242959016374,2.6062307381127434,5.697652952540657,2.506268780242371,6.249074400628283,49.0,323.0,65.0,275.0,-1,-1,False,True,
0.8,0.95,0.8,0.8,0.1,0.1,0.1,0.02,10,10.0,1.0,False,4,6,3,7,3.0097035644036128,2.6554336991749365,2.6958952684778628,0.040461569302926215,0.020436814008281314,2.6062307381127434,5.460436236114227,2.506268780242371,5.912685710116605,49.0,161.0,65.0,137.0,-1,-1,False,True,
0.8,0.95,0.8,0.8,0.1,0.1,0.1,0.05,10,10.0,1.0,False,4,6,3,7,3.0097035644036128,2.5469636352730323,2.556674583434797,0.009710948161764765,0.0048672809968142725,2.6062307381127434,4.899134806320443,2.506268780242371,5.144249444221367,49.0,64.0,65.0,55.0,-1,-1,False,True,
0.8,0.95,0.8,0.8,0.1,0.1,0.1,0.1,10,10.0,1.0,False,4,6,4,6,3.0097035644036128,2.3925186797849234,2.3925186797849234,0.0,0.0,2.6062307381127434,4.198022847681387,2.6062307381127434,4.198022847681387,49.0,32.0,49.0,32.0,-1,-1,False,True,
0.85,0.5,0.8,0.8,0.1,0.1,0.01,0.01,10,10.0,1.0,False,7,3,7,3,2.2076003882882427,2.0865725290290214,2.0865725290290214,0.0,0.0,4.396508118722122,1.8326479946114869,4.396508118722122,1.8326479946114869,275.0,656.0,275.0,656.0,1,1,False,True,
0.85,0.5,0.8,0.8,0.1,0.1,0.01,0.02,10,10.0,1.0,False,7,3,7,3,2.2076003882882427,2.069759383419378,2.069759383419378,0.0,0.0,4.396508118722122,1.8020929995922343,4.396508118722122,1.8020929995922343,275.0,328.0,275.0,328.0,1,1,False,True,
0.85,0.5,0.8,0.8,0.1,0.1,0.01,0.05,10,10.0,1.0,False,7,3,7,3,2.2076003882882427,2.0273766932112607,2.0273766932112607,0.0,0.0,4.396508118722122,1.7273113674434641,4.396508118722122,1.7273113674434641,275.0,131.0,275.0,131.0,1,1,False,True,
0.85,0.5,0.8,0.8,0.1,0.1,0.01,0.1,10,10.0,1.0,False,7,3,8,2,2.2076003882882427,1.9671295907658406,1.9879948215970598,0.02086523083121916,0.01048722488914317,4.396508118722122,1.6263186673401444,4.535350381828468,1.6097718796681106,275.0,65.0,240.0,99.0,1,1,False,True,
0.85,0.5,0.8,0.8,0.1,0.1,0.02,0.01,10,10.0,1.0,False,7,3,7,3,2.2076003882882427,2.013751225750016,2.013751225750016,0.0,0.0,4.087727994706356,1.8326479946114869,4.087727994706356,1.8326479946114869,137.0,656.0,137.0,656.0,1,1,False,True,
0.85,0.5,0.8,0.8,0.1,0.1,0.02,0.02,10,10.0,1.0,False,7,3,7,3,2.2076003882882427,1.9969380801403724,1.9969380801403724,0.0,0.0,4.087727994706356,1.8020929995922343,4.087727994706356,1.8020929995922343,137.0,328.0,137.0,328.0,1,1,False,True,
0.85,0.5,0.8,0.8,0.1,0.1,0.02,0.05,10,10.0,1.0,False,7,3,7,3,2.2076003882882427,1.9545553899322552,1.9545553899322552,0.0,0.0,4.087727994706356,1.7273113674434641,4.087727994706356,1.7273113674434641,137.0,131.0,137.0,131.0,1,1,False,True,
0.85,0.5,0.8,0.8,0.1,0.1,0.02,0.1,10,10.0,1.0,False,7,3,8,2,2.2076003882882427,1.8943082874868353,1.8982689192028512,0.0039606317160159055,0.001982277978448995,4.087727994706356,1.6263186673401444,4.146134439873799,1.6097718796681106,137.0,65.0,120.0,99.0,1,1,False,True,
0.85,0.5,0.8,0.8,0.1,0.1,0.05,0.01,10,10.0,1.0,False,7,3,6,4,2.2076003882882427,1.8307729334714038,1.8629942952087046,0.032221361737300835,0.0162411576358034,3.404203600007718,1.8326479946114869,3.435602585949758,1.8753624728775729,55.0,656.0,64.0,490.0,1,1,False,True,
0.85,0.5,0.8,0.8,0.1,0.1,0.05,0.02,10,10.0,1.0,False,7,3,6,4,2.2076003882882427,1.8139597878617604,1.8390643526380424,0.02510456477628198,0.012631392944200471,3.404203600007718,1.8020929995922343,3.435602585949758,1.831017854797355,55.0,328.0,64.0,245.0,1,1,False,True,
0.85,0.5,0.8,0.8,0.1,0.1,0.05,0.05,10,10.0,1.0,False,7,3,6,4,2.2076003882882427,1.7715770976536431,1.7790741981777045,0.007497100524061384,0.0037555848636703307,3.404203600007718,1.7273113674434641,3.435602585949758,1.7244046536184965,55.0,131.0,64.0,98.0,1,1,False,True,
0.85,0.5,0.8,0.8,0.1,0.1,0.05,0.1,10,10.0,1.0,False,7,3,7,3,2.2076003882882427,1.711329995208223,1.711329995208223,0.0,0.0,3.404203600007718,1.6263186673401444,3.404203600007718,1.6263186673401444,55.0,65.0,55.0,65.0,1,1,False,True,
0.85,0.5,0.8,0.8,0.1,0.1,0.1,0.01,10,10.0,1.0,False,7,3,5,5,2.2076003882882427,1.5551825665588348,1.7059002391911182,0.15071767263228342,0.07827100426693276,2.584212072614864,1.8326479946114869,2.917513487614054,1.8873401900233948,27.0,656.0,39.0,390.0,1,0,False,True,
0.85,0.5,0.8,0.8,0.1,0.1,0.1,0.02,10,10.0,1.0,False,7,3,5,5,2.2076003882882427,1.5383694209491914,1.674971132112148,0.13660171116295672,0.07068738230247541,2.584212072614864,1.8020929995922343,2.917513487614054,1.8298599318298372,27.0,328.0,39.0,195.0,1,0,False,True,
0.85,0.5,0.8,0.8,0.1,0.1,0.1,0.05,10,10.0,1.0,False,7,3,5,5,2.2076003882882427,1.4959867307410741,1.5976639217397928,0.10167719099871864,0.0521530573386124,2.584212072614864,1.7273113674434641,2.917513487614054,1.6937283335565871,27.0,131.0,39.0,78.0,1,0,False,True,
0.85,0.5,0.8,0.8,0.1,0.1,0.1,0.1,10,10.0,1.0,False,7,3,5,3,2.2076003882882427,1.435739628295654,1.5119771566367721,0.07623752834111808,0.03885460425770906,2.584212072614864,1.6263186673401444,2.826123361394936,1.6049156826521427,27.0,65.0,35.0,58.0,1,1,False,True,
0.85,0.55,0.8,0.8,0.1,0.1,0.01,0.01,10,10.0,1.0,False,7,3,7,3,2.281532154442409,2.159231359681515,2.159231359681515,0.0,0.0,4.396508118722122,1.97076293260724,4.396508118722122,1.97076293260724,275.0,656.0,275.0,656.0,1,1,False,True,
0.85,0.55,0.8,0.8,0.1,0.1,0.01,0.02,10,10.0,1.0,False,7,3,7,3,2.281532154442409,2.1414753346894386,2.1414753346894386,0.0,0.0,4.396508118722122,1.9360788536599576,4.396508118722122,1.9360788536599576,275.0,328.0,275.0,328.0,1,1,False,True,
0.85,0.55,0.8,0.8,0.1,0.1,0.01,0.05,10,10.0,1.0,False,7,3,7,3,2.281532154442409,2.096690714303268,2.096690714303268,0.0,0.0,4.396508118722122,1.8512851948836204,4.396508118722122,1.8512851948836204,275.0,131.0,275.0,131.0,1,1,False,True,
0.85,0.55,0.8,0.8,0.1,0.1,0.01,0.1,10,10.0,1.0,False,7,3,8,2,2.281532154442409,2.032959674190767,2.0419963577578386,0.009036683567071435,0.00452856488112259,4.396508118722122,1.7369818839896627,4.535350381828468,1.6990920420484805,275.0,65.0,240.0,99.0,1,1,False,True,
0.85,0.55,0.8,0.8,0.1,0.1,0.02,0.01,10,10.0,1.0,False,7,3,6,4,2.281532154442409,2.086410056402509,2.0897376362057876,0.0033275798032783577,0.0016651747679932952,4.087727994706356,1.97076293260724,3.966670214048744,2.037677401286632,137.0,656.0,161.0,490.0,1,1,False,True,
0.85,0.55,0.8,0.8,0.1,0.1,0.02,0.02,10,10.0,1.0,False,7,3,7,3,2.281532154442409,2.068654031410433,2.068654031410433,0.0,0.0,4.087727994706356,1.9360788536599576,4.087727994706356,1.9360788536599576,137.0,328.0,137.0,328.0,1,1,False,True,
0.85,0.55,0.8,0.8,0.1,0.1,0.02,0.05,10,10.0,1.0,False,7,3,7,3,2.281532154442409,2.0238694110242625,2.0238694110242625,0.0,0.0,4.087727994706356,1.8512851948836204,4.087727994706356,1.8512851948836204,137.0,131.0,137.0,131.0,1,1,False,True,
0.85,0.55,0.8,0.8,0.1,0.1,0.02,0.1,10,10.0,1.0,False,7,3,7,3,2.281532154442409,1.9601383709117615,1.9601383709117615,0.0,0.0,4.087727994706356,1.7369818839896627,4.087727994706356,1.7369818839896627,137.0,65.0,137.0,65.0,1,1,False,True,
0.85,0.55,0.8,0.8,0.1,0.1,0.05,0.01,10,10.0,1.0,False,7,3,6,4,2.281532154442409,1.9034317641238974,1.946002966060787,0.04257120193688957,0.021513755297914647,3.404203600007718,1.97076293260724,3.435602585949758,2.037677401286632,55.0,656.0,64.0,490.0,1,1,False,True,
0.85,0.55,0.8,0.8,0.1,0.1,0.05,0.02,10,10.0,1.0,False,7,3,6,4,2.281532154442409,1.8856757391318208,1.9202541338156265,0.034578394683805636,0.017439520587413358,3.404203600007718,1.9360788536599576,3.435602585949758,1.9858793195918247,55.0,328.0,64.0,245.0,1,1,False,True,
0.85,0.55,0.8,0.8,0.1,0.1,0.05,0.05,10,10.0,1.0,False,7,3,6,4,2.281532154442409,1.8408911187456503,1.8556516633512894,0.014760544605639137,0.007407573634878849,3.404203600007718,1.8512851948836204,3.435602585949758,1.8616428075064262,55.0,131.0,64.0,98.0,1,1,False,True,
0.85,0.55,0.8,0.8,0.1,0.1,0.05,0.1,10,10.0,1.0,False,7,3,7,3,2.281532154442409,1.7771600786331494,1.7771600786331494,0.0,0.0,3.404203600007718,1.7369818839896627,3.404203600007718,1.7369818839896627,55.0,65.0,55.0,65.0,1,1,False,True,
0.85,0.55,0.8,0.8,0.1,0.1,0.1,0.01,10,10.0,1.0,False,7,3,5,5,2.281532154442409,1.6278413972113281,1.795023362662419,0.16718196545109087,0.08718412576816895,2.584212072614864,1.97076293260724,2.917513487614054,2.0632690748342464,27.0,656.0,39.0,390.0,1,0,False,True,
0.85,0.55,0.8,0.8,0.1,0.1,0.1,0.02,10,10.0,1.0,False,7,3,5,5,2.281532154442409,1.6100853722192516,1.7612082284365762,0.15112285621732457,0.07848947525197716,2.584212072614864,1.9360788536599576,2.917513487614054,1.9946658054907853,27.0,328.0,39.0,195.0,1,0,False,True,
0.85,0.55,0.8,0.8,0.1,0.1,0.1,0.05,10,10.0,1.0,False,7,3,5,5,2.281532154442409,1.5653007518330813,1.6765950280339985,0.11129427620091725,0.057224563642781404,2.584212072614864,1.8512851948836204,2.917513487614054,1.832833847922273,27.0,131.0,39.0,78.0,1,0,False,True,
0.85,0.55,0.8,0.8,0.1,0.1,0.1,0.1,10,10.0,1.0,False,7,3,5,3,2.281532154442409,1.5015697117205802,1.5770290035439523,0.07545929182337208,0.038450445600734136,2.584212072614864,1.7369818839896627,2.826123361394936,1.7127890546310498,27.0,65.0,35.0,58.0,1,1,False,True,
0.85,0.6,0.8,0.8,0.1,0.1,0.01,0.01,10,10.0,1.0,False,7,3,7,3,2.356480057859565,2.2331134764101903,2.2331134764101903,0.0,0.0,4.396508118722122,2.121880788858512,4.396508118722122,2.121880788858512,275.0,656.0,275.0,656.0,1,1,False,True,
0.85,0.6,0.8,0.8,0.1,0.1,0.01,0.02,10,10.0,1.0,False,7,3,7,3,2.356480057859565,2.214565580260736,2.214565580260736,0.0,0.0,4.396508118722122,2.0828871076122693,4.396508118722122,2.0828871076122693,275.0,328.0,275.0,328.0,1,1,False,True,
0.85,0.6,0.8,0.8,0.1,0.1,0.01,0.05,10,10.0,1.0,False,7,3,7,3,2.356480057859565,2.1677543141660776,2.1677543141660776,0.0,0.0,4.396508118722122,1.9876314380220301,4.396508118722122,1.9876314380220301,275.0,131.0,275.0,131.0,1,1,False,True,
0.85,0.6,0.8,0.8,0.1,0.1,0.01,0.1,10,10.0,1.0,False,7,3,7,3,2.356480057859565,2.1010595328821737,2.1010595328821737,0.0,0.0,4.396508118722122,1.8593908171420621,4.396508118722122,1.8593908171420621,275.0,65.0,275.0,65.0,1,1,False,True,
0.85,0.6,0.8,0.8,0.1,0.1,0.02,0.01,10,10.0,1.0,False,7,3,6,4,2.356480057859565,2.160292173131185,2.175989465307455,0.01569729217627014,0.007879527450267359,4.087727994706356,2.121880788858512,3.966670214048744,2.2212330276574193,137.0,656.0,161.0,490.0,1,1,False,True,
0.85,0.6,0.8,0.8,0.1,0.1,0.02,0.02,10,10.0,1.0,False,7,3,6,4,2.356480057859565,2.1417442769817305,2.1485945933350763,0.0068503163533457645,0.0034310307338387045,4.087727994706356,2.0828871076122693,3.966670214048744,2.161208568311209,137.0,328.0,161.0,245.0,1,1,False,True,
0.85,0.6,0.8,0.8,0.1,0.1,0.02,0.05,10,10.0,1.0,False,7,3,7,3,2.356480057859565,2.094933010887072,2.094933010887072,0.0,0.0,4.087727994706356,1.9876314380220301,4.087727994706356,1.9876314380220301,137.0,131.0,137.0,131.0,1,1,False,True,
0.85,0.6,0.8,0.8,0.1,0.1,0.02,0.1,10,10.0,1.0,False,7,3,7,3,2.356480057859565,2.028238229603168,2.028238229603168,0.0,0.0,4.087727994706356,1.8593908171420621,4.087727994706356,1.8593908171420621,137.0,65.0,137.0,65.0,1,1,False,True,
0.85,0.6,0.8,0.8,0.1,0.1,0.05,0.01,10,10.0,1.0,False,7,3,5,5,2.356480057859565,1.9773138808525728,2.0389109845690925,0.06159710371651972,0.03127773397666664,3.404203600007718,2.121880788858512,3.3881288270519745,2.26739860189272,55.0,656.0,78.0,390.0,1,0,False,True,
0.85,0.6,0.8,0.8,0.1,0.1,0.05,0.02,10,10.0,1.0,False,7,3,6,4,2.356480057859565,1.9587659847031182,2.0048599231900757,0.04609393848695742,0.023314602731193942,3.404203600007718,2.0828871076122693,3.435602585949758,2.161208568311209,55.0,328.0,64.0,245.0,1,1,False,True,
0.85,0.6,0.8,0.8,0.1,0.1,0.05,0.05,10,10.0,1.0,False,7,3,6,4,2.356480057859565,1.91195471860846,1.9360624337201755,0.0241077151117155,0.012126798073760613,3.404203600007718,1.9876314380220301,3.435602585949758,2.0175221461307475,55.0,131.0,64.0,98.0,1,1,False,True,
0.85,0.6,0.8,0.8,0.1,0.1,0.05,0.1,10,10.0,1.0,False,7,3,7,3,2.356480057859565,1.8452599373245562,1.8452599373245562,0.0,0.0,3.404203600007718,1.8593908171420621,3.404203600007718,1.8593908171420621,55.0,65.0,55.0,65.0,1,1,False,True,
0.85,0.6,0.8,0.8,0.1,0.1,0.1,0.01,10,10.0,1.0,False,7,3,4,6,2.356480057859565,1.7017235139400038,1.890482401195508,0.18875888725550416,0.09897666650639511,2.584212072614864,2.121880788858512,2.9013291341580922,2.282596126293539,27.0,656.0,49.0,323.0,1,-1,True,True,
0.85,0.6,0.8,0.8,0.1,0.1,0.1,0.02,10,10.0,1.0,False,7,3,5,5,2.356480057859565,1.6831756177905492,1.852788245845449,0.16961262805489974,0.08850621789439028,2.584212072614864,2.0828871076122693,2.917513487614054,2.1859631616618915,27.0,328.0,39.0,195.0,1,0,False,True,
0.85,0.6,0.8,0.8,0.1,0.1,0.1,0.05,10,10.0,1.0,False,7,3,5,5,2.356480057859565,1.636364351695891,1.7611433353213826,0.12477898362549156,0.06437683006445764,2.584212072614864,1.9876314380220301,2.917513487614054,1.9945363696126912,27.0,131.0,39.0,78.0,1,0,False,True,
0.85,0.6,0.8,0.8,0.1,0.1,0.1,0.1,10,10.0,1.0,False,7,3,5,4,2.356480057859565,1.569669570411987,1.6493884897594993,0.0797189193475123,0.04066450858497395,2.584212072614864,1.8593908171420621,2.873695812831476,1.8108376870720826,27.0,65.0,37.0,46.0,1,1,False,True,
0.85,0.65,0.8,0.8,0.1,0.1,0.01,0.01,10,10.0,1.0,False,6,4,6,4,2.4370995160041735,2.3217508494426387,2.3217508494426387,0.0,0.0,4.197121130424473,2.428689968370644,4.197121130424473,2.428689968370644,323.0,490.0,323.0,490.0,1,1,False,True,
0.85,0.65,0.8,0.8,0.1,0.1,0.01,0.02,10,10.0,1.0,False,6,4,6,4,2.4370995160041735,2.292970490553648,2.292970490553648,0.0,0.0,4.197121130424473,2.35978767182958,4.197121130424473,2.35978767182958,323.0,245.0,323.0,245.0,1,1,False,True,
0.85,0.65,0.8,0.8,0.1,0.1,0.01,0.05,10,10.0,1.0,False,6,4,7,3,2.4370995160041735,2.2206173441342547,2.2405092880095987,0.019891943875343987,0.009995597504944009,4.197121130424473,2.195080014651407,4.396508118722122,2.137631994085884,323.0,98.0,275.0,131.0,1,1,False,True,
0.85,0.65,0.8,0.8,0.1,0.1,0.01,0.1,10,10.0,1.0,False,6,4,7,3,2.4370995160041735,2.1189716364200786,2.1715248008536303,0.052553164433551736,0.026624855388130805,4.197121130424473,1.9829245319363624,4.396508118722122,1.995139922323499,323.0,49.0,275.0,65.0,1,1,False,True,
0.85,0.65,0.8,0.8,0.1,0.1,0.02,0.01,10,10.0,1.0,False,6,4,6,4,2.4370995160041735,2.265279010062245,2.265279010062245,0.0,0.0,3.966670214048744,2.428689968370644,3.966670214048744,2.428689968370644,161.0,490.0,161.0,490.0,1,1,False,True,
0.85,0.65,0.8,0.8,0.1,0.1,0.02,0.02,10,10.0,1.0,False,6,4,6,4,2.4370995160041735,2.236498651173254,2.236498651173254,0.0,0.0,3.966670214048744,2.35978767182958,3.966670214048744,2.35978767182958,161.0,245.0,161.0,245.0,1,1,False,True,
0.85,0.65,0.8,0.8,0.1,0.1,0.02,0.05,10,10.0,1.0,False,6,4,7,3,2.4370995160041735,2.164145504753861,2.167687984730593,0.0035424799767320714,0.0017728095604737234,3.966670214048744,2.195080014651407,4.087727994706356,2.137631994085884,161.0,98.0,137.0,131.0,1,1,False,True,
0.85,0.65,0.8,0.8,0.1,0.1,0.02,0.1,10,10.0,1.0,False,6,4,7,3,2.4370995160041735,2.062499797039685,2.0987034975746246,0.03620370053493982,0.018266681842391413,3.966670214048744,1.9829245319363624,4.087727994706356,1.995139922323499,161.0,49.0,137.0,65.0,1,1,False,True,
0.85,0.65,0.8,0.8,0.1,0.1,0.05,0.01,10,10.0,1.0,False,6,4,5,5,2.4370995160041735,2.1215443399172442,2.1384472832149655,0.01690294329772124,0.008487286159383782,3.435602585949758,2.428689968370644,3.3881288270519745,2.5047012917957865,64.0,490.0,78.0,390.0,1,0,False,True,
0.85,0.65,0.8,0.8,0.1,0.1,0.05,0.02,10,10.0,1.0,False,6,4,5,5,2.4370995160041735,2.0927639810282535,2.0993735785072714,0.0066095974790179035,0.003310265607503862,3.435602585949758,2.35978767182958,3.3881288270519745,2.4087207029863786,64.0,245.0,78.0,195.0,1,0,False,True,
0.85,0.65,0.8,0.8,0.1,0.1,0.05,0.05,10,10.0,1.0,False,6,4,6,4,2.4370995160041735,2.0204108346088603,2.0204108346088603,0.0,0.0,3.435602585949758,2.195080014651407,3.435602585949758,2.195080014651407,64.0,98.0,64.0,98.0,1,1,False,True,
0.85,0.65,0.8,0.8,0.1,0.1,0.05,0.1,10,10.0,1.0,False,6,4,6,4,2.4370995160041735,1.9187651268946841,1.9187651268946841,0.0,0.0,3.435602585949758,1.9829245319363624,3.435602585949758,1.9829245319363624,64.0,49.0,64.0,49.0,1,1,False,True,
0.85,0.65,0.8,0.8,0.1,0.1,0.1,0.01,10,10.0,1.0,False,6,4,4,6,2.4370995160041735,1.916614063907498,1.9969140545007935,0.08029999059329551,0.040966902622189744,2.7989995775159304,2.428689968370644,2.9013291341580922,2.538936012064679,32.0,490.0,49.0,323.0,1,-1,True,True,
0.85,0.65,0.8,0.8,0.1,0.1,0.1,0.02,10,10.0,1.0,False,6,4,5,5,2.4370995160041735,1.8878337050185072,1.949827486098655,0.06199378108014786,0.031482296528670635,2.7989995775159304,2.35978767182958,2.917513487614054,2.4087207029863786,32.0,245.0,39.0,195.0,1,0,False,True,
0.85,0.65,0.8,0.8,0.1,0.1,0.1,0.05,10,10.0,1.0,False,6,4,5,5,2.4370995160041735,1.815480558599114,1.8517765535447792,0.036295994945665155,0.018313673088321356,2.7989995775159304,2.195080014651407,2.917513487614054,2.18375275787447,32.0,98.0,39.0,78.0,1,0,False,True,
0.85,0.65,0.8,0.8,0.1,0.1,0.1,0.1,10,10.0,1.0,False,6,4,5,4,2.4370995160041735,1.713834850884938,1.7278934273594506,0.014058576474512696,0.007054051672922229,2.7989995775159304,1.9829245319363624,2.873695812831476,1.958726439636382,32.0,49.0,37.0,46.0,1,1,False,True,
0.85,0.7,0.8,0.8,0.1,0.1,0.01,0.01,10,10.0,1.0,False,6,4,6,4,2.5305743125317504,2.4138716199969896,2.4138716199969896,0.0,0.0,4.197121130424473,2.663051843889373,4.197121130424473,2.663051843889373,323.0,490.0,323.0,490.0,1,1,False,True,
0.85,0.7,0.8,0.8,0.1,0.1,0.01,0.02,10,10.0,1.0,False,6,4,6,4,2.5305743125317504,2.3840747435580374,2.3840747435580374,0.0,0.0,4.197121130424473,2.584871762546586,4.197121130424473,2.584871762546586,323.0,245.0,323.0,245.0,1,1,False,True,
0.85,0.7,0.8,0.8,0.1,0.1,0.01,0.05,10,10.0,1.0,False,6,4,7,3,2.5305743125317504,2.309081510153192,2.3149530353723047,0.0058715252191126055,0.0029400761807802677,4.197121130424473,2.3981141677100073,4.396508118722122,2.302838330619689,323.0,98.0,275.0,131.0,1,1,False,True,
0.85,0.7,0.8,0.8,0.1,0.1,0.01,0.1,10,10.0,1.0,False,6,4,7,3,2.5305743125317504,2.2034985615223834,2.2445372432257473,0.04103868170336389,0.020731309865154254,4.197121130424473,2.1578227266301155,4.396508118722122,2.146259644256038,323.0,49.0,275.0,65.0,1,1,False,True,
0.85,0.7,0.8,0.8,0.1,0.1,0.02,0.01,10,10.0,1.0,False,6,4,6,4,2.5305743125317504,2.357399780616596,2.357399780616596,0.0,0.0,3.966670214048744,2.663051843889373,3.966670214048744,2.663051843889373,161.0,490.0,161.0,490.0,1,1,False,True,
0.85,0.7,0.8,0.8,0.1,0.1,0.02,0.02,10,10.0,1.0,False,6,4,6,4,2.5305743125317504,2.3276029041776436,2.3276029041776436,0.0,0.0,3.966670214048744,2.584871762546586,3.966670214048744,2.584871762546586,161.0,245.0,161.0,245.0,1,1,False,True,
0.85,0.7,0.8,0.8,0.1,0.1,0.02,0.05,10,10.0,1.0,False,6,4,6,4,2.5305743125317504,2.2526096707727983,2.2526096707727983,0.0,0.0,3.966670214048744,2.3981141677100073,3.966670214048744,2.3981141677100073,161.0,98.0,161.0,98.0,1,1,False,True,
0.85,0.7,0.8,0.8,0.1,0.1,0.02,0.1,10,10.0,1.0,False,6,4,7,3,2.5305743125317504,2.1470267221419896,2.171715939946742,0.024689217804752417,0.01242111808804481,3.966670214048744,2.1578227266301155,4.087727994706356,2.146259644256038,161.0,49.0,137.0,65.0,1,1,False,True,
0.85,0.7,0.8,0.8,0.1,0.1,0.05,0.01,10,10.0,1.0,False,6,4,5,5,2.5305743125317504,2.213665110471595,2.243110565496861,0.029445455025265854,0.01483164070869051,3.435602585949758,2.663051843889373,3.3881288270519745,2.781061710141828,64.0,490.0,78.0,390.0,1,0,False,True,
0.85,0.7,0.8,0.8,0.1,0.1,0.05,0.02,10,10.0,1.0,False,6,4,5,5,2.5305743125317504,2.1838682340326434,2.2019889409853213,0.018120706952677867,0.009101522720932514,3.435602585949758,2.584871762546586,3.3881288270519745,2.6690194036537442,64.0,245.0,78.0,195.0,1,0,False,True,
0.85,0.7,0.8,0.8,0.1,0.1,0.05,0.05,10,10.0,1.0,False,6,4,6,4,2.5305743125317504,2.1088750006277976,2.1088750006277976,0.0,0.0,3.435602585949758,2.3981141677100073,3.435602585949758,2.3981141677100073,64.0,98.0,64.0,98.0,1,1,False,True,
0.85,0.7,0.8,0.8,0.1,0.1,0.05,0.1,10,10.0,1.0,False,6,4,6,4,2.5305743125317504,2.003292051996989,2.003292051996989,0.0,0.0,3.435602585949758,2.1578227266301155,3.435602585949758,2.1578227266301155,64.0,49.0,64.0,49.0,1,1,False,True,
0.85,0.7,0.8,0.8,0.1,0.1,0.1,0.01,10,10.0,1.0,False,6,4,4,6,2.5305743125317504,2.008734834461849,2.110791984498813,0.10205715003696403,0.05235296385896011,2.7989995775159304,2.663051843889373,2.9013291341580922,2.845170599286769,32.0,490.0,49.0,323.0,1,-1,True,True,
0.85,0.7,0.8,0.8,0.1,0.1,0.1,0.02,10,10.0,1.0,False,6,4,4,6,2.5305743125317504,1.978937958022897,2.057370595887349,0.07843263786445198,0.03999543002014324,2.7989995775159304,2.584871762546586,2.9013291341580922,2.6971661338744872,32.0,245.0,49.0,161.0,1,-1,True,True,
0.85,0.7,0.8,0.8,0.1,0.1,0.1,0.05,10,10.0,1.0,False,6,4,5,5,2.5305743125317504,1.9039447246180514,1.9490812125966017,0.0451364879785503,0.022824833429691608,2.7989995775159304,2.3981141677100073,2.917513487614054,2.406923809122425,32.0,98.0,39.0,78.0,1,0,False,True,
0.85,0.7,0.8,0.8,0.1,0.1,0.1,0.1,10,10.0,1.0,False,6,4,5,4,2.5305743125317504,1.7983617759872428,1.81192488967984,0.013563113692597106,0.006804603671257561,2.7989995775159304,2.1578227266301155,2.873695812831476,2.1304344981741448,32.0,49.0,37.0,46.0,1,1,False,True,
0.85,0.75,0.8,0.8,0.1,0.1,0.01,0.01,10,10.0,1.0,False,6,4,6,4,2.626006189881766,2.508640267071079,2.508640267071079,0.0,0.0,4.197121130424473,2.927771115019676,4.197121130424473,2.927771115019676,323.0,490.0,323.0,490.0,1,1,False,True,
0.85,0.75,0.8,0.8,0.1,0.1,0.01,0.02,10,10.0,1.0,False,6,4,6,4,2.626006189881766,2.47833252476869,2.47833252476869,0.0,0.0,4.197121130424473,2.8403681658713906,4.197121130424473,2.8403681658713906,323.0,245.0,323.0,245.0,1,1,False,True,
0.85,0.75,0.8,0.8,0.1,0.1,0.01,0.05,10,10.0,1.0,False,6,4,6,4,2.626006189881766,2.4019643613256774,2.4019643613256774,0.0,0.0,4.197121130424473,2.631530237126082,4.197121130424473,2.631530237126082,323.0,98.0,323.0,98.0,1,1,False,True,
0.85,0.75,0.8,0.8,0.1,0.1,0.01,0.1,10,10.0,1.0,False,6,4,7,3,2.626006189881766,2.2942158412347315,2.3204007020272654,0.026184860792533904,0.013178511523268176,4.197121130424473,2.362728265669129,4.396508118722122,2.315417659089507,323.0,49.0,275.0,65.0,1,1,False,True,
0.85,0.75,0.8,0.8,0.1,0.1,0.02,0.01,10,10.0,1.0,False,6,4,5,5,2.626006189881766,2.452168427690685,2.4580478545507707,0.00587942686008569,0.0029440386248074644,3.966670214048744,2.927771115019676,3.7640689045682483,3.103552201046044,161.0,490.0,195.0,390.0,1,0,False,True,
0.85,0.75,0.8,0.8,0.1,0.1,0.02,0.02,10,10.0,1.0,False,6,4,6,4,2.626006189881766,2.421860685388296,2.421860685388296,0.0,0.0,3.966670214048744,2.8403681658713906,3.966670214048744,2.8403681658713906,161.0,245.0,161.0,245.0,1,1,False,True,
0.85,0.75,0.8,0.8,0.1,0.1,0.02,0.05,10,10.0,1.0,False,6,4,6,4,2.626006189881766,2.3454925219452836,2.3454925219452836,0.0,0.0,3.966670214048744,2.631530237126082,3.966670214048744,2.631530237126082,161.0,98.0,161.0,98.0,1,1,False,True,
0.85,0.75,0.8,0.8,0.1,0.1,0.02,0.1,10,10.0,1.0,False,6,4,7,3,2.626006189881766,2.2377440018543377,2.24757939874826,0.009835396893922432,0.0049298101717666215,3.966670214048744,2.362728265669129,4.087727994706356,2.315417659089507,161.0,49.0,137.0,65.0,1,1,False,True,
0.85,0.75,0.8,0.8,0.1,0.1,0.05,0.01,10,10.0,1.0,False,6,4,5,5,2.626006189881766,2.308433757545684,2.3528251273673035,0.04439136982161962,0.022443841727683093,3.435602585949758,2.927771115019676,3.3881288270519745,3.103552201046044,64.0,490.0,78.0,390.0,1,0,False,True,
0.85,0.75,0.8,0.8,0.1,0.1,0.05,0.02,10,10.0,1.0,False,6,4,5,5,2.626006189881766,2.278126015243296,2.310348796457772,0.03222278121447619,0.016241878901623315,3.435602585949758,2.8403681658713906,3.3881288270519745,2.9744852412561658,64.0,245.0,78.0,195.0,1,0,False,True,
0.85,0.75,0.8,0.8,0.1,0.1,0.05,0.05,10,10.0,1.0,False,6,4,5,5,2.626006189881766,2.2017578518002825,2.2033981431549114,0.0016402913546289533,0.0008204820887429924,3.435602585949758,2.631530237126082,3.3881288270519745,2.6727832429704486,64.0,98.0,78.0,78.0,1,0,False,True,
0.85,0.75,0.8,0.8,0.1,0.1,0.05,0.1,10,10.0,1.0,False,6,4,6,4,2.626006189881766,2.094009331709337,2.094009331709337,0.0,0.0,3.435602585949758,2.362728265669129,3.435602585949758,2.362728265669129,64.0,49.0,64.0,49.0,1,1,False,True,
0.85,0.75,0.8,0.8,0.1,0.1,0.1,0.01,10,10.0,1.0,False,6,4,4,6,2.626006189881766,2.103503481535938,2.2323278917103564,0.12882441017441826,0.06653193805565263,2.7989995775159304,2.927771115019676,2.9013291341580922,3.2128517474336955,32.0,490.0,49.0,323.0,1,-1,True,True,
0.85,0.75,0.8,0.8,0.1,0.1,0.1,0.02,10,10.0,1.0,False,6,4,4,6,2.626006189881766,2.073195739233549,2.1762793148178705,0.10308357558432135,0.052893183454372356,2.7989995775159304,2.8403681658713906,2.9013291341580922,3.0377294979690377,32.0,245.0,49.0,161.0,1,-1,True,True,
0.85,0.75,0.8,0.8,0.1,0.1,0.1,0.05,10,10.0,1.0,False,6,4,5,5,2.626006189881766,1.9968275757905365,2.053852050746295,0.057024474955758686,0.02892260217506429,2.7989995775159304,2.631530237126082,2.917513487614054,2.6727832429704486,32.0,98.0,39.0,78.0,1,0,False,True,
0.85,0.75,0.8,0.8,0.1,0.1,0.1,0.1,10,10.0,1.0,False,6,4,5,5,2.626006189881766,1.889079055699591,1.9026694261798238,0.013590370480232927,0.006818324894392982,2.7989995775159304,2.362728265669129,2.917513487614054,2.297766853487972,32.0,49.0,39.0,39.0,1,0,False,True,
0.85,0.8,0.8,0.8,0.1,0.1,0.01,0.01,10,10.0,1.0,False,5,5,5,5,2.729102519973198,2.614440492795117,2.614440492795117,0.0,0.0,3.924173212366584,3.480878868359752,3.924173212366584,3.480878868359752,390.0,390.0,390.0,390.0,0,0,False,True,
0.85,0.8,0.8,0.8,0.1,0.1,0.01,0.02,10,10.0,1.0,False,5,5,6,4,2.729102519973198,2.571631541552615,2.575794374257974,0.004162832705358888,0.00208358400336301,3.924173212366584,3.3350106042181746,4.197121130424473,3.1311349076343618,390.0,195.0,323.0,245.0,0,1,False,True,
0.85,0.8,0.8,0.8,0.1,0.1,0.01,0.05,10,10.0,1.0,False,5,5,6,4,2.729102519973198,2.4636615820642054,2.499775058091529,0.03611347602732362,0.018220746573525355,3.924173212366584,2.993687483287125,4.197121130424473,2.9019305226049745,390.0,78.0,323.0,98.0,0,1,False,True,
0.85,0.8,0.8,0.8,0.1,0.1,0.01,0.1,10,10.0,1.0,False,5,5,7,3,2.729102519973198,2.3105723512440104,2.3996057218764526,0.08903337063244221,0.04552242143713769,3.924173212366584,2.5687429859532767,4.396508118722122,2.506268780242371,390.0,39.0,275.0,65.0,0,1,False,True,
0.85,0.8,0.8,0.8,0.1,0.1,0.02,0.01,10,10.0,1.0,False,5,5,5,5,2.729102519973198,2.5727853380445795,2.5727853380445795,0.0,0.0,3.7640689045682483,3.480878868359752,3.7640689045682483,3.480878868359752,195.0,390.0,195.0,390.0,0,0,False,True,
0.85,0.8,0.8,0.8,0.1,0.1,0.02,0.02,10,10.0,1.0,False,5,5,5,5,2.729102519973198,2.529976386802078,2.529976386802078,0.0,0.0,3.7640689045682483,3.3350106042181746,3.7640689045682483,3.3350106042181746,195.0,195.0,195.0,195.0,0,0,False,True,
0.85,0.8,0.8,0.8,0.1,0.1,0.02,0.05,10,10.0,1.0,False,5,5,6,4,2.729102519973198,2.4220064273136686,2.443303218711135,0.021296791397466652,0.010705291635028643,3.7640689045682483,2.993687483287125,3.966670214048744,2.9019305226049745,195.0,78.0,161.0,98.0,0,1,False,True,
0.85,0.8,0.8,0.8,0.1,0.1,0.02,0.1,10,10.0,1.0,False,5,5,6,4,2.729102519973198,2.268917196493473,2.3358320216324557,0.06691482513898261,0.03402340638860271,3.7640689045682483,2.5687429859532767,3.966670214048744,2.6062307381127434,195.0,39.0,161.0,49.0,0,1,False,True,
0.85,0.8,0.8,0.8,0.1,0.1,0.05,0.01,10,10.0,1.0,False,5,5,5,5,2.729102519973198,2.4675626108611124,2.4675626108611124,0.0,0.0,3.3881288270519745,3.480878868359752,3.3881288270519745,3.480878868359752,78.0,390.0,78.0,390.0,0,0,False,True,
0.85,0.8,0.8,0.8,0.1,0.1,0.05,0.02,10,10.0,1.0,False,5,5,5,5,2.729102519973198,2.4247536596186103,2.4247536596186103,0.0,0.0,3.3881288270519745,3.3350106042181746,3.3881288270519745,3.3350106042181746,78.0,195.0,78.0,195.0,0,0,False,True,
0.85,0.8,0.8,0.8,0.1,0.1,0.05,0.05,10,10.0,1.0,False,5,5,5,5,2.729102519973198,2.316783700130201,2.316783700130201,0.0,0.0,3.3881288270519745,2.993687483287125,3.3881288270519745,2.993687483287125,78.0,78.0,78.0,78.0,0,0,False,True,
0.85,0.8,0.8,0.8,0.1,0.1,0.05,0.1,10,10.0,1.0,False,5,5,6,4,2.729102519973198,2.163694469310006,2.1920973514874547,0.028402882177448685,0.014302760612819591,3.3881288270519745,2.5687429859532767,3.435602585949758,2.6062307381127434,78.0,39.0,64.0,49.0,0,1,False,True,
0.85,0.8,0.8,0.8,0.1,0.1,0.1,0.01,10,10.0,1.0,False,5,5,4,6,2.729102519973198,2.318016518452496,2.3617750498352716,0.04375853138277552,0.022120372024095142,2.917513487614054,3.480878868359752,2.9013291341580922,3.6568645346110387,39.0,390.0,49.0,323.0,0,-1,False,True,
0.85,0.8,0.8,0.8,0.1,0.1,0.1,0.02,10,10.0,1.0,False,5,5,4,6,2.729102519973198,2.2752075672099945,2.3044535541028277,0.029245986892833198,0.014730432469676142,2.917513487614054,3.3350106042181746,2.9013291341580922,3.4531422029119385,39.0,195.0,49.0,161.0,0,-1,False,True,
0.85,0.8,0.8,0.8,0.1,0.1,0.1,0.05,10,10.0,1.0,False,5,5,5,5,2.729102519973198,2.167237607721585,2.167237607721585,0.0,0.0,2.917513487614054,2.993687483287125,2.917513487614054,2.993687483287125,39.0,78.0,39.0,78.0,0,0,False,True,
0.85,0.8,0.8,0.8,0.1,0.1,0.1,0.1,10,10.0,1.0,False,5,5,5,5,2.729102519973198,2.0141483769013897,2.0141483769013897,0.0,0.0,2.917513487614054,2.5687429859532767,2.917513487614054,2.5687429859532767,39.0,39.0,39.0,39.0,0,0,False,True,
0.85,0.85,0.8,0.8,0.1,0.1,0.01,0.01,10,10.0,1.0,False,5,5,5,5,2.8473424058214922,2.7343113650289372,2.7343113650289372,0.0,0.0,3.924173212366584,3.924173212366584,3.924173212366584,3.924173212366584,390.0,390.0,390.0,390.0,0,0,False,True,
0.85,0.85,0.8,0.8,0.1,0.1,0.01,0.02,10,10.0,1.0,False,5,5,5,5,2.8473424058214922,2.6926562102784004,2.6926562102784004,0.0,0.0,3.924173212366584,3.7640689045682483,3.924173212366584,3.7640689045682483,390.0,195.0,390.0,195.0,0,0,False,True,
0.85,0.85,0.8,0.8,0.1,0.1,0.01,0.05,10,10.0,1.0,False,5,5,6,4,2.8473424058214922,2.587433483094933,2.603384050225211,0.01595056713027798,0.008007170852796206,3.924173212366584,3.3881288270519745,4.197121130424473,3.2187246352810948,390.0,78.0,323.0,98.0,0,1,False,True,
0.85,0.85,0.8,0.8,0.1,0.1,0.01,0.1,10,10.0,1.0,False,5,5,6,4,2.8473424058214922,2.437887390686317,2.499567799245775,0.06168040855945822,0.03132069008610087,3.924173212366584,2.917513487614054,4.197121130424473,2.9013291341580922,390.0,39.0,323.0,49.0,0,1,False,True,
0.85,0.85,0.8,0.8,0.1,0.1,0.02,0.01,10,10.0,1.0,False,5,5,5,5,2.8473424058214922,2.6926562102784004,2.6926562102784004,0.0,0.0,3.7640689045682483,3.924173212366584,3.7640689045682483,3.924173212366584,195.0,390.0,195.0,390.0,0,0,False,True,
0.85,0.85,0.8,0.8,0.1,0.1,0.02,0.02,10,10.0,1.0,False,5,5,5,5,2.8473424058214922,2.651001055527863,2.651001055527863,0.0,0.0,3.7640689045682483,3.7640689045682483,3.7640689045682483,3.7640689045682483,195.0,195.0,195.0,195.0,0,0,False,True,
0.85,0.85,0.8,0.8,0.1,0.1,0.02,0.05,10,10.0,1.0,False,5,5,6,4,2.8473424058214922,2.5457783283443955,2.546912210844817,0.001133882500421457,0.0005671019917768967,3.7640689045682483,3.3881288270519745,3.966670214048744,3.2187246352810948,195.0,78.0,161.0,98.0,0,1,False,True,
0.85,0.85,0.8,0.8,0.1,0.1,0.02,0.1,10,10.0,1.0,False,5,5,6,4,2.8473424058214922,2.3962322359357797,2.4430959598653814,0.0468637239296017,0.023708544881277636,3.7640689045682483,2.917513487614054,3.966670214048744,2.9013291341580922,195.0,39.0,161.0,49.0,0,1,False,True,
0.85,0.85,0.8,0.8,0.1,0.1,0.05,0.01,10,10.0,1.0,False,5,5,4,6,2.8473424058214922,2.587433483094933,2.603384050225211,0.01595056713027798,0.008007170852796206,3.3881288270519745,3.924173212366584,3.2187246352810948,4.197121130424473,78.0,390.0,98.0,323.0,0,-1,False,True,
0.85,0.85,0.8,0.8,0.1,0.1,0.05,0.02,10,10.0,1.0,False,5,5,4,6,2.8473424058214922,2.5457783283443955,2.546912210844817,0.001133882500421457,0.0005671019917768967,3.3881288270519745,3.7640689045682483,3.2187246352810948,3.966670214048744,78.0,195.0,98.0,161.0,0,-1,False,True,
0.85,0.85,0.8,0.8,0.1,0.1,0.05,0.05,10,10.0,1.0,False,5,5,5,5,2.8473424058214922,2.4405556011609284,2.4405556011609284,0.0,0.0,3.3881288270519745,3.3881288270519745,3.3881288270519745,3.3881288270519745,78.0,78.0,78.0,78.0,0,0,False,True,
0.85,0.85,0.8,0.8,0.1,0.1,0.05,0.1,10,10.0,1.0,False,5,5,6,4,2.8473424058214922,2.291009508752312,2.299361289720381,0.008351780968068656,0.004184621663954889,3.3881288270519745,2.917513487614054,3.435602585949758,2.9013291341580922,78.0,39.0,64.0,49.0,0,1,False,True,
0.85,0.85,0.8,0.8,0.1,0.1,0.1,0.01,10,10.0,1.0,False,5,5,4,6,2.8473424058214922,2.437887390686317,2.499567799245775,0.06168040855945822,0.03132069008610087,2.917513487614054,3.924173212366584,2.9013291341580922,4.197121130424473,39.0,390.0,49.0,323.0,0,-1,False,True,
0.85,0.85,0.8,0.8,0.1,0.1,0.1,0.02,10,10.0,1.0,False,5,5,4,6,2.8473424058214922,2.3962322359357797,2.4430959598653814,0.0468637239296017,0.023708544881277636,2.917513487614054,3.7640689045682483,2.9013291341580922,3.966670214048744,39.0,195.0,49.0,161.0,0,-1,False,True,
0.85,0.85,0.8,0.8,0.1,0.1,0.1,0.05,10,10.0,1.0,False,5,5,4,6,2.8473424058214922,2.291009508752312,2.299361289720381,0.008351780968068656,0.004184621663954889,2.917513487614054,3.3881288270519745,2.9013291341580922,3.435602585949758,39.0,78.0,49.0,64.0,0,-1,False,True,
0.85,0.85,0.8,0.8,0.1,0.1,0.1,0.1,10,10.0,1.0,False,5,5,5,5,2.8473424058214922,2.1414634163436963,2.1414634163436963,0.0,0.0,2.917513487614054,2.917513487614054,2.917513487614054,2.917513487614054,39.0,39.0,39.0,39.0,0,0,False,True,
0.85,0.9,0.8,0.8,0.1,0.1,0.01,0.01,10,10.0,1.0,False,5,5,5,5,2.968163044503509,2.8597548316766863,2.8597548316766863,0.0,0.0,3.924173212366584,4.448643192666796,3.924173212366584,4.448643192666796,390.0,390.0,390.0,390.0,0,0,False,True,
0.85,0.9,0.8,0.8,0.1,0.1,0.01,0.02,10,10.0,1.0,False,5,5,5,5,2.968163044503509,2.8214632635794348,2.8214632635794348,0.0,0.0,3.924173212366584,4.2815178349715834,3.924173212366584,4.2815178349715834,390.0,195.0,390.0,195.0,0,0,False,True,
0.85,0.9,0.8,0.8,0.1,0.1,0.01,0.05,10,10.0,1.0,False,5,5,5,5,2.968163044503509,2.724608877379401,2.724608877379401,0.0,0.0,3.924173212366584,3.886283081743297,3.924173212366584,3.886283081743297,390.0,78.0,390.0,78.0,0,0,False,True,
0.85,0.9,0.8,0.8,0.1,0.1,0.01,0.1,10,10.0,1.0,False,5,5,6,4,2.968163044503509,2.58677140296461,2.6190768682390946,0.032305465274484746,0.01628389327234617,3.924173212366584,3.3858863567060546,4.197121130424473,3.2696339054170633,390.0,39.0,323.0,49.0,0,1,False,True,
0.85,0.9,0.8,0.8,0.1,0.1,0.02,0.01,10,10.0,1.0,False,5,5,4,6,2.968163044503509,2.8180996769261495,2.823738429689044,0.0056387527628944945,0.0028233545608204774,3.7640689045682483,4.448643192666796,3.4635343259762843,4.861995160302745,195.0,390.0,245.0,323.0,0,-1,False,True,
0.85,0.9,0.8,0.8,0.1,0.1,0.02,0.02,10,10.0,1.0,False,5,5,5,5,2.968163044503509,2.779808108828898,2.779808108828898,0.0,0.0,3.7640689045682483,4.2815178349715834,3.7640689045682483,4.2815178349715834,195.0,195.0,195.0,195.0,0,0,False,True,
0.85,0.9,0.8,0.8,0.1,0.1,0.02,0.05,10,10.0,1.0,False,5,5,5,5,2.968163044503509,2.682953722628864,2.682953722628864,0.0,0.0,3.7640689045682483,3.886283081743297,3.7640689045682483,3.886283081743297,195.0,78.0,195.0,78.0,0,0,False,True,
0.85,0.9,0.8,0.8,0.1,0.1,0.02,0.1,10,10.0,1.0,False,5,5,6,4,2.968163044503509,2.545116248214073,2.562605028858701,0.017488780644627777,0.00878273418644967,3.7640689045682483,3.3858863567060546,3.966670214048744,3.2696339054170633,195.0,39.0,161.0,49.0,0,1,False,True,
0.85,0.9,0.8,0.8,0.1,0.1,0.05,0.01,10,10.0,1.0,False,5,5,4,6,2.968163044503509,2.7128769497426823,2.750434085578431,0.03755713583574849,0.018955994087388538,3.3881288270519745,4.448643192666796,3.2187246352810948,4.861995160302745,78.0,390.0,98.0,323.0,0,-1,False,True,
0.85,0.9,0.8,0.8,0.1,0.1,0.05,0.02,10,10.0,1.0,False,5,5,4,6,2.968163044503509,2.6745853816454304,2.698134998388754,0.023549616743323565,0.011844404319161138,3.3881288270519745,4.2815178349715834,3.2187246352810948,4.614252086036681,78.0,195.0,98.0,161.0,0,-1,False,True,
0.85,0.9,0.8,0.8,0.1,0.1,0.05,0.05,10,10.0,1.0,False,5,5,5,5,2.968163044503509,2.577730995445396,2.577730995445396,0.0,0.0,3.3881288270519745,3.886283081743297,3.3881288270519745,3.886283081743297,78.0,78.0,78.0,78.0,0,0,False,True,
0.85,0.9,0.8,0.8,0.1,0.1,0.05,0.1,10,10.0,1.0,False,5,5,5,5,2.968163044503509,2.439893521030606,2.439893521030606,0.0,0.0,3.3881288270519745,3.3858863567060546,3.3881288270519745,3.3858863567060546,78.0,39.0,78.0,39.0,0,0,False,True,
0.85,0.9,0.8,0.8,0.1,0.1,0.1,0.01,10,10.0,1.0,False,5,5,3,7,2.968163044503509,2.563330857334066,2.6501242602683863,0.08679340293432025,0.044352108699312484,2.917513487614054,4.448643192666796,2.7241446222537964,5.196419244284837,39.0,390.0,65.0,275.0,0,-1,False,True,
0.85,0.9,0.8,0.8,0.1,0.1,0.1,0.02,10,10.0,1.0,False,5,5,4,6,2.968163044503509,2.5250392892368145,2.594318747409318,0.06927945817250336,0.035246672341965844,2.917513487614054,4.2815178349715834,2.9013291341580922,4.614252086036681,39.0,195.0,49.0,161.0,0,-1,False,True,
0.85,0.9,0.8,0.8,0.1,0.1,0.1,0.05,10,10.0,1.0,False,5,5,4,6,2.968163044503509,2.4281849030367804,2.461009965808025,0.03282506277124453,0.016547956856025982,2.917513487614054,3.886283081743297,2.9013291341580922,4.038369460785317,39.0,78.0,49.0,64.0,0,-1,False,True,
0.85,0.9,0.8,0.8,0.1,0.1,0.1,0.1,10,10.0,1.0,False,5,5,5,5,2.968163044503509,2.2903474286219896,2.2903474286219896,0.0,0.0,2.917513487614054,3.3858863567060546,2.917513487614054,3.3858863567060546,39.0,39.0,39.0,39.0,0,0,False,True,
0.85,0.95,0.8,0.8,0.1,0.1,0.01,0.01,10,10.0,1.0,False,4,6,4,6,3.1079493865310095,3.011368072716599,3.011368072716599,0.0,0.0,3.565533690210629,5.697652952540657,3.565533690210629,5.697652952540657,490.0,323.0,490.0,323.0,-1,-1,False,True,
0.85,0.95,0.8,0.8,0.1,0.1,0.01,0.02,10,10.0,1.0,False,4,6,4,6,3.1079493865310095,2.968842428675262,2.968842428675262,0.0,0.0,3.565533690210629,5.460436236114227,3.565533690210629,5.460436236114227,490.0,161.0,490.0,161.0,-1,-1,False,True,
0.85,0.95,0.8,0.8,0.1,0.1,0.01,0.05,10,10.0,1.0,False,4,6,5,5,3.1079493865310095,2.8603723647733577,2.8815690161648764,0.021196651391518717,0.010654686884971237,3.565533690210629,4.899134806320443,3.924173212366584,4.546752917311303,490.0,64.0,390.0,78.0,-1,0,False,True,
0.85,0.95,0.8,0.8,0.1,0.1,0.01,0.1,10,10.0,1.0,False,4,6,5,5,3.1079493865310095,2.7059274092852488,2.7687419267608586,0.06281451747560984,0.03190567092344078,3.565533690210629,4.198022847681387,3.924173212366584,4.061637608946565,490.0,32.0,390.0,39.0,-1,0,False,True,
0.85,0.95,0.8,0.8,0.1,0.1,0.02,0.01,10,10.0,1.0,False,4,6,4,6,3.1079493865310095,2.982343876539248,2.982343876539248,0.0,0.0,3.4635343259762843,5.697652952540657,3.4635343259762843,5.697652952540657,245.0,323.0,245.0,323.0,-1,-1,False,True,
0.85,0.95,0.8,0.8,0.1,0.1,0.02,0.02,10,10.0,1.0,False,4,6,4,6,3.1079493865310095,2.939818232497911,2.939818232497911,0.0,0.0,3.4635343259762843,5.460436236114227,3.4635343259762843,5.460436236114227,245.0,161.0,245.0,161.0,-1,-1,False,True,
0.85,0.95,0.8,0.8,0.1,0.1,0.02,0.05,10,10.0,1.0,False,4,6,5,5,3.1079493865310095,2.8313481685960067,2.839913861414339,0.008565692818332415,0.004292030903093041,3.4635343259762843,4.899134806320443,3.7640689045682483,4.546752917311303,245.0,64.0,195.0,78.0,-1,0,False,True,
0.85,0.95,0.8,0.8,0.1,0.1,0.02,0.1,10,10.0,1.0,False,4,6,5,5,3.1079493865310095,2.676903213107898,2.727086772010322,0.050183558902423986,0.02540922770199643,3.4635343259762843,4.198022847681387,3.7640689045682483,4.061637608946565,245.0,32.0,195.0,39.0,-1,0,False,True,
0.85,0.95,0.8,0.8,0.1,0.1,0.05,0.01,10,10.0,1.0,False,4,6,4,6,3.1079493865310095,2.9090395324286353,2.9090395324286353,0.0,0.0,3.2187246352810948,5.697652952540657,3.2187246352810948,5.697652952540657,98.0,323.0,98.0,323.0,-1,-1,False,True,
0.85,0.95,0.8,0.8,0.1,0.1,0.05,0.02,10,10.0,1.0,False,4,6,4,6,3.1079493865310095,2.8665138883872983,2.8665138883872983,0.0,0.0,3.2187246352810948,5.460436236114227,3.2187246352810948,5.460436236114227,98.0,161.0,98.0,161.0,-1,-1,False,True,
0.85,0.95,0.8,0.8,0.1,0.1,0.05,0.05,10,10.0,1.0,False,4,6,4,6,3.1079493865310095,2.7580438244853944,2.7580438244853944,0.0,0.0,3.2187246352810948,4.899134806320443,3.2187246352810948,4.899134806320443,98.0,64.0,98.0,64.0,-1,-1,False,True,
0.85,0.95,0.8,0.8,0.1,0.1,0.05,0.1,10,10.0,1.0,False,4,6,5,5,3.1079493865310095,2.6035988689972855,2.6218640448268546,0.018265175829569102,0.009174417235476344,3.2187246352810948,4.198022847681387,3.3881288270519745,4.061637608946565,98.0,32.0,78.0,39.0,-1,0,False,True,
0.85,0.95,0.8,0.8,0.1,0.1,0.1,0.01,10,10.0,1.0,False,4,6,3,7,3.1079493865310095,2.8052232814491997,2.8345878356294665,0.029364554180266733,0.014790591170299103,2.9013291341580922,5.697652952540657,2.7241446222537964,6.249074400628283,49.0,323.0,65.0,275.0,-1,-1,False,True,
0.85,0.95,0.8,0.8,0.1,0.1,0.1,0.02,10,10.0,1.0,False,4,6,3,7,3.1079493865310095,2.7626976374078627,2.779254641817568,0.0165570044097052,0.00831286375951527,2.9013291341580922,5.460436236114227,2.7241446222537964,5.912685710116605,49.0,161.0,65.0,137.0,-1,-1,False,True,
0.85,0.95,0.8,0.8,0.1,0.1,0.1,0.05,10,10.0,1.0,False,4,6,4,6,3.1079493865310095,2.6542275735059584,2.6542275735059584,0.0,0.0,2.9013291341580922,4.899134806320443,2.9013291341580922,4.899134806320443,49.0,64.0,49.0,64.0,-1,-1,False,True,
0.85,0.95,0.8,0.8,0.1,0.1,0.1,0.1,10,10.0,1.0,False,4,6,4,6,3.1079493865310095,2.4997826180178495,2.4997826180178495,0.0,0.0,2.9013291341580922,4.198022847681387,2.9013291341580922,4.198022847681387,49.0,32.0,49.0,32.0,-1,-1,False,True,
0.9,0.5,0.8,0.8,0.1,0.1,0.01,0.01,10,10.0,1.0,False,8,2,7,3,2.372124349818672,2.243734644836513,2.2537316940812495,0.009997049244736544,0.005011038087502005,5.460484024012112,1.7266743370879267,5.196419244284837,1.8326479946114869,240.0,990.0,275.0,656.0,1,1,False,True,
0.9,0.5,0.8,0.8,0.1,0.1,0.01,0.02,10,10.0,1.0,False,8,2,7,3,2.372124349818672,2.233835789041158,2.236918548471606,0.00308275943044789,0.0015425682515206633,5.460484024012112,1.709666554491941,5.196419244284837,1.8020929995922343,240.0,495.0,275.0,328.0,1,1,False,True,
0.9,0.5,0.8,0.8,0.1,0.1,0.01,0.05,10,10.0,1.0,False,8,2,8,2,2.372124349818672,2.208857025531552,2.208857025531552,0.0,0.0,5.460484024012112,1.6674901481218236,5.460484024012112,1.6674901481218236,240.0,198.0,240.0,198.0,1,1,False,True,
0.9,0.5,0.8,0.8,0.1,0.1,0.01,0.1,10,10.0,1.0,False,8,2,8,2,2.372124349818672,2.173629914224492,2.173629914224492,0.0,0.0,5.460484024012112,1.6097718796681106,5.460484024012112,1.6097718796681106,240.0,99.0,240.0,99.0,1,1,False,True,
0.9,0.5,0.8,0.8,0.1,0.1,0.02,0.01,10,10.0,1.0,False,8,2,7,3,2.372124349818672,2.1588403720245917,2.1856217701355654,0.026781398110973686,0.01348075599223614,5.016051959867676,1.7266743370879267,4.854275473628954,1.8326479946114869,120.0,990.0,137.0,656.0,1,1,False,True,
0.9,0.5,0.8,0.8,0.1,0.1,0.02,0.02,10,10.0,1.0,False,8,2,7,3,2.372124349818672,2.1489415162292365,2.168808624525922,0.019867108296685476,0.009983055670261809,5.016051959867676,1.709666554491941,4.854275473628954,1.8020929995922343,120.0,495.0,137.0,328.0,1,1,False,True,
0.9,0.5,0.8,0.8,0.1,0.1,0.02,0.05,10,10.0,1.0,False,8,2,7,3,2.372124349818672,2.1239627527196308,2.1264259343178047,0.0024631815981739358,0.0012323495184804701,5.016051959867676,1.6674901481218236,4.854275473628954,1.7273113674434641,120.0,198.0,137.0,131.0,1,1,False,True,
0.9,0.5,0.8,0.8,0.1,0.1,0.02,0.1,10,10.0,1.0,False,8,2,8,2,2.372124349818672,2.088735641412571,2.088735641412571,0.0,0.0,5.016051959867676,1.6097718796681106,5.016051959867676,1.6097718796681106,120.0,99.0,120.0,99.0,1,1,False,True,
0.9,0.5,0.8,0.8,0.1,0.1,0.05,0.01,10,10.0,1.0,False,8,2,6,4,2.372124349818672,1.9349441885679877,2.0246429712963487,0.08969878272836107,0.04587033094261605,4.009822510610098,1.7266743370879267,4.038369460785317,1.8753624728775729,47.0,990.0,64.0,490.0,1,1,False,True,
0.9,0.5,0.8,0.8,0.1,0.1,0.05,0.02,10,10.0,1.0,False,8,2,6,4,2.372124349818672,1.9250453327726325,2.0007130287256865,0.075667695953054,0.03855865991938056,4.009822510610098,1.709666554491941,4.038369460785317,1.831017854797355,47.0,495.0,64.0,245.0,1,1,False,True,
0.9,0.5,0.8,0.8,0.1,0.1,0.05,0.05,10,10.0,1.0,False,8,2,7,3,2.372124349818672,1.9000665692630268,1.955020669039281,0.05495409977625432,0.027858025379888383,4.009822510610098,1.6674901481218236,4.089630371671306,1.7273113674434641,47.0,198.0,55.0,131.0,1,1,False,True,
0.9,0.5,0.8,0.8,0.1,0.1,0.05,0.1,10,10.0,1.0,False,8,2,7,3,2.372124349818672,1.8648394579559666,1.894773566593861,0.029934108637894363,0.015079621575364497,4.009822510610098,1.6097718796681106,4.089630371671306,1.6263186673401444,47.0,99.0,55.0,65.0,1,1,False,True,
0.9,0.5,0.8,0.8,0.1,0.1,0.1,0.01,10,10.0,1.0,False,8,2,5,5,2.372124349818672,1.5944059808640647,1.8547842514694115,0.2603782706053468,0.13904379634605635,2.852536991995105,1.7266743370879267,3.3858863567060546,1.8873401900233948,23.0,990.0,39.0,390.0,1,0,False,True,
0.9,0.5,0.8,0.8,0.1,0.1,0.1,0.02,10,10.0,1.0,False,8,2,5,5,2.372124349818672,1.5845071250687095,1.8238551443904414,0.2393480193217319,0.12712935840122408,2.852536991995105,1.709666554491941,3.3858863567060546,1.8298599318298372,23.0,495.0,39.0,195.0,1,0,False,True,
0.9,0.5,0.8,0.8,0.1,0.1,0.1,0.05,10,10.0,1.0,False,8,2,6,4,2.372124349818672,1.5595283615591038,1.7504848218601663,0.1909564603010625,0.10018487091420251,2.852536991995105,1.6674901481218236,3.3387716146112925,1.7244046536184965,23.0,198.0,32.0,98.0,1,1,False,True,
0.9,0.5,0.8,0.8,0.1,0.1,0.1,0.1,10,10.0,1.0,False,8,2,6,4,2.372124349818672,1.5243012502520437,1.6666910810012325,0.14238983074918887,0.07379050375023087,2.852536991995105,1.6097718796681106,3.3387716146112925,1.5857985884176204,23.0,99.0,32.0,49.0,1,1,False,True,
0.9,0.55,0.8,0.8,0.1,0.1,0.01,0.01,10,10.0,1.0,False,7,3,7,3,2.442186597639978,2.326390524733743,2.326390524733743,0.0,0.0,5.196419244284837,1.97076293260724,5.196419244284837,1.97076293260724,275.0,656.0,275.0,656.0,1,1,False,True,
0.9,0.55,0.8,0.8,0.1,0.1,0.01,0.02,10,10.0,1.0,False,7,3,7,3,2.442186597639978,2.308634499741667,2.308634499741667,0.0,0.0,5.196419244284837,1.9360788536599576,5.196419244284837,1.9360788536599576,275.0,328.0,275.0,328.0,1,1,False,True,
0.9,0.55,0.8,0.8,0.1,0.1,0.01,0.05,10,10.0,1.0,False,7,3,8,2,2.442186597639978,2.2638498793554964,2.264106533983133,0.0002566546276367987,0.00012833554812036012,5.196419244284837,1.8512851948836204,5.460484024012112,1.7622106976763166,275.0,131.0,240.0,198.0,1,1,False,True,
0.9,0.55,0.8,0.8,0.1,0.1,0.01,0.1,10,10.0,1.0,False,7,3,8,2,2.442186597639978,2.2001188392429953,2.227631450385271,0.027512611142275656,0.013851358903405159,5.196419244284837,1.7369818839896627,5.460484024012112,1.6990920420484805,275.0,65.0,240.0,99.0,1,1,False,True,
0.9,0.55,0.8,0.8,0.1,0.1,0.02,0.01,10,10.0,1.0,False,7,3,7,3,2.442186597639978,2.258280600788059,2.258280600788059,0.0,0.0,4.854275473628954,1.97076293260724,4.854275473628954,1.97076293260724,137.0,656.0,137.0,656.0,1,1,False,True,
0.9,0.55,0.8,0.8,0.1,0.1,0.02,0.02,10,10.0,1.0,False,7,3,7,3,2.442186597639978,2.240524575795982,2.240524575795982,0.0,0.0,4.854275473628954,1.9360788536599576,4.854275473628954,1.9360788536599576,137.0,328.0,137.0,328.0,1,1,False,True,
0.9,0.55,0.8,0.8,0.1,0.1,0.02,0.05,10,10.0,1.0,False,7,3,7,3,2.442186597639978,2.195739955409812,2.195739955409812,0.0,0.0,4.854275473628954,1.8512851948836204,4.854275473628954,1.8512851948836204,137.0,131.0,137.0,131.0,1,1,False,True,
0.9,0.55,0.8,0.8,0.1,0.1,0.02,0.1,10,10.0,1.0,False,7,3,8,2,2.442186597639978,2.1320089152973107,2.1427371775733492,0.010728262276038514,0.005378543848484683,4.854275473628954,1.7369818839896627,5.016051959867676,1.6990920420484805,137.0,65.0,120.0,99.0,1,1,False,True,
0.9,0.55,0.8,0.8,0.1,0.1,0.05,0.01,10,10.0,1.0,False,7,3,6,4,2.442186597639978,2.0868753355095353,2.107651642148431,0.020776306638895736,0.010442297507770145,4.089630371671306,1.97076293260724,4.038369460785317,2.037677401286632,55.0,656.0,64.0,490.0,1,1,False,True,
0.9,0.55,0.8,0.8,0.1,0.1,0.05,0.02,10,10.0,1.0,False,7,3,6,4,2.442186597639978,2.0691193105174586,2.0819028099032706,0.012783499385812025,0.006412220516526794,4.089630371671306,1.9360788536599576,4.038369460785317,1.9858793195918247,55.0,328.0,64.0,245.0,1,1,False,True,
0.9,0.55,0.8,0.8,0.1,0.1,0.05,0.05,10,10.0,1.0,False,7,3,7,3,2.442186597639978,2.024334690131288,2.024334690131288,0.0,0.0,4.089630371671306,1.8512851948836204,4.089630371671306,1.8512851948836204,55.0,131.0,55.0,131.0,1,1,False,True,
0.9,0.55,0.8,0.8,0.1,0.1,0.05,0.1,10,10.0,1.0,False,7,3,7,3,2.442186597639978,1.9606036500187873,1.9606036500187873,0.0,0.0,4.089630371671306,1.7369818839896627,4.089630371671306,1.7369818839896627,55.0,65.0,55.0,65.0,1,1,False,True,
0.9,0.55,0.8,0.8,0.1,0.1,0.1,0.01,10,10.0,1.0,False,7,3,5,5,2.442186597639978,1.8286388046433073,1.9439073749407123,0.115268570297405,0.059327513056612886,3.158881664844729,1.97076293260724,3.3858863567060546,2.0632690748342464,27.0,656.0,39.0,390.0,1,0,False,True,
0.9,0.55,0.8,0.8,0.1,0.1,0.1,0.02,10,10.0,1.0,False,7,3,5,5,2.442186597639978,1.8108827796512308,1.9100922407148695,0.0992094610636387,0.050855643122248266,3.158881664844729,1.9360788536599576,3.3858863567060546,1.9946658054907853,27.0,328.0,39.0,195.0,1,0,False,True,
0.9,0.55,0.8,0.8,0.1,0.1,0.1,0.05,10,10.0,1.0,False,7,3,6,4,2.442186597639978,1.7660981592650602,1.8270622870337512,0.06096412776869098,0.030951398619429315,3.158881664844729,1.8512851948836204,3.3387716146112925,1.8616428075064262,27.0,131.0,32.0,98.0,1,1,False,True,
0.9,0.55,0.8,0.8,0.1,0.1,0.1,0.1,10,10.0,1.0,False,7,3,6,4,2.442186597639978,1.7023671191525593,1.7366710170233985,0.034303897870839206,0.01729988821689905,3.158881664844729,1.7369818839896627,3.3387716146112925,1.7007478357900756,27.0,65.0,32.0,49.0,1,1,False,True,
0.9,0.6,0.8,0.8,0.1,0.1,0.01,0.01,10,10.0,1.0,False,7,3,7,3,2.517134501057134,2.4002726414624185,2.4002726414624185,0.0,0.0,5.196419244284837,2.121880788858512,5.196419244284837,2.121880788858512,275.0,656.0,275.0,656.0,1,1,False,True,
0.9,0.6,0.8,0.8,0.1,0.1,0.01,0.02,10,10.0,1.0,False,7,3,7,3,2.517134501057134,2.3817247453129644,2.3817247453129644,0.0,0.0,5.196419244284837,2.0828871076122693,5.196419244284837,2.0828871076122693,275.0,328.0,275.0,328.0,1,1,False,True,
0.9,0.6,0.8,0.8,0.1,0.1,0.01,0.05,10,10.0,1.0,False,7,3,7,3,2.517134501057134,2.334913479218306,2.334913479218306,0.0,0.0,5.196419244284837,1.9876314380220301,5.196419244284837,1.9876314380220301,275.0,131.0,275.0,131.0,1,1,False,True,
0.9,0.6,0.8,0.8,0.1,0.1,0.01,0.1,10,10.0,1.0,False,7,3,8,2,2.517134501057134,2.268218697934402,2.281839653190894,0.013620955256492095,0.006833721668719669,5.196419244284837,1.8593908171420621,5.460484024012112,1.793738910624985,275.0,65.0,240.0,99.0,1,1,False,True,
0.9,0.6,0.8,0.8,0.1,0.1,0.02,0.01,10,10.0,1.0,False,7,3,7,3,2.517134501057134,2.3321627175167343,2.3321627175167343,0.0,0.0,4.854275473628954,2.121880788858512,4.854275473628954,2.121880788858512,137.0,656.0,137.0,656.0,1,1,False,True,
0.9,0.6,0.8,0.8,0.1,0.1,0.02,0.02,10,10.0,1.0,False,7,3,7,3,2.517134501057134,2.31361482136728,2.31361482136728,0.0,0.0,4.854275473628954,2.0828871076122693,4.854275473628954,2.0828871076122693,137.0,328.0,137.0,328.0,1,1,False,True,
0.9,0.6,0.8,0.8,0.1,0.1,0.02,0.05,10,10.0,1.0,False,7,3,7,3,2.517134501057134,2.2668035552726216,2.2668035552726216,0.0,0.0,4.854275473628954,1.9876314380220301,4.854275473628954,1.9876314380220301,137.0,131.0,137.0,131.0,1,1,False,True,
0.9,0.6,0.8,0.8,0.1,0.1,0.02,0.1,10,10.0,1.0,False,7,3,7,3,2.517134501057134,2.2001087739887177,2.2001087739887177,0.0,0.0,4.854275473628954,1.8593908171420621,4.854275473628954,1.8593908171420621,137.0,65.0,137.0,65.0,1,1,False,True,
0.9,0.6,0.8,0.8,0.1,0.1,0.05,0.01,10,10.0,1.0,False,7,3,6,4,2.517134501057134,2.1607574522382107,2.1939034712500987,0.03314601901188796,0.016711103651754544,4.089630371671306,2.121880788858512,4.038369460785317,2.2212330276574193,55.0,656.0,64.0,490.0,1,1,False,True,
0.9,0.6,0.8,0.8,0.1,0.1,0.05,0.02,10,10.0,1.0,False,7,3,6,4,2.517134501057134,2.142209556088756,2.1665085992777198,0.024299043188963587,0.012223626842305652,4.089630371671306,2.0828871076122693,4.038369460785317,2.161208568311209,55.0,328.0,64.0,245.0,1,1,False,True,
0.9,0.6,0.8,0.8,0.1,0.1,0.05,0.05,10,10.0,1.0,False,7,3,6,4,2.517134501057134,2.095398289994098,2.0977111098078196,0.002312819813721667,0.0011570788066130938,4.089630371671306,1.9876314380220301,4.038369460785317,2.0175221461307475,55.0,131.0,64.0,98.0,1,1,False,True,
0.9,0.6,0.8,0.8,0.1,0.1,0.05,0.1,10,10.0,1.0,False,7,3,7,3,2.517134501057134,2.028703508710194,2.028703508710194,0.0,0.0,4.089630371671306,1.8593908171420621,4.089630371671306,1.8593908171420621,55.0,65.0,55.0,65.0,1,1,False,True,
0.9,0.6,0.8,0.8,0.1,0.1,0.1,0.01,10,10.0,1.0,False,7,3,5,5,2.517134501057134,1.9025209213719827,2.0382489044387695,0.1357279830667868,0.07021973963398134,3.158881664844729,2.121880788858512,3.3858863567060546,2.26739860189272,27.0,656.0,39.0,390.0,1,0,False,True,
0.9,0.6,0.8,0.8,0.1,0.1,0.1,0.02,10,10.0,1.0,False,7,3,5,5,2.517134501057134,1.8839730252225282,2.001672258123742,0.11769923290121387,0.06061572958857541,3.158881664844729,2.0828871076122693,3.3858863567060546,2.1859631616618915,27.0,328.0,39.0,195.0,1,0,False,True,
0.9,0.6,0.8,0.8,0.1,0.1,0.1,0.05,10,10.0,1.0,False,7,3,5,5,2.517134501057134,1.83716175912787,1.9100273475996759,0.07286558847180591,0.037104602268352264,3.158881664844729,1.9876314380220301,3.3858863567060546,1.9945363696126912,27.0,131.0,39.0,78.0,1,0,False,True,
0.9,0.6,0.8,0.8,0.1,0.1,0.1,0.1,10,10.0,1.0,False,7,3,6,4,2.517134501057134,1.7704669778439661,1.8110249577999775,0.0405579799560114,0.02048600568375753,3.158881664844729,1.8593908171420621,3.3387716146112925,1.8320251576796527,27.0,65.0,32.0,49.0,1,1,False,True,
0.9,0.65,0.8,0.8,0.1,0.1,0.01,0.01,10,10.0,1.0,False,7,3,7,3,2.5928373469942754,2.4751728094195067,2.4751728094195067,0.0,0.0,5.196419244284837,2.2869133537485338,5.196419244284837,2.2869133537485338,275.0,656.0,275.0,656.0,1,1,False,True,
0.9,0.65,0.8,0.8,0.1,0.1,0.01,0.02,10,10.0,1.0,False,7,3,7,3,2.5928373469942754,2.456025479406099,2.456025479406099,0.0,0.0,5.196419244284837,2.243541620568002,5.196419244284837,2.243541620568002,275.0,328.0,275.0,328.0,1,1,False,True,
0.9,0.65,0.8,0.8,0.1,0.1,0.01,0.05,10,10.0,1.0,False,7,3,7,3,2.5928373469942754,2.407668453061827,2.407668453061827,0.0,0.0,5.196419244284837,2.137631994085884,5.196419244284837,2.137631994085884,275.0,131.0,275.0,131.0,1,1,False,True,
0.9,0.65,0.8,0.8,0.1,0.1,0.01,0.1,10,10.0,1.0,False,7,3,7,3,2.5928373469942754,2.3386839659058585,2.3386839659058585,0.0,0.0,5.196419244284837,1.995139922323499,5.196419244284837,1.995139922323499,275.0,65.0,275.0,65.0,1,1,False,True,
0.9,0.65,0.8,0.8,0.1,0.1,0.02,0.01,10,10.0,1.0,False,7,3,6,4,2.5928373469942754,2.407062885473822,2.4165017976061813,0.009438912132359256,0.004730610239266597,4.854275473628954,2.2869133537485338,4.614252086036681,2.428689968370644,137.0,656.0,161.0,490.0,1,1,False,True,
0.9,0.65,0.8,0.8,0.1,0.1,0.02,0.02,10,10.0,1.0,False,7,3,7,3,2.5928373469942754,2.3879155554604146,2.3879155554604146,0.0,0.0,4.854275473628954,2.243541620568002,4.854275473628954,2.243541620568002,137.0,328.0,137.0,328.0,1,1,False,True,
0.9,0.65,0.8,0.8,0.1,0.1,0.02,0.05,10,10.0,1.0,False,7,3,7,3,2.5928373469942754,2.3395585291161423,2.3395585291161423,0.0,0.0,4.854275473628954,2.137631994085884,4.854275473628954,2.137631994085884,137.0,131.0,137.0,131.0,1,1,False,True,
0.9,0.65,0.8,0.8,0.1,0.1,0.02,0.1,10,10.0,1.0,False,7,3,7,3,2.5928373469942754,2.2705740419601743,2.2705740419601743,0.0,0.0,4.854275473628954,1.995139922323499,4.854275473628954,1.995139922323499,137.0,65.0,137.0,65.0,1,1,False,True,
0.9,0.65,0.8,0.8,0.1,0.1,0.05,0.01,10,10.0,1.0,False,7,3,6,4,2.5928373469942754,2.2356576201952985,2.2831930160048883,0.047535395809589875,0.024052400739073596,4.089630371671306,2.2869133537485338,4.038369460785317,2.428689968370644,55.0,656.0,64.0,490.0,1,1,False,True,
0.9,0.65,0.8,0.8,0.1,0.1,0.05,0.02,10,10.0,1.0,False,7,3,6,4,2.5928373469942754,2.216510290181891,2.2544126571158976,0.037902366934006615,0.019131896917191294,4.089630371671306,2.243541620568002,4.038369460785317,2.35978767182958,55.0,328.0,64.0,245.0,1,1,False,True,
0.9,0.65,0.8,0.8,0.1,0.1,0.05,0.05,10,10.0,1.0,False,7,3,6,4,2.5928373469942754,2.1681532638376186,2.1820595106965044,0.013906246858885751,0.006977352515544151,4.089630371671306,2.137631994085884,4.038369460785317,2.195080014651407,55.0,131.0,64.0,98.0,1,1,False,True,
0.9,0.65,0.8,0.8,0.1,0.1,0.05,0.1,10,10.0,1.0,False,7,3,7,3,2.5928373469942754,2.0991687766816507,2.0991687766816507,0.0,0.0,4.089630371671306,1.995139922323499,4.089630371671306,1.995139922323499,55.0,65.0,55.0,65.0,1,1,False,True,
0.9,0.65,0.8,0.8,0.1,0.1,0.1,0.01,10,10.0,1.0,False,7,3,5,5,2.5928373469942754,1.9774210893290707,2.137785203084643,0.16036411375557225,0.08348430548995114,3.158881664844729,2.2869133537485338,3.3858863567060546,2.5047012917957865,27.0,656.0,39.0,390.0,1,0,False,True,
0.9,0.65,0.8,0.8,0.1,0.1,0.1,0.02,10,10.0,1.0,False,7,3,5,5,2.5928373469942754,1.958273759315663,2.0987114983769484,0.14043773906128543,0.07274294630697933,3.158881664844729,2.243541620568002,3.3858863567060546,2.4087207029863786,27.0,328.0,39.0,195.0,1,0,False,True,
0.9,0.65,0.8,0.8,0.1,0.1,0.1,0.05,10,10.0,1.0,False,7,3,5,5,2.5928373469942754,1.9099167329713909,2.0006605658230727,0.09074383285168186,0.0464169672049165,3.158881664844729,2.137631994085884,3.3858863567060546,2.18375275787447,27.0,131.0,39.0,78.0,1,0,False,True,
0.9,0.65,0.8,0.8,0.1,0.1,0.1,0.1,10,10.0,1.0,False,7,3,6,4,2.5928373469942754,1.8409322458154227,1.890175750577146,0.049243504761723234,0.02492737085854085,3.158881664844729,1.995139922323499,3.3387716146112925,1.9829245319363624,27.0,65.0,32.0,49.0,1,1,False,True,
0.9,0.7,0.8,0.8,0.1,0.1,0.01,0.01,10,10.0,1.0,False,6,4,6,4,2.671894294145034,2.5609216553502097,2.5609216553502097,0.0,0.0,4.861995160302745,2.663051843889373,4.861995160302745,2.663051843889373,323.0,490.0,323.0,490.0,1,1,False,True,
0.9,0.7,0.8,0.8,0.1,0.1,0.01,0.02,10,10.0,1.0,False,6,4,7,3,2.671894294145034,2.5311247789112574,2.531408023749438,0.0002832448381804298,0.00014163244801844414,4.861995160302745,2.584871762546586,5.196419244284837,2.4192032301806212,323.0,245.0,275.0,328.0,1,1,False,True,
0.9,0.7,0.8,0.8,0.1,0.1,0.01,0.05,10,10.0,1.0,False,6,4,7,3,2.671894294145034,2.456131545506412,2.482112200424533,0.025980654918120738,0.013075068302345269,4.861995160302745,2.3981141677100073,5.196419244284837,2.302838330619689,323.0,98.0,275.0,131.0,1,1,False,True,
0.9,0.7,0.8,0.8,0.1,0.1,0.01,0.1,10,10.0,1.0,False,6,4,7,3,2.671894294145034,2.3505485968756035,2.411696408277976,0.061147811402372465,0.031046087417082077,4.861995160302745,2.1578227266301155,5.196419244284837,2.146259644256038,323.0,49.0,275.0,65.0,1,1,False,True,
0.9,0.7,0.8,0.8,0.1,0.1,0.02,0.01,10,10.0,1.0,False,6,4,6,4,2.671894294145034,2.5086225681605328,2.5086225681605328,0.0,0.0,4.614252086036681,2.663051843889373,4.614252086036681,2.663051843889373,161.0,490.0,161.0,490.0,1,1,False,True,
0.9,0.7,0.8,0.8,0.1,0.1,0.02,0.02,10,10.0,1.0,False,6,4,6,4,2.671894294145034,2.4788256917215805,2.4788256917215805,0.0,0.0,4.614252086036681,2.584871762546586,4.614252086036681,2.584871762546586,161.0,245.0,161.0,245.0,1,1,False,True,
0.9,0.7,0.8,0.8,0.1,0.1,0.02,0.05,10,10.0,1.0,False,6,4,7,3,2.671894294145034,2.403832458316735,2.4140022764788487,0.010169818162113486,0.0050978591719453336,4.614252086036681,2.3981141677100073,4.854275473628954,2.302838330619689,161.0,98.0,137.0,131.0,1,1,False,True,
0.9,0.7,0.8,0.8,0.1,0.1,0.02,0.1,10,10.0,1.0,False,6,4,7,3,2.671894294145034,2.2982495096859266,2.3435864843322913,0.04533697464636477,0.02292736994021268,4.614252086036681,2.1578227266301155,4.854275473628954,2.146259644256038,161.0,49.0,137.0,65.0,1,1,False,True,
0.9,0.7,0.8,0.8,0.1,0.1,0.05,0.01,10,10.0,1.0,False,6,4,5,5,2.671894294145034,2.3753137865592393,2.380285959781329,0.004972173222089538,0.0024891794868848968,4.038369460785317,2.663051843889373,3.886283081743297,2.781061710141828,64.0,490.0,78.0,390.0,1,0,False,True,
0.9,0.7,0.8,0.8,0.1,0.1,0.05,0.02,10,10.0,1.0,False,6,4,6,4,2.671894294145034,2.3455169101202875,2.3455169101202875,0.0,0.0,4.038369460785317,2.584871762546586,4.038369460785317,2.584871762546586,64.0,245.0,64.0,245.0,1,1,False,True,
0.9,0.7,0.8,0.8,0.1,0.1,0.05,0.05,10,10.0,1.0,False,6,4,6,4,2.671894294145034,2.2705236767154418,2.2705236767154418,0.0,0.0,4.038369460785317,2.3981141677100073,4.038369460785317,2.3981141677100073,64.0,98.0,64.0,98.0,1,1,False,True,
0.9,0.7,0.8,0.8,0.1,0.1,0.05,0.1,10,10.0,1.0,False,6,4,7,3,2.671894294145034,2.164940728084633,2.1721812190537677,0.007240490969134594,0.0036268064883438157,4.038369460785317,2.1578227266301155,4.089630371671306,2.146259644256038,64.0,49.0,55.0,65.0,1,1,False,True,
0.9,0.7,0.8,0.8,0.1,0.1,0.1,0.01,10,10.0,1.0,False,6,4,5,5,2.671894294145034,2.185075734154057,2.2424484853665385,0.05737275121248153,0.02910179243271105,3.3387716146112925,2.663051843889373,3.3858863567060546,2.781061710141828,32.0,490.0,39.0,390.0,1,0,False,True,
0.9,0.7,0.8,0.8,0.1,0.1,0.1,0.02,10,10.0,1.0,False,6,4,5,5,2.671894294145034,2.155278857715105,2.2013268608549983,0.0460480031398931,0.02329109984538206,3.3387716146112925,2.584871762546586,3.3858863567060546,2.6690194036537442,32.0,245.0,39.0,195.0,1,0,False,True,
0.9,0.7,0.8,0.8,0.1,0.1,0.1,0.05,10,10.0,1.0,False,6,4,5,5,2.671894294145034,2.0802856243102594,2.097965224874895,0.017679600564635578,0.008878986698422167,3.3387716146112925,2.3981141677100073,3.3858863567060546,2.406923809122425,32.0,98.0,39.0,78.0,1,0,False,True,
0.9,0.7,0.8,0.8,0.1,0.1,0.1,0.1,10,10.0,1.0,False,6,4,6,4,2.671894294145034,1.9747026756794508,1.9747026756794508,0.0,0.0,3.3387716146112925,2.1578227266301155,3.3387716146112925,2.1578227266301155,32.0,49.0,32.0,49.0,1,1,False,True,
0.9,0.75,0.8,0.8,0.1,0.1,0.01,0.01,10,10.0,1.0,False,6,4,6,4,2.76732617149505,2.655690302424299,2.655690302424299,0.0,0.0,4.861995160302745,2.927771115019676,4.861995160302745,2.927771115019676,323.0,490.0,323.0,490.0,1,1,False,True,
0.9,0.75,0.8,0.8,0.1,0.1,0.01,0.02,10,10.0,1.0,False,6,4,6,4,2.76732617149505,2.62538256012191,2.62538256012191,0.0,0.0,4.861995160302745,2.8403681658713906,4.861995160302745,2.8403681658713906,323.0,245.0,323.0,245.0,1,1,False,True,
0.9,0.75,0.8,0.8,0.1,0.1,0.01,0.05,10,10.0,1.0,False,6,4,7,3,2.76732617149505,2.5490143966788974,2.558319670823778,0.009305274144880471,0.00466347739381081,4.861995160302745,2.631530237126082,5.196419244284837,2.4851919233514588,323.0,98.0,275.0,131.0,1,1,False,True,
0.9,0.75,0.8,0.8,0.1,0.1,0.01,0.1,10,10.0,1.0,False,6,4,7,3,2.76732617149505,2.4412658765879516,2.4875598670794936,0.046293990491542036,0.02341696591939739,4.861995160302745,2.362728265669129,5.196419244284837,2.315417659089507,323.0,49.0,275.0,65.0,1,1,False,True,
0.9,0.75,0.8,0.8,0.1,0.1,0.02,0.01,10,10.0,1.0,False,6,4,6,4,2.76732617149505,2.6033912152346215,2.6033912152346215,0.0,0.0,4.614252086036681,2.927771115019676,4.614252086036681,2.927771115019676,161.0,490.0,161.0,490.0,1,1,False,True,
0.9,0.75,0.8,0.8,0.1,0.1,0.02,0.02,10,10.0,1.0,False,6,4,6,4,2.76732617149505,2.573083472932233,2.573083472932233,0.0,0.0,4.614252086036681,2.8403681658713906,4.614252086036681,2.8403681658713906,161.0,245.0,161.0,245.0,1,1,False,True,
0.9,0.75,0.8,0.8,0.1,0.1,0.02,0.05,10,10.0,1.0,False,6,4,6,4,2.76732617149505,2.49671530948922,2.49671530948922,0.0,0.0,4.614252086036681,2.631530237126082,4.614252086036681,2.631530237126082,161.0,98.0,161.0,98.0,1,1,False,True,
0.9,0.75,0.8,0.8,0.1,0.1,0.02,0.1,10,10.0,1.0,False,6,4,7,3,2.76732617149505,2.3889667893982747,2.4194499431338095,0.030483153735534785,0.015358322073370055,4.614252086036681,2.362728265669129,4.854275473628954,2.315417659089507,161.0,49.0,137.0,65.0,1,1,False,True,
0.9,0.75,0.8,0.8,0.1,0.1,0.05,0.01,10,10.0,1.0,False,6,4,5,5,2.76732617149505,2.470082433633328,2.4900005216517713,0.019918088018443303,0.010008800325953355,4.038369460785317,2.927771115019676,3.886283081743297,3.103552201046044,64.0,490.0,78.0,390.0,1,0,False,True,
0.9,0.75,0.8,0.8,0.1,0.1,0.05,0.02,10,10.0,1.0,False,6,4,5,5,2.76732617149505,2.43977469133094,2.4475241907422403,0.00774949941130032,0.00388226625340238,4.038369460785317,2.8403681658713906,3.886283081743297,2.9744852412561658,64.0,245.0,78.0,195.0,1,0,False,True,
0.9,0.75,0.8,0.8,0.1,0.1,0.05,0.05,10,10.0,1.0,False,6,4,6,4,2.76732617149505,2.3634065278879266,2.3634065278879266,0.0,0.0,4.038369460785317,2.631530237126082,4.038369460785317,2.631530237126082,64.0,98.0,64.0,98.0,1,1,False,True,
0.9,0.75,0.8,0.8,0.1,0.1,0.05,0.1,10,10.0,1.0,False,6,4,6,4,2.76732617149505,2.2556580077969812,2.2556580077969812,0.0,0.0,4.038369460785317,2.362728265669129,4.038369460785317,2.362728265669129,64.0,49.0,64.0,49.0,1,1,False,True,
0.9,0.75,0.8,0.8,0.1,0.1,0.1,0.01,10,10.0,1.0,False,6,4,5,5,2.76732617149505,2.2798443812281457,2.3521630472369806,0.07231866600883485,0.03682103314098517,3.3387716146112925,2.927771115019676,3.3858863567060546,3.103552201046044,32.0,490.0,39.0,390.0,1,0,False,True,
0.9,0.75,0.8,0.8,0.1,0.1,0.1,0.02,10,10.0,1.0,False,6,4,5,5,2.76732617149505,2.2495366389257576,2.309686716327449,0.060150077401691426,0.030531860824242977,3.3387716146112925,2.8403681658713906,3.3858863567060546,2.9744852412561658,32.0,245.0,39.0,195.0,1,0,False,True,
0.9,0.75,0.8,0.8,0.1,0.1,0.1,0.05,10,10.0,1.0,False,6,4,5,5,2.76732617149505,2.1731684754827443,2.202736063024589,0.02956758754184463,0.014893614572018984,3.3387716146112925,2.631530237126082,3.3858863567060546,2.6727832429704486,32.0,98.0,39.0,78.0,1,0,False,True,
0.9,0.75,0.8,0.8,0.1,0.1,0.1,0.1,10,10.0,1.0,False,6,4,6,4,2.76732617149505,2.065419955391799,2.065419955391799,0.0,0.0,3.3387716146112925,2.362728265669129,3.3387716146112925,2.362728265669129,32.0,49.0,32.0,49.0,1,1,False,True,
0.9,0.8,0.8,0.8,0.1,0.1,0.01,0.01,10,10.0,1.0,False,6,4,6,4,2.8643455172435255,2.7529782955444455,2.7529782955444455,0.0,0.0,4.861995160302745,3.226924172825632,4.861995160302745,3.226924172825632,323.0,490.0,323.0,490.0,1,1,False,True,
0.9,0.8,0.8,0.8,0.1,0.1,0.01,0.02,10,10.0,1.0,False,6,4,6,4,2.8643455172435255,2.722844409611194,2.722844409611194,0.0,0.0,4.861995160302745,3.1311349076343618,4.861995160302745,3.1311349076343618,323.0,245.0,323.0,245.0,1,1,False,True,
0.9,0.8,0.8,0.8,0.1,0.1,0.01,0.05,10,10.0,1.0,False,6,4,6,4,2.8643455172435255,2.646825093444749,2.646825093444749,0.0,0.0,4.861995160302745,2.9019305226049745,4.861995160302745,2.9019305226049745,323.0,98.0,323.0,98.0,1,1,False,True,
0.9,0.8,0.8,0.8,0.1,0.1,0.01,0.1,10,10.0,1.0,False,6,4,7,3,2.8643455172435255,2.5393538963660696,2.566764886928681,0.027410990562611648,0.013799846130713243,4.861995160302745,2.6062307381127434,5.196419244284837,2.506268780242371,323.0,49.0,275.0,65.0,1,1,False,True,
0.9,0.8,0.8,0.8,0.1,0.1,0.02,0.01,10,10.0,1.0,False,6,4,5,5,2.8643455172435255,2.700679208354768,2.7015923913456144,0.0009131829908461953,0.0004566957491864675,4.614252086036681,3.226924172825632,4.2815178349715834,3.480878868359752,161.0,490.0,195.0,390.0,1,0,False,True,
0.9,0.8,0.8,0.8,0.1,0.1,0.02,0.02,10,10.0,1.0,False,6,4,6,4,2.8643455172435255,2.6705453224215168,2.6705453224215168,0.0,0.0,4.614252086036681,3.1311349076343618,4.614252086036681,3.1311349076343618,161.0,245.0,161.0,245.0,1,1,False,True,
0.9,0.8,0.8,0.8,0.1,0.1,0.02,0.05,10,10.0,1.0,False,6,4,6,4,2.8643455172435255,2.594526006255072,2.594526006255072,0.0,0.0,4.614252086036681,2.9019305226049745,4.614252086036681,2.9019305226049745,161.0,98.0,161.0,98.0,1,1,False,True,
0.9,0.8,0.8,0.8,0.1,0.1,0.02,0.1,10,10.0,1.0,False,6,4,7,3,2.8643455172435255,2.487054809176392,2.4986549629829966,0.011600153806604396,0.005816929916513826,4.614252086036681,2.6062307381127434,4.854275473628954,2.506268780242371,161.0,49.0,137.0,65.0,1,1,False,True,
0.9,0.8,0.8,0.8,0.1,0.1,0.05,0.01,10,10.0,1.0,False,6,4,5,5,2.8643455172435255,2.5673704267534747,2.60473800514558,0.03736757839210547,0.018859423317175945,4.038369460785317,3.226924172825632,3.886283081743297,3.480878868359752,64.0,490.0,78.0,390.0,1,0,False,True,
0.9,0.8,0.8,0.8,0.1,0.1,0.05,0.02,10,10.0,1.0,False,6,4,5,5,2.8643455172435255,2.5372365408202238,2.5619290539030786,0.024692513082854806,0.012422786193989444,4.038369460785317,3.1311349076343618,3.886283081743297,3.3350106042181746,64.0,245.0,78.0,195.0,1,0,False,True,
0.9,0.8,0.8,0.8,0.1,0.1,0.05,0.05,10,10.0,1.0,False,6,4,6,4,2.8643455172435255,2.4612172246537787,2.4612172246537787,0.0,0.0,4.038369460785317,2.9019305226049745,4.038369460785317,2.9019305226049745,64.0,98.0,64.0,98.0,1,1,False,True,
0.9,0.8,0.8,0.8,0.1,0.1,0.05,0.1,10,10.0,1.0,False,6,4,6,4,2.8643455172435255,2.3537460275750988,2.3537460275750988,0.0,0.0,4.038369460785317,2.6062307381127434,4.038369460785317,2.6062307381127434,64.0,49.0,64.0,49.0,1,1,False,True,
0.9,0.8,0.8,0.8,0.1,0.1,0.1,0.01,10,10.0,1.0,False,6,4,4,6,2.8643455172435255,2.3771323743482924,2.481284118828591,0.10415174448029862,0.0534556675226746,3.3387716146112925,3.226924172825632,3.2696339054170633,3.6568645346110387,32.0,490.0,49.0,323.0,1,-1,True,True,
0.9,0.8,0.8,0.8,0.1,0.1,0.1,0.02,10,10.0,1.0,False,6,4,5,5,2.8643455172435255,2.3469984884150414,2.424091579488288,0.07709309107324636,0.03929910196660053,3.3387716146112925,3.1311349076343618,3.3858863567060546,3.3350106042181746,32.0,245.0,39.0,195.0,1,0,False,True,
0.9,0.8,0.8,0.8,0.1,0.1,0.1,0.05,10,10.0,1.0,False,6,4,5,5,2.8643455172435255,2.2709791722485964,2.316121619999878,0.04514244775128162,0.022827881336008413,3.3387716146112925,2.9019305226049745,3.3858863567060546,2.993687483287125,32.0,98.0,39.0,78.0,1,0,False,True,
0.9,0.8,0.8,0.8,0.1,0.1,0.1,0.1,10,10.0,1.0,False,6,4,6,4,2.8643455172435255,2.1635079751699164,2.1635079751699164,0.0,0.0,3.3387716146112925,2.6062307381127434,3.3387716146112925,2.6062307381127434,32.0,49.0,32.0,49.0,1,1,False,True,
0.9,0.85,0.8,0.8,0.1,0.1,0.01,0.01,10,10.0,1.0,False,5,5,5,5,2.968163044503509,2.8597548316766863,2.8597548316766863,0.0,0.0,4.448643192666796,3.924173212366584,4.448643192666796,3.924173212366584,390.0,390.0,390.0,390.0,0,0,False,True,
0.9,0.85,0.8,0.8,0.1,0.1,0.01,0.02,10,10.0,1.0,False,5,5,6,4,2.968163044503509,2.8180996769261495,2.823738429689044,0.0056387527628944945,0.0028233545608204774,4.448643192666796,3.7640689045682483,4.861995160302745,3.4635343259762843,390.0,195.0,323.0,245.0,0,1,False,True,
0.9,0.85,0.8,0.8,0.1,0.1,0.01,0.05,10,10.0,1.0,False,5,5,6,4,2.968163044503509,2.7128769497426823,2.750434085578431,0.03755713583574849,0.018955994087388538,4.448643192666796,3.3881288270519745,4.861995160302745,3.2187246352810948,390.0,78.0,323.0,98.0,0,1,False,True,
0.9,0.85,0.8,0.8,0.1,0.1,0.01,0.1,10,10.0,1.0,False,5,5,7,3,2.968163044503509,2.563330857334066,2.6501242602683863,0.08679340293432025,0.044352108699312484,4.448643192666796,2.917513487614054,5.196419244284837,2.7241446222537964,390.0,39.0,275.0,65.0,0,1,False,True,
0.9,0.85,0.8,0.8,0.1,0.1,0.02,0.01,10,10.0,1.0,False,5,5,5,5,2.968163044503509,2.8214632635794348,2.8214632635794348,0.0,0.0,4.2815178349715834,3.924173212366584,4.2815178349715834,3.924173212366584,195.0,390.0,195.0,390.0,0,0,False,True,
0.9,0.85,0.8,0.8,0.1,0.1,0.02,0.02,10,10.0,1.0,False,5,5,5,5,2.968163044503509,2.779808108828898,2.779808108828898,0.0,0.0,4.2815178349715834,3.7640689045682483,4.2815178349715834,3.7640689045682483,195.0,195.0,195.0,195.0,0,0,False,True,
0.9,0.85,0.8,0.8,0.1,0.1,0.02,0.05,10,10.0,1.0,False,5,5,6,4,2.968163044503509,2.6745853816454304,2.698134998388754,0.023549616743323565,0.011844404319161138,4.2815178349715834,3.3881288270519745,4.614252086036681,3.2187246352810948,195.0,78.0,161.0,98.0,0,1,False,True,
0.9,0.85,0.8,0.8,0.1,0.1,0.02,0.1,10,10.0,1.0,False,5,5,6,4,2.968163044503509,2.5250392892368145,2.594318747409318,0.06927945817250336,0.035246672341965844,4.2815178349715834,2.917513487614054,4.614252086036681,2.9013291341580922,195.0,39.0,161.0,49.0,0,1,False,True,
0.9,0.85,0.8,0.8,0.1,0.1,0.05,0.01,10,10.0,1.0,False,5,5,5,5,2.968163044503509,2.724608877379401,2.724608877379401,0.0,0.0,3.886283081743297,3.924173212366584,3.886283081743297,3.924173212366584,78.0,390.0,78.0,390.0,0,0,False,True,
0.9,0.85,0.8,0.8,0.1,0.1,0.05,0.02,10,10.0,1.0,False,5,5,5,5,2.968163044503509,2.682953722628864,2.682953722628864,0.0,0.0,3.886283081743297,3.7640689045682483,3.886283081743297,3.7640689045682483,78.0,195.0,78.0,195.0,0,0,False,True,
0.9,0.85,0.8,0.8,0.1,0.1,0.05,0.05,10,10.0,1.0,False,5,5,5,5,2.968163044503509,2.577730995445396,2.577730995445396,0.0,0.0,3.886283081743297,3.3881288270519745,3.886283081743297,3.3881288270519745,78.0,78.0,78.0,78.0,0,0,False,True,
0.9,0.85,0.8,0.8,0.1,0.1,0.05,0.1,10,10.0,1.0,False,5,5,6,4,2.968163044503509,2.4281849030367804,2.461009965808025,0.03282506277124453,0.016547956856025982,3.886283081743297,2.917513487614054,4.038369460785317,2.9013291341580922,78.0,39.0,64.0,49.0,0,1,False,True,
0.9,0.85,0.8,0.8,0.1,0.1,0.1,0.01,10,10.0,1.0,False,5,5,4,6,2.968163044503509,2.58677140296461,2.6190768682390946,0.032305465274484746,0.01628389327234617,3.3858863567060546,3.924173212366584,3.2696339054170633,4.197121130424473,39.0,390.0,49.0,323.0,0,-1,False,True,
0.9,0.85,0.8,0.8,0.1,0.1,0.1,0.02,10,10.0,1.0,False,5,5,4,6,2.968163044503509,2.545116248214073,2.562605028858701,0.017488780644627777,0.00878273418644967,3.3858863567060546,3.7640689045682483,3.2696339054170633,3.966670214048744,39.0,195.0,49.0,161.0,0,-1,False,True,
0.9,0.85,0.8,0.8,0.1,0.1,0.1,0.05,10,10.0,1.0,False,5,5,5,5,2.968163044503509,2.439893521030606,2.439893521030606,0.0,0.0,3.3858863567060546,3.3881288270519745,3.3858863567060546,3.3881288270519745,39.0,78.0,39.0,78.0,0,0,False,True,
0.9,0.85,0.8,0.8,0.1,0.1,0.1,0.1,10,10.0,1.0,False,5,5,5,5,2.968163044503509,2.2903474286219896,2.2903474286219896,0.0,0.0,3.3858863567060546,2.917513487614054,3.3858863567060546,2.917513487614054,39.0,39.0,39.0,39.0,0,0,False,True,
0.9,0.9,0.8,0.8,0.1,0.1,0.01,0.01,10,10.0,1.0,False,5,5,5,5,3.088983683185526,2.985198298324436,2.985198298324436,0.0,0.0,4.448643192666796,4.448643192666796,4.448643192666796,4.448643192666796,390.0,390.0,390.0,390.0,0,0,False,True,
0.9,0.9,0.8,0.8,0.1,0.1,0.01,0.02,10,10.0,1.0,False,5,5,5,5,3.088983683185526,2.946906730227184,2.946906730227184,0.0,0.0,4.448643192666796,4.2815178349715834,4.448643192666796,4.2815178349715834,390.0,195.0,390.0,195.0,0,0,False,True,
0.9,0.9,0.8,0.8,0.1,0.1,0.01,0.05,10,10.0,1.0,False,5,5,6,4,3.088983683185526,2.85005234402715,2.861447846907114,0.011395502879963715,0.005714014498668381,4.448643192666796,3.886283081743297,4.861995160302745,3.596636008179777,390.0,78.0,323.0,98.0,0,1,False,True,
0.9,0.9,0.8,0.8,0.1,0.1,0.01,0.1,10,10.0,1.0,False,5,5,6,4,3.088983683185526,2.7122148696123594,2.7661269035923146,0.053912033979955254,0.027322617028833377,4.448643192666796,3.3858863567060546,4.861995160302745,3.2696339054170633,390.0,39.0,323.0,49.0,0,1,False,True,
0.9,0.9,0.8,0.8,0.1,0.1,0.02,0.01,10,10.0,1.0,False,5,5,5,5,3.088983683185526,2.946906730227184,2.946906730227184,0.0,0.0,4.2815178349715834,4.448643192666796,4.2815178349715834,4.448643192666796,195.0,390.0,195.0,390.0,0,0,False,True,
0.9,0.9,0.8,0.8,0.1,0.1,0.02,0.02,10,10.0,1.0,False,5,5,5,5,3.088983683185526,2.9086151621299323,2.9086151621299323,0.0,0.0,4.2815178349715834,4.2815178349715834,4.2815178349715834,4.2815178349715834,195.0,195.0,195.0,195.0,0,0,False,True,
0.9,0.9,0.8,0.8,0.1,0.1,0.02,0.05,10,10.0,1.0,False,5,5,5,5,3.088983683185526,2.8117607759298986,2.8117607759298986,0.0,0.0,4.2815178349715834,3.886283081743297,4.2815178349715834,3.886283081743297,195.0,78.0,195.0,78.0,0,0,False,True,
0.9,0.9,0.8,0.8,0.1,0.1,0.02,0.1,10,10.0,1.0,False,5,5,6,4,3.088983683185526,2.6739233015151074,2.7138278164026373,0.039904514887529885,0.020152634169588814,4.2815178349715834,3.3858863567060546,4.614252086036681,3.2696339054170633,195.0,39.0,161.0,49.0,0,1,False,True,
0.9,0.9,0.8,0.8,0.1,0.1,0.05,0.01,10,10.0,1.0,False,5,5,4,6,3.088983683185526,2.85005234402715,2.861447846907114,0.011395502879963715,0.005714014498668381,3.886283081743297,4.448643192666796,3.596636008179777,4.861995160302745,78.0,390.0,98.0,323.0,0,-1,False,True,
0.9,0.9,0.8,0.8,0.1,0.1,0.05,0.02,10,10.0,1.0,False,5,5,5,5,3.088983683185526,2.8117607759298986,2.8117607759298986,0.0,0.0,3.886283081743297,4.2815178349715834,3.886283081743297,4.2815178349715834,78.0,195.0,78.0,195.0,0,0,False,True,
0.9,0.9,0.8,0.8,0.1,0.1,0.05,0.05,10,10.0,1.0,False,5,5,5,5,3.088983683185526,2.7149063897298644,2.7149063897298644,0.0,0.0,3.886283081743297,3.886283081743297,3.886283081743297,3.886283081743297,78.0,78.0,78.0,78.0,0,0,False,True,
0.9,0.9,0.8,0.8,0.1,0.1,0.05,0.1,10,10.0,1.0,False,5,5,6,4,3.088983683185526,2.5770689153150736,2.580519034801344,0.0034501194862701645,0.0017265485146439616,3.886283081743297,3.3858863567060546,4.038369460785317,3.2696339054170633,78.0,39.0,64.0,49.0,0,1,False,True,
0.9,0.9,0.8,0.8,0.1,0.1,0.1,0.01,10,10.0,1.0,False,5,5,4,6,3.088983683185526,2.7122148696123594,2.7661269035923146,0.053912033979955254,0.027322617028833377,3.3858863567060546,4.448643192666796,3.2696339054170633,4.861995160302745,39.0,390.0,49.0,323.0,0,-1,False,True,
0.9,0.9,0.8,0.8,0.1,0.1,0.1,0.02,10,10.0,1.0,False,5,5,4,6,3.088983683185526,2.6739233015151074,2.7138278164026373,0.039904514887529885,0.020152634169588814,3.3858863567060546,4.2815178349715834,3.2696339054170633,4.614252086036681,39.0,195.0,49.0,161.0,0,-1,False,True,
0.9,0.9,0.8,0.8,0.1,0.1,0.1,0.05,10,10.0,1.0,False,5,5,4,6,3.088983683185526,2.5770689153150736,2.580519034801344,0.0034501194862701645,0.0017265485146439616,3.3858863567060546,3.886283081743297,3.2696339054170633,4.038369460785317,39.0,78.0,49.0,64.0,0,-1,False,True,
0.9,0.9,0.8,0.8,0.1,0.1,0.1,0.1,10,10.0,1.0,False,5,5,5,5,3.088983683185526,2.439231440900283,2.439231440900283,0.0,0.0,3.3858863567060546,3.3858863567060546,3.3858863567060546,3.3858863567060546,39.0,39.0,39.0,39.0,0,0,False,True,
0.9,0.95,0.8,0.8,0.1,0.1,0.01,0.01,10,10.0,1.0,False,5,5,5,5,3.211851844941231,3.117585902438891,3.117585902438891,0.0,0.0,4.448643192666796,5.078351765213726,4.448643192666796,5.078351765213726,390.0,390.0,390.0,390.0,0,0,False,True,
0.9,0.95,0.8,0.8,0.1,0.1,0.01,0.02,10,10.0,1.0,False,5,5,5,5,3.211851844941231,3.0862812429323476,3.0862812429323476,0.0,0.0,4.448643192666796,4.921838274602846,4.448643192666796,4.921838274602846,390.0,195.0,390.0,195.0,0,0,False,True,
0.9,0.95,0.8,0.8,0.1,0.1,0.01,0.05,10,10.0,1.0,False,5,5,5,5,3.211851844941231,3.007012482812626,3.007012482812626,0.0,0.0,4.448643192666796,4.546752917311303,4.448643192666796,4.546752917311303,390.0,78.0,390.0,78.0,0,0,False,True,
0.9,0.95,0.8,0.8,0.1,0.1,0.01,0.1,10,10.0,1.0,False,5,5,6,4,3.211851844941231,2.894185393408608,2.904504395396673,0.010319001988064791,0.005172834140217093,4.448643192666796,4.061637608946565,4.861995160302745,3.7548769495396512,390.0,39.0,323.0,49.0,0,1,False,True,
0.9,0.95,0.8,0.8,0.1,0.1,0.02,0.01,10,10.0,1.0,False,5,5,4,6,3.211851844941231,3.0792943343416397,3.087260850392277,0.007966516050637473,0.00399120174135511,4.2815178349715834,5.078351765213726,3.8466649381659983,5.697652952540657,195.0,390.0,245.0,323.0,0,-1,False,True,
0.9,0.95,0.8,0.8,0.1,0.1,0.02,0.02,10,10.0,1.0,False,5,5,5,5,3.211851844941231,3.0479896748350956,3.0479896748350956,0.0,0.0,4.2815178349715834,4.921838274602846,4.2815178349715834,4.921838274602846,195.0,195.0,195.0,195.0,0,0,False,True,
0.9,0.95,0.8,0.8,0.1,0.1,0.02,0.05,10,10.0,1.0,False,5,5,5,5,3.211851844941231,2.968720914715374,2.968720914715374,0.0,0.0,4.2815178349715834,4.546752917311303,4.2815178349715834,4.546752917311303,195.0,78.0,195.0,78.0,0,0,False,True,
0.9,0.95,0.8,0.8,0.1,0.1,0.02,0.1,10,10.0,1.0,False,5,5,5,5,3.211851844941231,2.855893825311356,2.855893825311356,0.0,0.0,4.2815178349715834,4.061637608946565,4.2815178349715834,4.061637608946565,195.0,39.0,195.0,39.0,0,0,False,True,
0.9,0.95,0.8,0.8,0.1,0.1,0.05,0.01,10,10.0,1.0,False,5,5,4,6,3.211851844941231,2.9824399481416055,3.020053293757318,0.03761334561571239,0.018984632135931528,3.886283081743297,5.078351765213726,3.596636008179777,5.697652952540657,78.0,390.0,98.0,323.0,0,-1,False,True,
0.9,0.95,0.8,0.8,0.1,0.1,0.05,0.02,10,10.0,1.0,False,5,5,4,6,3.211851844941231,2.951135288635062,2.977527649715981,0.026392361080918914,0.013283634393093617,3.886283081743297,4.921838274602846,3.596636008179777,5.460436236114227,78.0,195.0,98.0,161.0,0,-1,False,True,
0.9,0.95,0.8,0.8,0.1,0.1,0.05,0.05,10,10.0,1.0,False,5,5,5,5,3.211851844941231,2.8718665285153397,2.8718665285153397,0.0,0.0,3.886283081743297,4.546752917311303,3.886283081743297,4.546752917311303,78.0,78.0,78.0,78.0,0,0,False,True,
0.9,0.95,0.8,0.8,0.1,0.1,0.05,0.1,10,10.0,1.0,False,5,5,5,5,3.211851844941231,2.7590394391113224,2.7590394391113224,0.0,0.0,3.886283081743297,4.061637608946565,3.886283081743297,4.061637608946565,78.0,39.0,78.0,39.0,0,0,False,True,
0.9,0.95,0.8,0.8,0.1,0.1,0.1,0.01,10,10.0,1.0,False,5,5,4,6,3.211851844941231,2.8446024737268147,2.9247323504425187,0.08012987671570393,0.040878364929490894,3.3858863567060546,5.078351765213726,3.2696339054170633,5.697652952540657,39.0,390.0,49.0,323.0,0,-1,False,True,
0.9,0.95,0.8,0.8,0.1,0.1,0.1,0.02,10,10.0,1.0,False,5,5,4,6,3.211851844941231,2.813297814220271,2.8822067064011816,0.06890889218091045,0.03505487650592824,3.3858863567060546,4.921838274602846,3.2696339054170633,5.460436236114227,39.0,195.0,49.0,161.0,0,-1,False,True,
0.9,0.95,0.8,0.8,0.1,0.1,0.1,0.05,10,10.0,1.0,False,5,5,4,6,3.211851844941231,2.7340290541005494,2.7737366424992773,0.0397075883987279,0.020052191576477207,3.3858863567060546,4.546752917311303,3.2696339054170633,4.899134806320443,39.0,78.0,49.0,64.0,0,-1,False,True,
0.9,0.95,0.8,0.8,0.1,0.1,0.1,0.1,10,10.0,1.0,False,5,5,5,5,3.211851844941231,2.6212019646965317,2.6212019646965317,0.0,0.0,3.3858863567060546,4.061637608946565,3.3858863567060546,4.061637608946565,39.0,39.0,39.0,39.0,0,0,False,True,
0.95,0.5,0.8,0.8,0.1,0.1,0.01,0.01,10,10.0,1.0,False,8,2,8,2,2.5604214805144654,2.4534864691321903,2.4534864691321903,0.0,0.0,6.734807714100592,1.7266743370879267,6.734807714100592,1.7266743370879267,240.0,990.0,240.0,990.0,1,1,False,True,
0.95,0.5,0.8,0.8,0.1,0.1,0.01,0.02,10,10.0,1.0,False,8,2,8,2,2.5604214805144654,2.443587613336835,2.443587613336835,0.0,0.0,6.734807714100592,1.709666554491941,6.734807714100592,1.709666554491941,240.0,495.0,240.0,495.0,1,1,False,True,
0.95,0.5,0.8,0.8,0.1,0.1,0.01,0.05,10,10.0,1.0,False,8,2,8,2,2.5604214805144654,2.4186088498272293,2.4186088498272293,0.0,0.0,6.734807714100592,1.6674901481218236,6.734807714100592,1.6674901481218236,240.0,198.0,240.0,198.0,1,1,False,True,
0.95,0.5,0.8,0.8,0.1,0.1,0.01,0.1,10,10.0,1.0,False,8,2,8,2,2.5604214805144654,2.3833817385201694,2.3833817385201694,0.0,0.0,6.734807714100592,1.6097718796681106,6.734807714100592,1.6097718796681106,240.0,99.0,240.0,99.0,1,1,False,True,
0.95,0.5,0.8,0.8,0.1,0.1,0.02,0.01,10,10.0,1.0,False,8,2,8,2,2.5604214805144654,2.384349772460708,2.384349772460708,0.0,0.0,6.284916538872575,1.7266743370879267,6.284916538872575,1.7266743370879267,120.0,990.0,120.0,990.0,1,1,False,True,
0.95,0.5,0.8,0.8,0.1,0.1,0.02,0.02,10,10.0,1.0,False,8,2,8,2,2.5604214805144654,2.374450916665353,2.374450916665353,0.0,0.0,6.284916538872575,1.709666554491941,6.284916538872575,1.709666554491941,120.0,495.0,120.0,495.0,1,1,False,True,
0.95,0.5,0.8,0.8,0.1,0.1,0.02,0.05,10,10.0,1.0,False,8,2,8,2,2.5604214805144654,2.349472153155747,2.349472153155747,0.0,0.0,6.284916538872575,1.6674901481218236,6.284916538872575,1.6674901481218236,120.0,198.0,120.0,198.0,1,1,False,True,
0.95,0.5,0.8,0.8,0.1,0.1,0.02,0.1,10,10.0,1.0,False,8,2,8,2,2.5604214805144654,2.3142450418486873,2.3142450418486873,0.0,0.0,6.284916538872575,1.6097718796681106,6.284916538872575,1.6097718796681106,120.0,99.0,120.0,99.0,1,1,False,True,
0.95,0.5,0.8,0.8,0.1,0.1,0.05,0.01,10,10.0,1.0,False,8,2,7,3,2.5604214805144654,2.202337021621344,2.243641390587366,0.041304368966021965,0.020866916526009194,5.2390480485192175,1.7266743370879267,5.144249444221367,1.8326479946114869,47.0,990.0,55.0,656.0,1,1,False,True,
0.95,0.5,0.8,0.8,0.1,0.1,0.05,0.02,10,10.0,1.0,False,8,2,7,3,2.5604214805144654,2.1924381658259886,2.2268282449777224,0.034390079151733755,0.017343725265085715,5.2390480485192175,1.709666554491941,5.144249444221367,1.8020929995922343,47.0,495.0,55.0,328.0,1,1,False,True,
0.95,0.5,0.8,0.8,0.1,0.1,0.05,0.05,10,10.0,1.0,False,8,2,7,3,2.5604214805144654,2.1674594023163825,2.184445554769605,0.016986152453222658,0.008529244719919447,5.2390480485192175,1.6674901481218236,5.144249444221367,1.7273113674434641,47.0,198.0,55.0,131.0,1,1,False,True,
0.95,0.5,0.8,0.8,0.1,0.1,0.05,0.1,10,10.0,1.0,False,8,2,8,2,2.5604214805144654,2.1322322910093225,2.1322322910093225,0.0,0.0,5.2390480485192175,1.6097718796681106,5.2390480485192175,1.6097718796681106,47.0,99.0,47.0,99.0,1,1,False,True,
0.95,0.5,0.8,0.8,0.1,0.1,0.1,0.01,10,10.0,1.0,False,8,2,6,4,2.5604214805144654,1.9292561229427698,2.0634156235061734,0.13415950056340353,0.0693807581907145,3.987079121289875,1.7266743370879267,4.198022847681387,1.8753624728775729,23.0,990.0,32.0,490.0,1,1,False,True,
0.95,0.5,0.8,0.8,0.1,0.1,0.1,0.02,10,10.0,1.0,False,8,2,6,4,2.5604214805144654,1.9193572671474146,2.039485680935511,0.12012841378809647,0.06190472596077103,3.987079121289875,1.709666554491941,4.198022847681387,1.831017854797355,23.0,495.0,32.0,245.0,1,1,False,True,
0.95,0.5,0.8,0.8,0.1,0.1,0.1,0.05,10,10.0,1.0,False,8,2,6,4,2.5604214805144654,1.894378503637809,1.9794955264751732,0.08511702283736433,0.04347710991355952,3.987079121289875,1.6674901481218236,4.198022847681387,1.7244046536184965,23.0,198.0,32.0,98.0,1,1,False,True,
0.95,0.5,0.8,0.8,0.1,0.1,0.1,0.1,10,10.0,1.0,False,8,2,7,3,2.5604214805144654,1.8591513923307488,1.9158033524066758,0.05665196007592699,0.028730975531809595,3.987079121289875,1.6097718796681106,4.176545118535746,1.6263186673401444,23.0,99.0,27.0,65.0,1,1,False,True,
0.95,0.55,0.8,0.8,0.1,0.1,0.01,0.01,10,10.0,1.0,False,8,2,7,3,2.6173417707671476,2.5099470090008866,2.5108541000948237,0.0009070910939370513,0.0004536484143011989,6.734807714100592,1.8269679773465926,6.249074400628283,1.97076293260724,240.0,990.0,275.0,656.0,1,1,False,True,
0.95,0.55,0.8,0.8,0.1,0.1,0.01,0.02,10,10.0,1.0,False,8,2,8,2,2.6173417707671476,2.4997068329836165,2.4997068329836165,0.0,0.0,6.734807714100592,1.808354966582144,6.734807714100592,1.808354966582144,240.0,495.0,240.0,495.0,1,1,False,True,
0.95,0.55,0.8,0.8,0.1,0.1,0.01,0.05,10,10.0,1.0,False,8,2,8,2,2.6173417707671476,2.47385835827881,2.47385835827881,0.0,0.0,6.734807714100592,1.7622106976763166,6.734807714100592,1.7622106976763166,240.0,198.0,240.0,198.0,1,1,False,True,
0.95,0.55,0.8,0.8,0.1,0.1,0.01,0.1,10,10.0,1.0,False,8,2,8,2,2.6173417707671476,2.437383274680948,2.437383274680948,0.0,0.0,6.734807714100592,1.6990920420484805,6.734807714100592,1.6990920420484805,240.0,99.0,240.0,99.0,1,1,False,True,
0.95,0.55,0.8,0.8,0.1,0.1,0.02,0.01,10,10.0,1.0,False,8,2,7,3,2.6173417707671476,2.4408103123294045,2.455520906282925,0.01471059395352059,0.007382413616443876,6.284916538872575,1.8269679773465926,5.912685710116605,1.97076293260724,120.0,990.0,137.0,656.0,1,1,False,True,
0.95,0.55,0.8,0.8,0.1,0.1,0.02,0.02,10,10.0,1.0,False,8,2,7,3,2.6173417707671476,2.4305701363121344,2.437764881290849,0.007194744978714418,0.0036038507997399705,6.284916538872575,1.808354966582144,5.912685710116605,1.9360788536599576,120.0,495.0,137.0,328.0,1,1,False,True,
0.95,0.55,0.8,0.8,0.1,0.1,0.02,0.05,10,10.0,1.0,False,8,2,8,2,2.6173417707671476,2.404721661607328,2.404721661607328,0.0,0.0,6.284916538872575,1.7622106976763166,6.284916538872575,1.7622106976763166,120.0,198.0,120.0,198.0,1,1,False,True,
0.95,0.55,0.8,0.8,0.1,0.1,0.02,0.1,10,10.0,1.0,False,8,2,8,2,2.6173417707671476,2.3682465780094657,2.3682465780094657,0.0,0.0,6.284916538872575,1.6990920420484805,6.284916538872575,1.6990920420484805,120.0,99.0,120.0,99.0,1,1,False,True,
0.95,0.55,0.8,0.8,0.1,0.1,0.05,0.01,10,10.0,1.0,False,8,2,7,3,2.6173417707671476,2.25879756149004,2.3163002212398593,0.05750265974981916,0.029168639157990856,5.2390480485192175,1.8269679773465926,5.144249444221367,1.97076293260724,47.0,990.0,55.0,656.0,1,1,False,True,
0.95,0.55,0.8,0.8,0.1,0.1,0.05,0.02,10,10.0,1.0,False,8,2,7,3,2.6173417707671476,2.24855738547277,2.298544196247783,0.04998681077501299,0.025308358990820123,5.2390480485192175,1.808354966582144,5.144249444221367,1.9360788536599576,47.0,495.0,55.0,328.0,1,1,False,True,
0.95,0.55,0.8,0.8,0.1,0.1,0.05,0.05,10,10.0,1.0,False,8,2,7,3,2.6173417707671476,2.222708910767963,2.2537595758616122,0.031050665093649066,0.015646476644350833,5.2390480485192175,1.7622106976763166,5.144249444221367,1.8512851948836204,47.0,198.0,55.0,131.0,1,1,False,True,
0.95,0.55,0.8,0.8,0.1,0.1,0.05,0.1,10,10.0,1.0,False,8,2,7,3,2.6173417707671476,2.186233827170101,2.1900285357491116,0.0037947085790106527,0.0018991554050932754,5.2390480485192175,1.6990920420484805,5.144249444221367,1.7369818839896627,47.0,99.0,55.0,65.0,1,1,False,True,
0.95,0.55,0.8,0.8,0.1,0.1,0.1,0.01,10,10.0,1.0,False,8,2,6,4,2.6173417707671476,1.9857166628114662,2.1464242943582557,0.16070763154678946,0.08367041954058571,3.987079121289875,1.8269679773465926,4.198022847681387,2.037677401286632,23.0,990.0,32.0,490.0,1,1,False,True,
0.95,0.55,0.8,0.8,0.1,0.1,0.1,0.02,10,10.0,1.0,False,8,2,6,4,2.6173417707671476,1.975476486794196,2.120675462113095,0.14519897531889914,0.07529977982708504,3.987079121289875,1.808354966582144,4.198022847681387,1.9858793195918247,23.0,495.0,32.0,245.0,1,1,False,True,
0.95,0.55,0.8,0.8,0.1,0.1,0.1,0.05,10,10.0,1.0,False,8,2,6,4,2.6173417707671476,1.9496280120893896,2.056072991648758,0.10644497955936849,0.05466427103875774,3.987079121289875,1.7622106976763166,4.198022847681387,1.8616428075064262,23.0,198.0,32.0,98.0,1,1,False,True,
0.95,0.55,0.8,0.8,0.1,0.1,0.1,0.1,10,10.0,1.0,False,8,2,7,3,2.6173417707671476,1.9131529284915274,1.981633435831602,0.06848050734007449,0.03483319933829607,3.987079121289875,1.6990920420484805,4.176545118535746,1.7369818839896627,23.0,99.0,27.0,65.0,1,1,False,True,
0.95,0.6,0.8,0.8,0.1,0.1,0.01,0.01,10,10.0,1.0,False,7,3,7,3,2.684299904463173,2.584736216823499,2.584736216823499,0.0,0.0,6.249074400628283,2.121880788858512,6.249074400628283,2.121880788858512,275.0,656.0,275.0,656.0,1,1,False,True,
0.95,0.6,0.8,0.8,0.1,0.1,0.01,0.02,10,10.0,1.0,False,7,3,7,3,2.684299904463173,2.5661883206740446,2.5661883206740446,0.0,0.0,6.249074400628283,2.0828871076122693,6.249074400628283,2.0828871076122693,275.0,328.0,275.0,328.0,1,1,False,True,
0.95,0.6,0.8,0.8,0.1,0.1,0.01,0.05,10,10.0,1.0,False,7,3,8,2,2.684299904463173,2.5193770545793863,2.5290136108059706,0.009636556226584325,0.004829904681126265,6.249074400628283,1.9876314380220301,6.734807714100592,1.862136252629108,275.0,131.0,240.0,198.0,1,1,False,True,
0.95,0.6,0.8,0.8,0.1,0.1,0.01,0.1,10,10.0,1.0,False,7,3,8,2,2.684299904463173,2.4526822732954825,2.491591477486571,0.03890920419108834,0.019645076060171844,6.249074400628283,1.8593908171420621,6.734807714100592,1.793738910624985,275.0,65.0,240.0,99.0,1,1,False,True,
0.95,0.6,0.8,0.8,0.1,0.1,0.02,0.01,10,10.0,1.0,False,7,3,7,3,2.684299904463173,2.5294030230116005,2.5294030230116005,0.0,0.0,5.912685710116605,2.121880788858512,5.912685710116605,2.121880788858512,137.0,656.0,137.0,656.0,1,1,False,True,
0.95,0.6,0.8,0.8,0.1,0.1,0.02,0.02,10,10.0,1.0,False,7,3,7,3,2.684299904463173,2.510855126862146,2.510855126862146,0.0,0.0,5.912685710116605,2.0828871076122693,5.912685710116605,2.0828871076122693,137.0,328.0,137.0,328.0,1,1,False,True,
0.95,0.6,0.8,0.8,0.1,0.1,0.02,0.05,10,10.0,1.0,False,7,3,7,3,2.684299904463173,2.4640438607674877,2.4640438607674877,0.0,0.0,5.912685710116605,1.9876314380220301,5.912685710116605,1.9876314380220301,137.0,131.0,137.0,131.0,1,1,False,True,
0.95,0.6,0.8,0.8,0.1,0.1,0.02,0.1,10,10.0,1.0,False,7,3,8,2,2.684299904463173,2.397349079483584,2.4224547808150887,0.025105701331504804,0.012631968400113205,5.912685710116605,1.8593908171420621,6.284916538872575,1.793738910624985,137.0,65.0,120.0,99.0,1,1,False,True,
0.95,0.6,0.8,0.8,0.1,0.1,0.05,0.01,10,10.0,1.0,False,7,3,7,3,2.684299904463173,2.3901823379685347,2.3901823379685347,0.0,0.0,5.144249444221367,2.121880788858512,5.144249444221367,2.121880788858512,55.0,656.0,55.0,656.0,1,1,False,True,
0.95,0.6,0.8,0.8,0.1,0.1,0.05,0.02,10,10.0,1.0,False,7,3,7,3,2.684299904463173,2.3716344418190802,2.3716344418190802,0.0,0.0,5.144249444221367,2.0828871076122693,5.144249444221367,2.0828871076122693,55.0,328.0,55.0,328.0,1,1,False,True,
0.95,0.6,0.8,0.8,0.1,0.1,0.05,0.05,10,10.0,1.0,False,7,3,7,3,2.684299904463173,2.324823175724422,2.324823175724422,0.0,0.0,5.144249444221367,1.9876314380220301,5.144249444221367,1.9876314380220301,55.0,131.0,55.0,131.0,1,1,False,True,
0.95,0.6,0.8,0.8,0.1,0.1,0.05,0.1,10,10.0,1.0,False,7,3,7,3,2.684299904463173,2.258128394440518,2.258128394440518,0.0,0.0,5.144249444221367,1.8593908171420621,5.144249444221367,1.8593908171420621,55.0,65.0,55.0,65.0,1,1,False,True,
0.95,0.6,0.8,0.8,0.1,0.1,0.1,0.01,10,10.0,1.0,False,7,3,6,4,2.684299904463173,2.181787238051025,2.2326761234599233,0.05088888540889824,0.02577091562940912,4.176545118535746,2.121880788858512,4.198022847681387,2.2212330276574193,27.0,656.0,32.0,490.0,1,1,False,True,
0.95,0.6,0.8,0.8,0.1,0.1,0.1,0.02,10,10.0,1.0,False,7,3,6,4,2.684299904463173,2.163239341901571,2.2052812514875444,0.042041909585973425,0.02124345135842676,4.176545118535746,2.0828871076122693,4.198022847681387,2.161208568311209,27.0,328.0,32.0,245.0,1,1,False,True,
0.95,0.6,0.8,0.8,0.1,0.1,0.1,0.05,10,10.0,1.0,False,7,3,6,4,2.684299904463173,2.1164280758069127,2.1364837620176442,0.020055686210731505,0.010078290408913409,4.176545118535746,1.9876314380220301,4.198022847681387,2.0175221461307475,27.0,131.0,32.0,98.0,1,1,False,True,
0.95,0.6,0.8,0.8,0.1,0.1,0.1,0.1,10,10.0,1.0,False,7,3,7,3,2.684299904463173,2.0497332945230085,2.0497332945230085,0.0,0.0,4.176545118535746,1.8593908171420621,4.176545118535746,1.8593908171420621,27.0,65.0,27.0,65.0,1,1,False,True,
0.95,0.65,0.8,0.8,0.1,0.1,0.01,0.01,10,10.0,1.0,False,7,3,7,3,2.7600027504003153,2.659636384780587,2.659636384780587,0.0,0.0,6.249074400628283,2.2869133537485338,6.249074400628283,2.2869133537485338,275.0,656.0,275.0,656.0,1,1,False,True,
0.95,0.65,0.8,0.8,0.1,0.1,0.01,0.02,10,10.0,1.0,False,7,3,7,3,2.7600027504003153,2.6404890547671793,2.6404890547671793,0.0,0.0,6.249074400628283,2.243541620568002,6.249074400628283,2.243541620568002,275.0,328.0,275.0,328.0,1,1,False,True,
0.95,0.65,0.8,0.8,0.1,0.1,0.01,0.05,10,10.0,1.0,False,7,3,7,3,2.7600027504003153,2.592132028422907,2.592132028422907,0.0,0.0,6.249074400628283,2.137631994085884,6.249074400628283,2.137631994085884,275.0,131.0,275.0,131.0,1,1,False,True,
0.95,0.65,0.8,0.8,0.1,0.1,0.01,0.1,10,10.0,1.0,False,7,3,8,2,2.7600027504003153,2.523147541266939,2.5460243740135975,0.022876832746658415,0.011504085201513808,6.249074400628283,1.995139922323499,6.734807714100592,1.8940835651989134,275.0,65.0,240.0,99.0,1,1,False,True,
0.95,0.65,0.8,0.8,0.1,0.1,0.02,0.01,10,10.0,1.0,False,7,3,7,3,2.7600027504003153,2.6043031909686887,2.6043031909686887,0.0,0.0,5.912685710116605,2.2869133537485338,5.912685710116605,2.2869133537485338,137.0,656.0,137.0,656.0,1,1,False,True,
0.95,0.65,0.8,0.8,0.1,0.1,0.02,0.02,10,10.0,1.0,False,7,3,7,3,2.7600027504003153,2.5851558609552807,2.5851558609552807,0.0,0.0,5.912685710116605,2.243541620568002,5.912685710116605,2.243541620568002,137.0,328.0,137.0,328.0,1,1,False,True,
0.95,0.65,0.8,0.8,0.1,0.1,0.02,0.05,10,10.0,1.0,False,7,3,7,3,2.7600027504003153,2.536798834611009,2.536798834611009,0.0,0.0,5.912685710116605,2.137631994085884,5.912685710116605,2.137631994085884,137.0,131.0,137.0,131.0,1,1,False,True,
0.95,0.65,0.8,0.8,0.1,0.1,0.02,0.1,10,10.0,1.0,False,7,3,8,2,2.7600027504003153,2.4678143474550405,2.4768876773421153,0.009073329887074877,0.004546971187373538,5.912685710116605,1.995139922323499,6.284916538872575,1.8940835651989134,137.0,65.0,120.0,99.0,1,1,False,True,
0.95,0.65,0.8,0.8,0.1,0.1,0.05,0.01,10,10.0,1.0,False,7,3,6,4,2.7600027504003153,2.465082505925623,2.476410623702822,0.011328117777198887,0.005680129998389709,5.144249444221367,2.2869133537485338,4.899134806320443,2.428689968370644,55.0,656.0,64.0,490.0,1,1,False,True,
0.95,0.65,0.8,0.8,0.1,0.1,0.05,0.02,10,10.0,1.0,False,7,3,6,4,2.7600027504003153,2.445935175912215,2.447630264813831,0.0016950889016160708,0.0008479037180972465,5.144249444221367,2.243541620568002,4.899134806320443,2.35978767182958,55.0,328.0,64.0,245.0,1,1,False,True,
0.95,0.65,0.8,0.8,0.1,0.1,0.05,0.05,10,10.0,1.0,False,7,3,7,3,2.7600027504003153,2.397578149567943,2.397578149567943,0.0,0.0,5.144249444221367,2.137631994085884,5.144249444221367,2.137631994085884,55.0,131.0,55.0,131.0,1,1,False,True,
0.95,0.65,0.8,0.8,0.1,0.1,0.05,0.1,10,10.0,1.0,False,7,3,7,3,2.7600027504003153,2.3285936624119747,2.3285936624119747,0.0,0.0,5.144249444221367,1.995139922323499,5.144249444221367,1.995139922323499,55.0,65.0,55.0,65.0,1,1,False,True,
0.95,0.65,0.8,0.8,0.1,0.1,0.1,0.01,10,10.0,1.0,False,7,3,6,4,2.7600027504003153,2.2566874060081132,2.321965668214713,0.06527826220659971,0.033177630288193746,4.176545118535746,2.2869133537485338,4.198022847681387,2.428689968370644,27.0,656.0,32.0,490.0,1,1,False,True,
0.95,0.65,0.8,0.8,0.1,0.1,0.1,0.02,10,10.0,1.0,False,7,3,6,4,2.7600027504003153,2.2375400759947057,2.293185309325722,0.05564523333101645,0.028213280343945445,4.176545118535746,2.243541620568002,4.198022847681387,2.35978767182958,27.0,328.0,32.0,245.0,1,1,False,True,
0.95,0.65,0.8,0.8,0.1,0.1,0.1,0.05,10,10.0,1.0,False,7,3,6,4,2.7600027504003153,2.1891830496504334,2.220832162906329,0.03164911325589559,0.015950428000585597,4.176545118535746,2.137631994085884,4.198022847681387,2.195080014651407,27.0,131.0,32.0,98.0,1,1,False,True,
0.95,0.65,0.8,0.8,0.1,0.1,0.1,0.1,10,10.0,1.0,False,7,3,7,3,2.7600027504003153,2.120198562494465,2.120198562494465,0.0,0.0,4.176545118535746,1.995139922323499,4.176545118535746,1.995139922323499,27.0,65.0,27.0,65.0,1,1,False,True,
0.95,0.7,0.8,0.8,0.1,0.1,0.01,0.01,10,10.0,1.0,False,7,3,7,3,2.836215946489015,2.7353765728401447,2.7353765728401447,0.0,0.0,6.249074400628283,2.466852917925528,6.249074400628283,2.466852917925528,275.0,656.0,275.0,656.0,1,1,False,True,
0.95,0.7,0.8,0.8,0.1,0.1,0.01,0.02,10,10.0,1.0,False,7,3,7,3,2.836215946489015,2.715871599110518,2.715871599110518,0.0,0.0,6.249074400628283,2.4192032301806212,6.249074400628283,2.4192032301806212,275.0,328.0,275.0,328.0,1,1,False,True,
0.95,0.7,0.8,0.8,0.1,0.1,0.01,0.05,10,10.0,1.0,False,7,3,7,3,2.836215946489015,2.6665757757856134,2.6665757757856134,0.0,0.0,6.249074400628283,2.302838330619689,6.249074400628283,2.302838330619689,275.0,131.0,275.0,131.0,1,1,False,True,
0.95,0.7,0.8,0.8,0.1,0.1,0.01,0.1,10,10.0,1.0,False,7,3,8,2,2.836215946489015,2.596159983639056,2.6007408546634236,0.00458087102436755,0.002293060563389085,6.249074400628283,2.146259644256038,6.734807714100592,2.0006089224650676,275.0,65.0,240.0,99.0,1,1,False,True,
0.95,0.7,0.8,0.8,0.1,0.1,0.02,0.01,10,10.0,1.0,False,7,3,7,3,2.836215946489015,2.680043379028246,2.680043379028246,0.0,0.0,5.912685710116605,2.466852917925528,5.912685710116605,2.466852917925528,137.0,656.0,137.0,656.0,1,1,False,True,
0.95,0.7,0.8,0.8,0.1,0.1,0.02,0.02,10,10.0,1.0,False,7,3,7,3,2.836215946489015,2.6605384052986194,2.6605384052986194,0.0,0.0,5.912685710116605,2.4192032301806212,5.912685710116605,2.4192032301806212,137.0,328.0,137.0,328.0,1,1,False,True,
0.95,0.7,0.8,0.8,0.1,0.1,0.02,0.05,10,10.0,1.0,False,7,3,7,3,2.836215946489015,2.611242581973715,2.611242581973715,0.0,0.0,5.912685710116605,2.302838330619689,5.912685710116605,2.302838330619689,137.0,131.0,137.0,131.0,1,1,False,True,
0.95,0.7,0.8,0.8,0.1,0.1,0.02,0.1,10,10.0,1.0,False,7,3,7,3,2.836215946489015,2.5408267898271575,2.5408267898271575,0.0,0.0,5.912685710116605,2.146259644256038,5.912685710116605,2.146259644256038,137.0,65.0,137.0,65.0,1,1,False,True,
0.95,0.7,0.8,0.8,0.1,0.1,0.05,0.01,10,10.0,1.0,False,7,3,6,4,2.836215946489015,2.5408226939851803,2.568531394257173,0.02770870027199246,0.013950766391822283,5.144249444221367,2.466852917925528,4.899134806320443,2.663051843889373,55.0,656.0,64.0,490.0,1,1,False,True,
0.95,0.7,0.8,0.8,0.1,0.1,0.05,0.02,10,10.0,1.0,False,7,3,6,4,2.836215946489015,2.5213177202555537,2.538734517818221,0.01741679756266734,0.008746427194708273,5.144249444221367,2.4192032301806212,4.899134806320443,2.584871762546586,55.0,328.0,64.0,245.0,1,1,False,True,
0.95,0.7,0.8,0.8,0.1,0.1,0.05,0.05,10,10.0,1.0,False,7,3,7,3,2.836215946489015,2.472021896930649,2.472021896930649,0.0,0.0,5.144249444221367,2.302838330619689,5.144249444221367,2.302838330619689,55.0,131.0,55.0,131.0,1,1,False,True,
0.95,0.7,0.8,0.8,0.1,0.1,0.05,0.1,10,10.0,1.0,False,7,3,7,3,2.836215946489015,2.4016061047840918,2.4016061047840918,0.0,0.0,5.144249444221367,2.146259644256038,5.144249444221367,2.146259644256038,55.0,65.0,55.0,65.0,1,1,False,True,
0.95,0.7,0.8,0.8,0.1,0.1,0.1,0.01,10,10.0,1.0,False,7,3,5,5,2.836215946489015,2.332427594067671,2.4244190091627873,0.09199141509511621,0.04706991644947126,4.176545118535746,2.466852917925528,4.061637608946565,2.781061710141828,27.0,656.0,39.0,390.0,1,0,False,True,
0.95,0.7,0.8,0.8,0.1,0.1,0.1,0.02,10,10.0,1.0,False,7,3,6,4,2.836215946489015,2.3129226203380444,2.384289562330112,0.07136694199206772,0.03632776677449042,4.176545118535746,2.4192032301806212,4.198022847681387,2.584871762546586,27.0,328.0,32.0,245.0,1,1,False,True,
0.95,0.7,0.8,0.8,0.1,0.1,0.1,0.05,10,10.0,1.0,False,7,3,6,4,2.836215946489015,2.2636267970131394,2.3092963289252664,0.04566953191212697,0.023097475046853357,4.176545118535746,2.302838330619689,4.198022847681387,2.3981141677100073,27.0,131.0,32.0,98.0,1,1,False,True,
0.95,0.7,0.8,0.8,0.1,0.1,0.1,0.1,10,10.0,1.0,False,7,3,6,4,2.836215946489015,2.1932110048665825,2.2037133802944577,0.010502375427875243,0.005264999365416278,4.176545118535746,2.146259644256038,4.198022847681387,2.1578227266301155,27.0,65.0,32.0,49.0,1,1,False,True,
0.95,0.75,0.8,0.8,0.1,0.1,0.01,0.01,10,10.0,1.0,False,7,3,6,4,2.9127144660333193,2.811814174855522,2.814295749274503,0.002481574418980781,0.0012415573044150493,6.249074400628283,2.6628069691679808,5.697652952540657,2.927771115019676,275.0,656.0,323.0,490.0,1,1,False,True,
0.95,0.75,0.8,0.8,0.1,0.1,0.01,0.02,10,10.0,1.0,False,7,3,7,3,2.9127144660333193,2.7922545107821906,2.7922545107821906,0.0,0.0,6.249074400628283,2.6112294234624,6.249074400628283,2.6112294234624,275.0,328.0,275.0,328.0,1,1,False,True,
0.95,0.75,0.8,0.8,0.1,0.1,0.01,0.05,10,10.0,1.0,False,7,3,7,3,2.9127144660333193,2.742783246184858,2.742783246184858,0.0,0.0,6.249074400628283,2.4851919233514588,6.249074400628283,2.4851919233514588,275.0,131.0,275.0,131.0,1,1,False,True,
0.95,0.75,0.8,0.8,0.1,0.1,0.01,0.1,10,10.0,1.0,False,7,3,7,3,2.9127144660333193,2.672023442440574,2.672023442440574,0.0,0.0,6.249074400628283,2.315417659089507,6.249074400628283,2.315417659089507,275.0,65.0,275.0,65.0,1,1,False,True,
0.95,0.75,0.8,0.8,0.1,0.1,0.02,0.01,10,10.0,1.0,False,7,3,6,4,2.9127144660333193,2.756480981043623,2.771770105233166,0.015289124189542758,0.007673856359278438,5.912685710116605,2.6628069691679808,5.460436236114227,2.927771115019676,137.0,656.0,161.0,490.0,1,1,False,True,
0.95,0.75,0.8,0.8,0.1,0.1,0.02,0.02,10,10.0,1.0,False,7,3,6,4,2.9127144660333193,2.7369213169702924,2.7414623629307773,0.00454104596048488,0.002273102569513793,5.912685710116605,2.6112294234624,5.460436236114227,2.8403681658713906,137.0,328.0,161.0,245.0,1,1,False,True,
0.95,0.75,0.8,0.8,0.1,0.1,0.02,0.05,10,10.0,1.0,False,7,3,7,3,2.9127144660333193,2.6874500523729594,2.6874500523729594,0.0,0.0,5.912685710116605,2.4851919233514588,5.912685710116605,2.4851919233514588,137.0,131.0,137.0,131.0,1,1,False,True,
0.95,0.75,0.8,0.8,0.1,0.1,0.02,0.1,10,10.0,1.0,False,7,3,7,3,2.9127144660333193,2.6166902486286756,2.6166902486286756,0.0,0.0,5.912685710116605,2.315417659089507,5.912685710116605,2.315417659089507,137.0,65.0,137.0,65.0,1,1,False,True,
0.95,0.75,0.8,0.8,0.1,0.1,0.05,0.01,10,10.0,1.0,False,7,3,6,4,2.9127144660333193,2.6172602960005573,2.6633000413312615,0.04603974533070421,0.023286874782780898,5.144249444221367,2.6628069691679808,4.899134806320443,2.927771115019676,55.0,656.0,64.0,490.0,1,1,False,True,
0.95,0.75,0.8,0.8,0.1,0.1,0.05,0.02,10,10.0,1.0,False,7,3,6,4,2.9127144660333193,2.5977006319272267,2.6329922990288734,0.03529166710164677,0.01780244107228791,5.144249444221367,2.6112294234624,4.899134806320443,2.8403681658713906,55.0,328.0,64.0,245.0,1,1,False,True,
0.95,0.75,0.8,0.8,0.1,0.1,0.05,0.05,10,10.0,1.0,False,7,3,6,4,2.9127144660333193,2.5482293673298937,2.55662413558586,0.008394768255966412,0.004206205482628498,5.144249444221367,2.4851919233514588,4.899134806320443,2.631530237126082,55.0,131.0,64.0,98.0,1,1,False,True,
0.95,0.75,0.8,0.8,0.1,0.1,0.05,0.1,10,10.0,1.0,False,7,3,7,3,2.9127144660333193,2.47746956358561,2.47746956358561,0.0,0.0,5.144249444221367,2.315417659089507,5.144249444221367,2.315417659089507,55.0,65.0,55.0,65.0,1,1,False,True,
0.95,0.75,0.8,0.8,0.1,0.1,0.1,0.01,10,10.0,1.0,False,7,3,5,5,2.9127144660333193,2.408865196083048,2.5341335710332293,0.12526837495018128,0.06463731032577011,4.176545118535746,2.6628069691679808,4.061637608946565,3.103552201046044,27.0,656.0,39.0,390.0,1,0,False,True,
0.95,0.75,0.8,0.8,0.1,0.1,0.1,0.02,10,10.0,1.0,False,7,3,5,5,2.9127144660333193,2.389305532009717,2.491657240123698,0.10235170811398087,0.05250796480556376,4.176545118535746,2.6112294234624,4.061637608946565,2.9744852412561658,27.0,328.0,39.0,195.0,1,0,False,True,
0.95,0.75,0.8,0.8,0.1,0.1,0.1,0.05,10,10.0,1.0,False,7,3,6,4,2.9127144660333193,2.3398342674123844,2.402179180097751,0.06234491268536679,0.03166340544373897,4.176545118535746,2.4851919233514588,4.198022847681387,2.631530237126082,27.0,131.0,32.0,98.0,1,1,False,True,
0.95,0.75,0.8,0.8,0.1,0.1,0.1,0.1,10,10.0,1.0,False,7,3,6,4,2.9127144660333193,2.2690744636681,2.294430660006806,0.025356196338705672,0.012758805969099944,4.176545118535746,2.315417659089507,4.198022847681387,2.362728265669129,27.0,65.0,32.0,49.0,1,1,False,True,
0.95,0.8,0.8,0.8,0.1,0.1,0.01,0.01,10,10.0,1.0,False,6,4,6,4,3.0097035644036128,2.9115837423946496,2.9115837423946496,0.0,0.0,5.697652952540657,3.226924172825632,5.697652952540657,3.226924172825632,323.0,490.0,323.0,490.0,1,1,False,True,
0.95,0.8,0.8,0.8,0.1,0.1,0.01,0.02,10,10.0,1.0,False,6,4,6,4,3.0097035644036128,2.8814498564613986,2.8814498564613986,0.0,0.0,5.697652952540657,3.1311349076343618,5.697652952540657,3.1311349076343618,323.0,245.0,323.0,245.0,1,1,False,True,
0.95,0.8,0.8,0.8,0.1,0.1,0.01,0.05,10,10.0,1.0,False,6,4,7,3,3.0097035644036128,2.805430540294953,2.820944798767351,0.015514258472397735,0.007787293709319344,5.697652952540657,2.9019305226049745,6.249074400628283,2.6872313935850793,323.0,98.0,275.0,131.0,1,1,False,True,
0.95,0.8,0.8,0.8,0.1,0.1,0.01,0.1,10,10.0,1.0,False,6,4,7,3,3.0097035644036128,2.6979593432162736,2.7512284622897614,0.05326911907348775,0.02699242959016374,5.697652952540657,2.6062307381127434,6.249074400628283,2.506268780242371,323.0,49.0,275.0,65.0,1,1,False,True,
0.95,0.8,0.8,0.8,0.1,0.1,0.02,0.01,10,10.0,1.0,False,6,4,6,4,3.0097035644036128,2.8690580983533125,2.8690580983533125,0.0,0.0,5.460436236114227,3.226924172825632,5.460436236114227,3.226924172825632,161.0,490.0,161.0,490.0,1,1,False,True,
0.95,0.8,0.8,0.8,0.1,0.1,0.02,0.02,10,10.0,1.0,False,6,4,6,4,3.0097035644036128,2.8389242124200615,2.8389242124200615,0.0,0.0,5.460436236114227,3.1311349076343618,5.460436236114227,3.1311349076343618,161.0,245.0,161.0,245.0,1,1,False,True,
0.95,0.8,0.8,0.8,0.1,0.1,0.02,0.05,10,10.0,1.0,False,6,4,7,3,3.0097035644036128,2.762904896253616,2.7656116049554518,0.0027067087018357583,0.0013542705481840213,5.460436236114227,2.9019305226049745,5.912685710116605,2.6872313935850793,161.0,98.0,137.0,131.0,1,1,False,True,
0.95,0.8,0.8,0.8,0.1,0.1,0.02,0.1,10,10.0,1.0,False,6,4,7,3,3.0097035644036128,2.6554336991749365,2.6958952684778628,0.040461569302926215,0.020436814008281314,5.460436236114227,2.6062307381127434,5.912685710116605,2.506268780242371,161.0,49.0,137.0,65.0,1,1,False,True,
0.95,0.8,0.8,0.8,0.1,0.1,0.05,0.01,10,10.0,1.0,False,6,4,5,5,3.0097035644036128,2.760588034451408,2.761698143931056,0.0011101094796477362,0.0005552088112106678,4.899134806320443,3.226924172825632,4.546752917311303,3.480878868359752,64.0,490.0,78.0,390.0,1,0,False,True,
0.95,0.8,0.8,0.8,0.1,0.1,0.05,0.02,10,10.0,1.0,False,6,4,6,4,3.0097035644036128,2.7304541485181573,2.7304541485181573,0.0,0.0,4.899134806320443,3.1311349076343618,4.899134806320443,3.1311349076343618,64.0,245.0,64.0,245.0,1,1,False,True,
0.95,0.8,0.8,0.8,0.1,0.1,0.05,0.05,10,10.0,1.0,False,6,4,6,4,3.0097035644036128,2.654434832351712,2.654434832351712,0.0,0.0,4.899134806320443,2.9019305226049745,4.899134806320443,2.9019305226049745,64.0,98.0,64.0,98.0,1,1,False,True,
0.95,0.8,0.8,0.8,0.1,0.1,0.05,0.1,10,10.0,1.0,False,6,4,7,3,3.0097035644036128,2.5469636352730323,2.556674583434797,0.009710948161764765,0.0048672809968142725,4.899134806320443,2.6062307381127434,5.144249444221367,2.506268780242371,64.0,49.0,55.0,65.0,1,1,False,True,
0.95,0.8,0.8,0.8,0.1,0.1,0.1,0.01,10,10.0,1.0,False,6,4,5,5,3.0097035644036128,2.6061430789632993,2.6488710545270386,0.04272797556373931,0.02159383164448594,4.198022847681387,3.226924172825632,4.061637608946565,3.480878868359752,32.0,490.0,39.0,390.0,1,0,False,True,
0.95,0.8,0.8,0.8,0.1,0.1,0.1,0.02,10,10.0,1.0,False,6,4,5,5,3.0097035644036128,2.5760091930300484,2.6060621032845366,0.030052910254488197,0.015139919916239164,4.198022847681387,3.1311349076343618,4.061637608946565,3.3350106042181746,32.0,245.0,39.0,195.0,1,0,False,True,
0.95,0.8,0.8,0.8,0.1,0.1,0.1,0.05,10,10.0,1.0,False,6,4,6,4,3.0097035644036128,2.4999898768636033,2.4999898768636033,0.0,0.0,4.198022847681387,2.9019305226049745,4.198022847681387,2.9019305226049745,32.0,98.0,32.0,98.0,1,1,False,True,
0.95,0.8,0.8,0.8,0.1,0.1,0.1,0.1,10,10.0,1.0,False,6,4,6,4,3.0097035644036128,2.3925186797849234,2.3925186797849234,0.0,0.0,4.198022847681387,2.6062307381127434,4.198022847681387,2.6062307381127434,32.0,49.0,32.0,49.0,1,1,False,True,
0.95,0.85,0.8,0.8,0.1,0.1,0.01,0.01,10,10.0,1.0,False,6,4,6,4,3.1079493865310095,3.011368072716599,3.011368072716599,0.0,0.0,5.697652952540657,3.565533690210629,5.697652952540657,3.565533690210629,323.0,490.0,323.0,490.0,1,1,False,True,
0.95,0.85,0.8,0.8,0.1,0.1,0.01,0.02,10,10.0,1.0,False,6,4,6,4,3.1079493865310095,2.982343876539248,2.982343876539248,0.0,0.0,5.697652952540657,3.4635343259762843,5.697652952540657,3.4635343259762843,323.0,245.0,323.0,245.0,1,1,False,True,
0.95,0.85,0.8,0.8,0.1,0.1,0.01,0.05,10,10.0,1.0,False,6,4,6,4,3.1079493865310095,2.9090395324286353,2.9090395324286353,0.0,0.0,5.697652952540657,3.2187246352810948,5.697652952540657,3.2187246352810948,323.0,98.0,323.0,98.0,1,1,False,True,
0.95,0.85,0.8,0.8,0.1,0.1,0.01,0.1,10,10.0,1.0,False,6,4,7,3,3.1079493865310095,2.8052232814491997,2.8345878356294665,0.029364554180266733,0.014790591170299103,5.697652952540657,2.9013291341580922,6.249074400628283,2.7241446222537964,323.0,49.0,275.0,65.0,1,1,False,True,
0.95,0.85,0.8,0.8,0.1,0.1,0.02,0.01,10,10.0,1.0,False,6,4,6,4,3.1079493865310095,2.968842428675262,2.968842428675262,0.0,0.0,5.460436236114227,3.565533690210629,5.460436236114227,3.565533690210629,161.0,490.0,161.0,490.0,1,1,False,True,
0.95,0.85,0.8,0.8,0.1,0.1,0.02,0.02,10,10.0,1.0,False,6,4,6,4,3.1079493865310095,2.939818232497911,2.939818232497911,0.0,0.0,5.460436236114227,3.4635343259762843,5.460436236114227,3.4635343259762843,161.0,245.0,161.0,245.0,1,1,False,True,
0.95,0.85,0.8,0.8,0.1,0.1,0.02,0.05,10,10.0,1.0,False,6,4,6,4,3.1079493865310095,2.8665138883872983,2.8665138883872983,0.0,0.0,5.460436236114227,3.2187246352810948,5.460436236114227,3.2187246352810948,161.0,98.0,161.0,98.0,1,1,False,True,
0.95,0.85,0.8,0.8,0.1,0.1,0.02,0.1,10,10.0,1.0,False,6,4,7,3,3.1079493865310095,2.7626976374078627,2.779254641817568,0.0165570044097052,0.00831286375951527,5.460436236114227,2.9013291341580922,5.912685710116605,2.7241446222537964,161.0,49.0,137.0,65.0,1,1,False,True,
0.95,0.85,0.8,0.8,0.1,0.1,0.05,0.01,10,10.0,1.0,False,6,4,5,5,3.1079493865310095,2.8603723647733577,2.8815690161648764,0.021196651391518717,0.010654686884971237,4.899134806320443,3.565533690210629,4.546752917311303,3.924173212366584,64.0,490.0,78.0,390.0,1,0,False,True,
0.95,0.85,0.8,0.8,0.1,0.1,0.05,0.02,10,10.0,1.0,False,6,4,5,5,3.1079493865310095,2.8313481685960067,2.839913861414339,0.008565692818332415,0.004292030903093041,4.899134806320443,3.4635343259762843,4.546752917311303,3.7640689045682483,64.0,245.0,78.0,195.0,1,0,False,True,
0.95,0.85,0.8,0.8,0.1,0.1,0.05,0.05,10,10.0,1.0,False,6,4,6,4,3.1079493865310095,2.7580438244853944,2.7580438244853944,0.0,0.0,4.899134806320443,3.2187246352810948,4.899134806320443,3.2187246352810948,64.0,98.0,64.0,98.0,1,1,False,True,
0.95,0.85,0.8,0.8,0.1,0.1,0.05,0.1,10,10.0,1.0,False,6,4,6,4,3.1079493865310095,2.6542275735059584,2.6542275735059584,0.0,0.0,4.899134806320443,2.9013291341580922,4.899134806320443,2.9013291341580922,64.0,49.0,64.0,49.0,1,1,False,True,
0.95,0.85,0.8,0.8,0.1,0.1,0.1,0.01,10,10.0,1.0,False,6,4,5,5,3.1079493865310095,2.7059274092852488,2.7687419267608586,0.06281451747560984,0.03190567092344078,4.198022847681387,3.565533690210629,4.061637608946565,3.924173212366584,32.0,490.0,39.0,390.0,1,0,False,True,
0.95,0.85,0.8,0.8,0.1,0.1,0.1,0.02,10,10.0,1.0,False,6,4,5,5,3.1079493865310095,2.676903213107898,2.727086772010322,0.050183558902423986,0.02540922770199643,4.198022847681387,3.4635343259762843,4.061637608946565,3.7640689045682483,32.0,245.0,39.0,195.0,1,0,False,True,
0.95,0.85,0.8,0.8,0.1,0.1,0.1,0.05,10,10.0,1.0,False,6,4,5,5,3.1079493865310095,2.6035988689972855,2.6218640448268546,0.018265175829569102,0.009174417235476344,4.198022847681387,3.2187246352810948,4.061637608946565,3.3881288270519745,32.0,98.0,39.0,78.0,1,0,False,True,
0.95,0.85,0.8,0.8,0.1,0.1,0.1,0.1,10,10.0,1.0,False,6,4,6,4,3.1079493865310095,2.4997826180178495,2.4997826180178495,0.0,0.0,4.198022847681387,2.9013291341580922,4.198022847681387,2.9013291341580922,32.0,49.0,32.0,49.0,1,1,False,True,
0.95,0.9,0.8,0.8,0.1,0.1,0.01,0.01,10,10.0,1.0,False,5,5,5,5,3.211851844941231,3.117585902438891,3.117585902438891,0.0,0.0,5.078351765213726,4.448643192666796,5.078351765213726,4.448643192666796,390.0,390.0,390.0,390.0,0,0,False,True,
0.95,0.9,0.8,0.8,0.1,0.1,0.01,0.02,10,10.0,1.0,False,5,5,6,4,3.211851844941231,3.0792943343416397,3.087260850392277,0.007966516050637473,0.00399120174135511,5.078351765213726,4.2815178349715834,5.697652952540657,3.8466649381659983,390.0,195.0,323.0,245.0,0,1,False,True,
0.95,0.9,0.8,0.8,0.1,0.1,0.01,0.05,10,10.0,1.0,False,5,5,6,4,3.211851844941231,2.9824399481416055,3.020053293757318,0.03761334561571239,0.018984632135931528,5.078351765213726,3.886283081743297,5.697652952540657,3.596636008179777,390.0,78.0,323.0,98.0,0,1,False,True,
0.95,0.9,0.8,0.8,0.1,0.1,0.01,0.1,10,10.0,1.0,False,5,5,6,4,3.211851844941231,2.8446024737268147,2.9247323504425187,0.08012987671570393,0.040878364929490894,5.078351765213726,3.3858863567060546,5.697652952540657,3.2696339054170633,390.0,39.0,323.0,49.0,0,1,False,True,
0.95,0.9,0.8,0.8,0.1,0.1,0.02,0.01,10,10.0,1.0,False,5,5,5,5,3.211851844941231,3.0862812429323476,3.0862812429323476,0.0,0.0,4.921838274602846,4.448643192666796,4.921838274602846,4.448643192666796,195.0,390.0,195.0,390.0,0,0,False,True,
0.95,0.9,0.8,0.8,0.1,0.1,0.02,0.02,10,10.0,1.0,False,5,5,5,5,3.211851844941231,3.0479896748350956,3.0479896748350956,0.0,0.0,4.921838274602846,4.2815178349715834,4.921838274602846,4.2815178349715834,195.0,195.0,195.0,195.0,0,0,False,True,
0.95,0.9,0.8,0.8,0.1,0.1,0.02,0.05,10,10.0,1.0,False,5,5,6,4,3.211851844941231,2.951135288635062,2.977527649715981,0.026392361080918914,0.013283634393093617,4.921838274602846,3.886283081743297,5.460436236114227,3.596636008179777,195.0,78.0,161.0,98.0,0,1,False,True,
0.95,0.9,0.8,0.8,0.1,0.1,0.02,0.1,10,10.0,1.0,False,5,5,6,4,3.211851844941231,2.813297814220271,2.8822067064011816,0.06890889218091045,0.03505487650592824,4.921838274602846,3.3858863567060546,5.460436236114227,3.2696339054170633,195.0,39.0,161.0,49.0,0,1,False,True,
0.95,0.9,0.8,0.8,0.1,0.1,0.05,0.01,10,10.0,1.0,False,5,5,5,5,3.211851844941231,3.007012482812626,3.007012482812626,0.0,0.0,4.546752917311303,4.448643192666796,4.546752917311303,4.448643192666796,78.0,390.0,78.0,390.0,0,0,False,True,
0.95,0.9,0.8,0.8,0.1,0.1,0.05,0.02,10,10.0,1.0,False,5,5,5,5,3.211851844941231,2.968720914715374,2.968720914715374,0.0,0.0,4.546752917311303,4.2815178349715834,4.546752917311303,4.2815178349715834,78.0,195.0,78.0,195.0,0,0,False,True,
0.95,0.9,0.8,0.8,0.1,0.1,0.05,0.05,10,10.0,1.0,False,5,5,5,5,3.211851844941231,2.8718665285153397,2.8718665285153397,0.0,0.0,4.546752917311303,3.886283081743297,4.546752917311303,3.886283081743297,78.0,78.0,78.0,78.0,0,0,False,True,
0.95,0.9,0.8,0.8,0.1,0.1,0.05,0.1,10,10.0,1.0,False,5,5,6,4,3.211851844941231,2.7340290541005494,2.7737366424992773,0.0397075883987279,0.020052191576477207,4.546752917311303,3.3858863567060546,4.899134806320443,3.2696339054170633,78.0,39.0,64.0,49.0,0,1,False,True,
0.95,0.9,0.8,0.8,0.1,0.1,0.1,0.01,10,10.0,1.0,False,5,5,4,6,3.211851844941231,2.894185393408608,2.904504395396673,0.010319001988064791,0.005172834140217093,4.061637608946565,4.448643192666796,3.7548769495396512,4.861995160302745,39.0,390.0,49.0,323.0,0,-1,False,True,
0.95,0.9,0.8,0.8,0.1,0.1,0.1,0.02,10,10.0,1.0,False,5,5,5,5,3.211851844941231,2.855893825311356,2.855893825311356,0.0,0.0,4.061637608946565,4.2815178349715834,4.061637608946565,4.2815178349715834,39.0,195.0,39.0,195.0,0,0,False,True,
0.95,0.9,0.8,0.8,0.1,0.1,0.1,0.05,10,10.0,1.0,False,5,5,5,5,3.211851844941231,2.7590394391113224,2.7590394391113224,0.0,0.0,4.061637608946565,3.886283081743297,4.061637608946565,3.886283081743297,39.0,78.0,39.0,78.0,0,0,False,True,
0.95,0.9,0.8,0.8,0.1,0.1,0.1,0.1,10,10.0,1.0,False,5,5,5,5,3.211851844941231,2.6212019646965317,2.6212019646965317,0.0,0.0,4.061637608946565,3.3858863567060546,4.061637608946565,3.3858863567060546,39.0,39.0,39.0,39.0,0,0,False,True,
0.95,0.95,0.8,0.8,0.1,0.1,0.01,0.01,10,10.0,1.0,False,5,5,5,5,3.334720006696936,3.2499735065533466,3.2499735065533466,0.0,0.0,5.078351765213726,5.078351765213726,5.078351765213726,5.078351765213726,390.0,390.0,390.0,390.0,0,0,False,True,
0.95,0.95,0.8,0.8,0.1,0.1,0.01,0.02,10,10.0,1.0,False,5,5,5,5,3.334720006696936,3.218668847046803,3.218668847046803,0.0,0.0,5.078351765213726,4.921838274602846,5.078351765213726,4.921838274602846,390.0,195.0,390.0,195.0,0,0,False,True,
0.95,0.95,0.8,0.8,0.1,0.1,0.01,0.05,10,10.0,1.0,False,5,5,6,4,3.334720006696936,3.139400086927081,3.142140496706035,0.002740409778954067,0.001371144049094657,5.078351765213726,4.546752917311303,5.697652952540657,4.063668631288813,390.0,78.0,323.0,98.0,0,1,False,True,
0.95,0.95,0.8,0.8,0.1,0.1,0.01,0.1,10,10.0,1.0,False,5,5,6,4,3.334720006696936,3.0265729975230635,3.063109842246877,0.036536844723813466,0.01843631078361293,5.078351765213726,4.061637608946565,5.697652952540657,3.7548769495396512,390.0,39.0,323.0,49.0,0,1,False,True,
0.95,0.95,0.8,0.8,0.1,0.1,0.02,0.01,10,10.0,1.0,False,5,5,5,5,3.334720006696936,3.218668847046803,3.218668847046803,0.0,0.0,4.921838274602846,5.078351765213726,4.921838274602846,5.078351765213726,195.0,390.0,195.0,390.0,0,0,False,True,
0.95,0.95,0.8,0.8,0.1,0.1,0.02,0.02,10,10.0,1.0,False,5,5,5,5,3.334720006696936,3.1873641875402594,3.1873641875402594,0.0,0.0,4.921838274602846,4.921838274602846,4.921838274602846,4.921838274602846,195.0,195.0,195.0,195.0,0,0,False,True,
0.95,0.95,0.8,0.8,0.1,0.1,0.02,0.05,10,10.0,1.0,False,5,5,5,5,3.334720006696936,3.1080954274205377,3.1080954274205377,0.0,0.0,4.921838274602846,4.546752917311303,4.921838274602846,4.546752917311303,195.0,78.0,195.0,78.0,0,0,False,True,
0.95,0.95,0.8,0.8,0.1,0.1,0.02,0.1,10,10.0,1.0,False,5,5,6,4,3.334720006696936,2.99526833801652,3.02058419820554,0.02531586018901999,0.01273838077967248,4.921838274602846,4.061637608946565,5.460436236114227,3.7548769495396512,195.0,39.0,161.0,49.0,0,1,False,True,
0.95,0.95,0.8,0.8,0.1,0.1,0.05,0.01,10,10.0,1.0,False,5,5,4,6,3.334720006696936,3.139400086927081,3.142140496706035,0.002740409778954067,0.001371144049094657,4.546752917311303,5.078351765213726,4.063668631288813,5.697652952540657,78.0,390.0,98.0,323.0,0,-1,False,True,
0.95,0.95,0.8,0.8,0.1,0.1,0.05,0.02,10,10.0,1.0,False,5,5,5,5,3.334720006696936,3.1080954274205377,3.1080954274205377,0.0,0.0,4.546752917311303,4.921838274602846,4.546752917311303,4.921838274602846,78.0,195.0,78.0,195.0,0,0,False,True,
0.95,0.95,0.8,0.8,0.1,0.1,0.05,0.05,10,10.0,1.0,False,5,5,5,5,3.334720006696936,3.0288266673008155,3.0288266673008155,0.0,0.0,4.546752917311303,4.546752917311303,4.546752917311303,4.546752917311303,78.0,78.0,78.0,78.0,0,0,False,True,
0.95,0.95,0.8,0.8,0.1,0.1,0.05,0.1,10,10.0,1.0,False,5,5,5,5,3.334720006696936,2.915999577896798,2.915999577896798,0.0,0.0,4.546752917311303,4.061637608946565,4.546752917311303,4.061637608946565,78.0,39.0,78.0,39.0,0,0,False,True,
0.95,0.95,0.8,0.8,0.1,0.1,0.1,0.01,10,10.0,1.0,False,5,5,4,6,3.334720006696936,3.0265729975230635,3.063109842246877,0.036536844723813466,0.01843631078361293,4.061637608946565,5.078351765213726,3.7548769495396512,5.697652952540657,39.0,390.0,49.0,323.0,0,-1,False,True,
0.95,0.95,0.8,0.8,0.1,0.1,0.1,0.02,10,10.0,1.0,False,5,5,4,6,3.334720006696936,2.99526833801652,3.02058419820554,0.02531586018901999,0.01273838077967248,4.061637608946565,4.921838274602846,3.7548769495396512,5.460436236114227,39.0,195.0,49.0,161.0,0,-1,False,True,
0.95,0.95,0.8,0.8,0.1,0.1,0.1,0.05,10,10.0,1.0,False,5,5,5,5,3.334720006696936,2.915999577896798,2.915999577896798,0.0,0.0,4.061637608946565,4.546752917311303,4.061637608946565,4.546752917311303,39.0,78.0,39.0,78.0,0,0,False,True,
0.95,0.95,0.8,0.8,0.1,0.1,0.1,0.1,10,10.0,1.0,False,5,5,5,5,3.334720006696936,2.8031724884927804,2.8031724884927804,0.0,0.0,4.061637608946565,4.061637608946565,4.061637608946565,4.061637608946565,39.0,39.0,39.0,39.0,0,0,False,True,
