{
  "async_speculative": true,
  "batch_size": 1,
  "calibration_schema_version": 1,
  "dataset": "gsm",
  "draft_model": "0.6",
  "draft_temperature": null,
  "f": 3,
  "fan_out_list_hit": null,
  "fan_out_list_miss": null,
  "gpus": 2,
  "input_len": 128,
  "k": 6,
  "metric_stats": {
    "accepted_suffix_lens_on_hit": {
      "count": 15,
      "max": 7.0,
      "mean": 3.3333333333333335,
      "min": 1.0,
      "p50": 2.0,
      "p90": 7.0,
      "p95": 7.0,
      "p99": 7.0,
      "sum": 50.0
    },
    "accepted_suffix_lens_on_miss": {
      "count": 4,
      "max": 7.0,
      "mean": 4.0,
      "min": 2.0,
      "p50": 3.5,
      "p90": 6.1000000000000005,
      "p95": 6.549999999999999,
      "p99": 6.909999999999999,
      "sum": 16.0
    },
    "accepted_suffix_lens_with_recovery": {
      "count": 19,
      "max": 7.0,
      "mean": 3.473684210526316,
      "min": 1.0,
      "p50": 2.0,
      "p90": 7.0,
      "p95": 7.0,
      "p99": 7.0,
      "sum": 66.0
    },
    "cache_hits": {
      "count": 19,
      "max": 1.0,
      "mean": 0.7894736842105263,
      "min": 0.0,
      "p50": 1.0,
      "p90": 1.0,
      "p95": 1.0,
      "p99": 1.0,
      "sum": 15.0
    },
    "target_step_times_ms": {
      "count": 20,
      "max": 1767.1578479930758,
      "mean": 190.94059825874865,
      "min": 67.64154275879264,
      "p50": 68.72860272414982,
      "p90": 163.5222224518665,
      "p95": 740.205905283802,
      "p99": 1561.7674594512196,
      "sum": 3818.811965174973
    },
    "target_verify_times_ms": {
      "count": 19,
      "max": 82.63650303706527,
      "mean": 65.40992708974763,
      "min": 64.17426327243447,
      "p50": 64.33902122080326,
      "p90": 65.02505550161004,
      "p95": 66.91389083862302,
      "p99": 79.49198059737684,
      "sum": 1242.788614705205
    }
  },
  "metrics_accepted_suffix_tokens_per_target_verify_second": 53.10637643365883,
  "metrics_avg_accepted_suffix_lens_on_hit": 3.3333333333333335,
  "metrics_avg_accepted_suffix_lens_on_miss": 4.0,
  "metrics_avg_accepted_suffix_lens_with_recovery": 3.473684210526316,
  "metrics_avg_cache_hits": 0.7894736842105263,
  "metrics_avg_target_step_time_ms": 190.94059825874865,
  "metrics_avg_target_verify_time_ms": 65.40992708974763,
  "metrics_decode_throughput": 32.1705499377185,
  "metrics_decode_tokens_per_target_verify_second": 53.10637643365883,
  "metrics_decode_total_time": 2.051565799396485,
  "metrics_decode_total_tokens": 66,
  "metrics_prefill_throughput": 144.86723575079924,
  "metrics_prefill_total_time": 1.767135257832706,
  "metrics_prefill_total_tokens": 256,
  "metrics_spec_steps": 19,
  "metrics_target_verify_total_time": 1.242788614705205,
  "metrics_total_accepted_suffix_lens_with_recovery": 66,
  "mode": "CUDA Graphs + Speculative(k=6) + Async + JIT",
  "model_name": "Qwen3-8B",
  "numseqs": 2,
  "official_end_to_end_throughput": 16.75041219977807,
  "official_total_time": 3.8208014965057373,
  "official_total_tokens": 64,
  "output_len": 32,
  "random_mode": false,
  "raw_metrics": {
    "accepted_suffix_lens_on_hit": [
      1.0,
      2.0,
      7.0,
      7.0,
      7.0,
      7.0,
      5.0,
      6.0,
      1.0,
      1.0,
      1.0,
      1.0,
      1.0,
      1.0,
      2.0
    ],
    "accepted_suffix_lens_on_miss": [
      3.0,
      2.0,
      4.0,
      7.0
    ],
    "accepted_suffix_lens_with_recovery": [
      3.0,
      1.0,
      2.0,
      7.0,
      7.0,
      7.0,
      7.0,
      2.0,
      4.0,
      5.0,
      6.0,
      1.0,
      1.0,
      7.0,
      1.0,
      1.0,
      1.0,
      1.0,
      2.0
    ],
    "cache_hits": [
      0.0,
      1.0,
      1.0,
      1.0,
      1.0,
      1.0,
      1.0,
      0.0,
      0.0,
      1.0,
      1.0,
      1.0,
      1.0,
      0.0,
      1.0,
      1.0,
      1.0,
      1.0,
      1.0
    ],
    "decode_total_time": 2.051565799396485,
    "decode_total_tokens": 66.0,
    "prefill_total_time": 1.767135257832706,
    "prefill_total_tokens": 256.0,
    "target_step_times": [
      1.7671578479930758,
      0.6861558030359447,
      0.09104938991367817,
      0.06832292722538114,
      0.0687922015786171,
      0.06866500386968255,
      0.06823422759771347,
      0.06884826207533479,
      0.1045043827034533,
      0.10545182460919023,
      0.06939476681873202,
      0.06856977520510554,
      0.06866424391046166,
      0.06959347473457456,
      0.10462169209495187,
      0.06823057821020484,
      0.06825937703251839,
      0.06823565810918808,
      0.06841898569837213,
      0.06764154275879264
    ],
    "target_verify_times": [
      0.08263650303706527,
      0.0643741418607533,
      0.06422443315386772,
      0.0645959391258657,
      0.06433902122080326,
      0.06417426327243447,
      0.06470052897930145,
      0.06491164676845074,
      0.06516693392768502,
      0.0649895858950913,
      0.06429632194340229,
      0.06453413981944323,
      0.06430541211739182,
      0.06417907308787107,
      0.06417710287496448,
      0.06419400265440345,
      0.06418014317750931,
      0.06433707196265459,
      0.0644723498262465
    ]
  },
  "run_name": "async_qwen8b_k6_f3_n2_o32",
  "shape": {
    "backup": "jit",
    "f": 3,
    "fan_out_list_hit": null,
    "fan_out_list_miss": null,
    "k": 6,
    "mode": "async_ssd"
  },
  "speculative_decoding": true,
  "temperature": 0.0
}