{
  "async_speculative": true,
  "batch_size": 1,
  "calibration_schema_version": 1,
  "dataset": "gsm",
  "draft_model": "0.6",
  "draft_temperature": null,
  "f": 2,
  "fan_out_list_hit": null,
  "fan_out_list_miss": null,
  "gpus": 2,
  "input_len": 128,
  "k": 4,
  "metric_stats": {
    "accepted_suffix_lens_on_hit": {
      "count": 16,
      "max": 5.0,
      "mean": 3.25,
      "min": 1.0,
      "p50": 4.0,
      "p90": 5.0,
      "p95": 5.0,
      "p99": 5.0,
      "sum": 52.0
    },
    "accepted_suffix_lens_on_miss": {
      "count": 6,
      "max": 5.0,
      "mean": 2.6666666666666665,
      "min": 1.0,
      "p50": 2.5,
      "p90": 4.5,
      "p95": 4.75,
      "p99": 4.95,
      "sum": 16.0
    },
    "accepted_suffix_lens_with_recovery": {
      "count": 22,
      "max": 5.0,
      "mean": 3.090909090909091,
      "min": 1.0,
      "p50": 3.0,
      "p90": 5.0,
      "p95": 5.0,
      "p99": 5.0,
      "sum": 68.0
    },
    "cache_hits": {
      "count": 22,
      "max": 1.0,
      "mean": 0.7272727272727273,
      "min": 0.0,
      "p50": 1.0,
      "p90": 1.0,
      "p95": 1.0,
      "p99": 1.0,
      "sum": 16.0
    },
    "target_step_times_ms": {
      "count": 23,
      "max": 991.7411501519382,
      "mean": 123.94313271278921,
      "min": 68.13369784504175,
      "p50": 69.87691298127174,
      "p90": 94.22848615795374,
      "p95": 258.38206629268797,
      "p99": 834.4059477653362,
      "sum": 2850.6920523941517
    },
    "target_verify_times_ms": {
      "count": 22,
      "max": 79.08913400024176,
      "mean": 65.22157007235695,
      "min": 64.073302783072,
      "p50": 64.27192711271346,
      "p90": 65.1077498216182,
      "p95": 67.91004303377122,
      "p99": 76.77246119361371,
      "sum": 1434.874541591853
    }
  },
  "metrics_accepted_suffix_tokens_per_target_verify_second": 47.39090284824529,
  "metrics_avg_accepted_suffix_lens_on_hit": 3.25,
  "metrics_avg_accepted_suffix_lens_on_miss": 2.6666666666666665,
  "metrics_avg_accepted_suffix_lens_with_recovery": 3.090909090909091,
  "metrics_avg_cache_hits": 0.7272727272727273,
  "metrics_avg_target_step_time_ms": 123.94313271278921,
  "metrics_avg_target_verify_time_ms": 65.22157007235695,
  "metrics_decode_throughput": 36.58173017502412,
  "metrics_decode_tokens_per_target_verify_second": 47.39090284824529,
  "metrics_decode_total_time": 1.8588513904251158,
  "metrics_decode_total_tokens": 68,
  "metrics_prefill_throughput": 258.1341030145538,
  "metrics_prefill_total_time": 0.9917325801216066,
  "metrics_prefill_total_tokens": 256,
  "metrics_spec_steps": 22,
  "metrics_target_verify_total_time": 1.434874541591853,
  "metrics_total_accepted_suffix_lens_with_recovery": 68,
  "mode": "CUDA Graphs + Speculative(k=4) + Async + JIT",
  "model_name": "Qwen3-8B",
  "numseqs": 2,
  "official_end_to_end_throughput": 22.434554411986426,
  "official_total_time": 2.8527421951293945,
  "official_total_tokens": 64,
  "output_len": 32,
  "random_mode": false,
  "raw_metrics": {
    "accepted_suffix_lens_on_hit": [
      1.0,
      2.0,
      5.0,
      5.0,
      5.0,
      5.0,
      5.0,
      5.0,
      5.0,
      5.0,
      1.0,
      1.0,
      3.0,
      1.0,
      1.0,
      2.0
    ],
    "accepted_suffix_lens_on_miss": [
      3.0,
      2.0,
      4.0,
      1.0,
      5.0,
      1.0
    ],
    "accepted_suffix_lens_with_recovery": [
      3.0,
      1.0,
      2.0,
      5.0,
      5.0,
      5.0,
      5.0,
      5.0,
      5.0,
      2.0,
      4.0,
      5.0,
      5.0,
      1.0,
      1.0,
      1.0,
      5.0,
      3.0,
      1.0,
      1.0,
      1.0,
      2.0
    ],
    "cache_hits": [
      0.0,
      1.0,
      1.0,
      1.0,
      1.0,
      1.0,
      1.0,
      1.0,
      1.0,
      0.0,
      0.0,
      1.0,
      1.0,
      1.0,
      1.0,
      0.0,
      0.0,
      1.0,
      1.0,
      0.0,
      1.0,
      1.0
    ],
    "decode_total_time": 1.8588513904251158,
    "decode_total_tokens": 68.0,
    "prefill_total_time": 0.9917325801216066,
    "prefill_total_tokens": 256.0,
    "target_step_times": [
      0.9917411501519382,
      0.27658113930374384,
      0.06888509169220924,
      0.068477394990623,
      0.07000340335071087,
      0.06966224499046803,
      0.06953407591208816,
      0.07159218797460198,
      0.069637315813452,
      0.07495217910036445,
      0.09459040919318795,
      0.09278079401701689,
      0.06987691298127174,
      0.06861179508268833,
      0.06867452431470156,
      0.06956385634839535,
      0.0915767652913928,
      0.09259380586445332,
      0.06922673899680376,
      0.06918922904878855,
      0.09159074490889907,
      0.06813369784504175,
      0.07321659522131085
    ],
    "target_verify_times": [
      0.07908913400024176,
      0.06450520968064666,
      0.0642294017598033,
      0.06473091943189502,
      0.0642702323384583,
      0.06436154106631875,
      0.06507809506729245,
      0.0642619919963181,
      0.06511104479432106,
      0.06472522811964154,
      0.0641431831754744,
      0.06470401817932725,
      0.06427362188696861,
      0.06454070005565882,
      0.06421893183141947,
      0.064073302783072,
      0.06410144316032529,
      0.06409606290981174,
      0.06410551397129893,
      0.06408936390653253,
      0.06410824274644256,
      0.06805735873058438
    ]
  },
  "run_name": "async_qwen8b_k4_f2_n2_o32",
  "shape": {
    "backup": "jit",
    "f": 2,
    "fan_out_list_hit": null,
    "fan_out_list_miss": null,
    "k": 4,
    "mode": "async_ssd"
  },
  "speculative_decoding": true,
  "temperature": 0.0
}