{
  "async_speculative": true,
  "batch_size": 1,
  "calibration_schema_version": 1,
  "dataset": "gsm",
  "draft_model": "0.6",
  "draft_temperature": null,
  "f": 4,
  "fan_out_list_hit": null,
  "fan_out_list_miss": null,
  "gpus": 2,
  "input_len": 128,
  "k": 8,
  "metric_stats": {
    "accepted_suffix_lens_on_hit": {
      "count": 13,
      "max": 9.0,
      "mean": 3.6923076923076925,
      "min": 1.0,
      "p50": 2.0,
      "p90": 9.0,
      "p95": 9.0,
      "p99": 9.0,
      "sum": 48.0
    },
    "accepted_suffix_lens_on_miss": {
      "count": 4,
      "max": 8.0,
      "mean": 4.25,
      "min": 2.0,
      "p50": 3.5,
      "p90": 6.800000000000001,
      "p95": 7.399999999999999,
      "p99": 7.879999999999999,
      "sum": 17.0
    },
    "accepted_suffix_lens_with_recovery": {
      "count": 17,
      "max": 9.0,
      "mean": 3.823529411764706,
      "min": 1.0,
      "p50": 2.0,
      "p90": 9.0,
      "p95": 9.0,
      "p99": 9.0,
      "sum": 65.0
    },
    "cache_hits": {
      "count": 17,
      "max": 1.0,
      "mean": 0.7647058823529411,
      "min": 0.0,
      "p50": 1.0,
      "p90": 1.0,
      "p95": 1.0,
      "p99": 1.0,
      "sum": 13.0
    },
    "target_step_times_ms": {
      "count": 18,
      "max": 1834.9562399089336,
      "mean": 187.89366097189486,
      "min": 69.20678820461035,
      "p50": 71.3894790969789,
      "p90": 164.53275503590714,
      "p95": 504.06992214265983,
      "p99": 1568.7789763556766,
      "sum": 3382.0858974941075
    },
    "target_verify_times_ms": {
      "count": 17,
      "max": 99.57221522927284,
      "mean": 66.62280041286174,
      "min": 64.22067293897271,
      "p50": 64.42303117364645,
      "p90": 65.3580104932189,
      "p95": 72.54072241485116,
      "p99": 94.16591666638851,
      "sum": 1132.5876070186496
    }
  },
  "metrics_accepted_suffix_tokens_per_target_verify_second": 57.39070390422318,
  "metrics_avg_accepted_suffix_lens_on_hit": 3.6923076923076925,
  "metrics_avg_accepted_suffix_lens_on_miss": 4.25,
  "metrics_avg_accepted_suffix_lens_with_recovery": 3.823529411764706,
  "metrics_avg_cache_hits": 0.7647058823529411,
  "metrics_avg_target_step_time_ms": 187.89366097189486,
  "metrics_avg_target_verify_time_ms": 66.62280041286174,
  "metrics_decode_throughput": 42.01589389351557,
  "metrics_decode_tokens_per_target_verify_second": 57.39070390422318,
  "metrics_decode_total_time": 1.5470336098223925,
  "metrics_decode_total_tokens": 65,
  "metrics_prefill_throughput": 139.5135876260348,
  "metrics_prefill_total_time": 1.834946719929576,
  "metrics_prefill_total_tokens": 256,
  "metrics_spec_steps": 17,
  "metrics_target_verify_total_time": 1.1325876070186496,
  "metrics_total_accepted_suffix_lens_with_recovery": 65,
  "mode": "CUDA Graphs + Speculative(k=8) + Async + JIT",
  "model_name": "Qwen3-8B",
  "numseqs": 2,
  "official_end_to_end_throughput": 18.9113367083685,
  "official_total_time": 3.384213447570801,
  "official_total_tokens": 64,
  "output_len": 32,
  "random_mode": false,
  "raw_metrics": {
    "accepted_suffix_lens_on_hit": [
      1.0,
      2.0,
      9.0,
      9.0,
      9.0,
      5.0,
      6.0,
      1.0,
      1.0,
      1.0,
      1.0,
      1.0,
      2.0
    ],
    "accepted_suffix_lens_on_miss": [
      3.0,
      2.0,
      4.0,
      8.0
    ],
    "accepted_suffix_lens_with_recovery": [
      3.0,
      1.0,
      2.0,
      9.0,
      9.0,
      9.0,
      2.0,
      4.0,
      5.0,
      6.0,
      1.0,
      1.0,
      8.0,
      1.0,
      1.0,
      1.0,
      2.0
    ],
    "cache_hits": [
      0.0,
      1.0,
      1.0,
      1.0,
      1.0,
      1.0,
      0.0,
      0.0,
      1.0,
      1.0,
      1.0,
      1.0,
      0.0,
      1.0,
      1.0,
      1.0,
      1.0
    ],
    "decode_total_time": 1.5470336098223925,
    "decode_total_tokens": 65.0,
    "prefill_total_time": 1.834946719929576,
    "prefill_total_tokens": 256.0,
    "target_step_times": [
      1.8349562399089336,
      0.2692076307721436,
      0.06920678820461035,
      0.07139353919774294,
      0.07138541899621487,
      0.07168349577113986,
      0.0714961071498692,
      0.11836438672617078,
      0.11967209400609136,
      0.07466565864160657,
      0.07035403791815042,
      0.06933877663686872,
      0.07037481712177396,
      0.11834181705489755,
      0.07040997734293342,
      0.07037095818668604,
      0.07042309688404202,
      0.0704410569742322
    ],
    "target_verify_times": [
      0.09957221522927284,
      0.06473612878471613,
      0.06578284921124578,
      0.06505775591358542,
      0.06507478468120098,
      0.06493306718766689,
      0.06458386965095997,
      0.06445528101176023,
      0.0642600730061531,
      0.06422067293897271,
      0.06423344276845455,
      0.06422218307852745,
      0.06442303117364645,
      0.06424098322167993,
      0.06426176335662603,
      0.06426905281841755,
      0.06426045298576355
    ]
  },
  "run_name": "async_qwen8b_k8_f4_n2_o32",
  "shape": {
    "backup": "jit",
    "f": 4,
    "fan_out_list_hit": null,
    "fan_out_list_miss": null,
    "k": 8,
    "mode": "async_ssd"
  },
  "speculative_decoding": true,
  "temperature": 0.0
}