{
  "async_speculative": true,
  "batch_size": 1,
  "calibration_schema_version": 1,
  "dataset": "gsm",
  "draft_model": "0.6",
  "draft_temperature": null,
  "f": 1,
  "fan_out_list_hit": null,
  "fan_out_list_miss": null,
  "gpus": 2,
  "input_len": 128,
  "k": 6,
  "metric_stats": {
    "accepted_suffix_lens_on_hit": {
      "count": 45,
      "max": 7.0,
      "mean": 4.0,
      "min": 1.0,
      "p50": 2.0,
      "p90": 7.0,
      "p95": 7.0,
      "p99": 7.0,
      "sum": 180.0
    },
    "accepted_suffix_lens_on_miss": {
      "count": 37,
      "max": 7.0,
      "mean": 2.4594594594594597,
      "min": 1.0,
      "p50": 2.0,
      "p90": 6.399999999999999,
      "p95": 7.0,
      "p99": 7.0,
      "sum": 91.0
    },
    "accepted_suffix_lens_with_recovery": {
      "count": 82,
      "max": 7.0,
      "mean": 3.3048780487804876,
      "min": 1.0,
      "p50": 2.0,
      "p90": 7.0,
      "p95": 7.0,
      "p99": 7.0,
      "sum": 271.0
    },
    "cache_hits": {
      "count": 82,
      "max": 1.0,
      "mean": 0.5487804878048781,
      "min": 0.0,
      "p50": 1.0,
      "p90": 1.0,
      "p95": 1.0,
      "p99": 1.0,
      "sum": 45.0
    },
    "target_step_times_ms": {
      "count": 83,
      "max": 1023.6907061189413,
      "mean": 97.51651785055915,
      "min": 67.21201306208968,
      "p50": 70.2696773223579,
      "p90": 105.20185194909573,
      "p95": 105.94438030384481,
      "p99": 346.44836681894344,
      "sum": 8093.87098159641
    },
    "target_verify_times_ms": {
      "count": 82,
      "max": 80.0615306943655,
      "mean": 64.67936450342943,
      "min": 64.14520973339677,
      "p50": 64.36624843627214,
      "p90": 65.01761684194207,
      "p95": 65.11386132333428,
      "p99": 68.29166129697111,
      "sum": 5303.707889281213
    }
  },
  "metrics_accepted_suffix_tokens_per_target_verify_second": 51.09632839087738,
  "metrics_avg_accepted_suffix_lens_on_hit": 4.0,
  "metrics_avg_accepted_suffix_lens_on_miss": 2.4594594594594597,
  "metrics_avg_accepted_suffix_lens_with_recovery": 3.3048780487804876,
  "metrics_avg_cache_hits": 0.5487804878048781,
  "metrics_avg_target_step_time_ms": 97.51651785055915,
  "metrics_avg_target_verify_time_ms": 64.67936450342943,
  "metrics_decode_throughput": 38.33191071118075,
  "metrics_decode_tokens_per_target_verify_second": 51.09632839087738,
  "metrics_decode_total_time": 7.069827592000365,
  "metrics_decode_total_tokens": 271,
  "metrics_prefill_throughput": 500.1602193782602,
  "metrics_prefill_total_time": 1.023671975824982,
  "metrics_prefill_total_tokens": 512,
  "metrics_spec_steps": 82,
  "metrics_target_verify_total_time": 5.303707889281213,
  "metrics_total_accepted_suffix_lens_with_recovery": 271,
  "mode": "CUDA Graphs + Speculative(k=6) + Async + JIT",
  "model_name": "Qwen3-8B",
  "numseqs": 4,
  "official_end_to_end_throughput": 31.616993055162332,
  "official_total_time": 8.096911668777466,
  "official_total_tokens": 256,
  "output_len": 64,
  "random_mode": false,
  "raw_metrics": {
    "accepted_suffix_lens_on_hit": [
      1.0,
      2.0,
      7.0,
      7.0,
      7.0,
      7.0,
      7.0,
      7.0,
      7.0,
      7.0,
      7.0,
      7.0,
      1.0,
      1.0,
      1.0,
      1.0,
      2.0,
      3.0,
      1.0,
      2.0,
      1.0,
      2.0,
      1.0,
      7.0,
      1.0,
      1.0,
      2.0,
      2.0,
      2.0,
      2.0,
      6.0,
      2.0,
      2.0,
      1.0,
      1.0,
      1.0,
      5.0,
      7.0,
      7.0,
      7.0,
      7.0,
      7.0,
      7.0,
      7.0,
      7.0
    ],
    "accepted_suffix_lens_on_miss": [
      3.0,
      2.0,
      7.0,
      1.0,
      7.0,
      1.0,
      1.0,
      3.0,
      1.0,
      1.0,
      3.0,
      3.0,
      1.0,
      2.0,
      7.0,
      1.0,
      1.0,
      1.0,
      6.0,
      2.0,
      1.0,
      1.0,
      1.0,
      1.0,
      1.0,
      2.0,
      1.0,
      2.0,
      4.0,
      1.0,
      4.0,
      3.0,
      3.0,
      1.0,
      1.0,
      3.0,
      7.0
    ],
    "accepted_suffix_lens_with_recovery": [
      3.0,
      1.0,
      2.0,
      7.0,
      7.0,
      7.0,
      7.0,
      7.0,
      7.0,
      7.0,
      7.0,
      7.0,
      2.0,
      7.0,
      7.0,
      1.0,
      1.0,
      1.0,
      7.0,
      1.0,
      1.0,
      1.0,
      1.0,
      2.0,
      3.0,
      3.0,
      1.0,
      1.0,
      1.0,
      3.0,
      3.0,
      2.0,
      1.0,
      1.0,
      2.0,
      2.0,
      1.0,
      7.0,
      7.0,
      1.0,
      1.0,
      1.0,
      1.0,
      1.0,
      2.0,
      6.0,
      2.0,
      2.0,
      1.0,
      2.0,
      2.0,
      1.0,
      1.0,
      1.0,
      6.0,
      2.0,
      1.0,
      2.0,
      2.0,
      1.0,
      2.0,
      4.0,
      1.0,
      4.0,
      1.0,
      3.0,
      3.0,
      1.0,
      1.0,
      1.0,
      1.0,
      5.0,
      3.0,
      7.0,
      7.0,
      7.0,
      7.0,
      7.0,
      7.0,
      7.0,
      7.0,
      7.0
    ],
    "cache_hits": [
      0.0,
      1.0,
      1.0,
      1.0,
      1.0,
      1.0,
      1.0,
      1.0,
      1.0,
      1.0,
      1.0,
      1.0,
      0.0,
      0.0,
      1.0,
      1.0,
      1.0,
      0.0,
      0.0,
      1.0,
      0.0,
      0.0,
      1.0,
      1.0,
      0.0,
      1.0,
      0.0,
      0.0,
      1.0,
      0.0,
      0.0,
      1.0,
      0.0,
      1.0,
      1.0,
      0.0,
      1.0,
      0.0,
      1.0,
      0.0,
      1.0,
      0.0,
      1.0,
      0.0,
      1.0,
      0.0,
      0.0,
      1.0,
      0.0,
      1.0,
      1.0,
      0.0,
      0.0,
      0.0,
      1.0,
      1.0,
      0.0,
      1.0,
      0.0,
      0.0,
      0.0,
      0.0,
      0.0,
      0.0,
      1.0,
      0.0,
      0.0,
      0.0,
      1.0,
      1.0,
      0.0,
      1.0,
      0.0,
      0.0,
      1.0,
      1.0,
      1.0,
      1.0,
      1.0,
      1.0,
      1.0,
      1.0
    ],
    "decode_total_time": 7.069827592000365,
    "decode_total_tokens": 271.0,
    "prefill_total_time": 1.023671975824982,
    "prefill_total_tokens": 512.0,