{
  "async_speculative": true,
  "batch_size": 1,
  "calibration_schema_version": 1,
  "dataset": "gsm",
  "draft_model": "0.6",
  "draft_temperature": null,
  "f": 2,
  "fan_out_list_hit": null,
  "fan_out_list_miss": null,
  "gpus": 2,
  "input_len": 128,
  "k": 4,
  "metric_stats": {
    "accepted_suffix_lens_on_hit": {
      "count": 61,
      "max": 5.0,
      "mean": 3.3278688524590163,
      "min": 1.0,
      "p50": 5.0,
      "p90": 5.0,
      "p95": 5.0,
      "p99": 5.0,
      "sum": 203.0
    },
    "accepted_suffix_lens_on_miss": {
      "count": 30,
      "max": 5.0,
      "mean": 2.033333333333333,
      "min": 1.0,
      "p50": 1.5,
      "p90": 4.0,
      "p95": 4.549999999999997,
      "p99": 5.0,
      "sum": 61.0
    },
    "accepted_suffix_lens_with_recovery": {
      "count": 91,
      "max": 5.0,
      "mean": 2.901098901098901,
      "min": 1.0,
      "p50": 2.0,
      "p90": 5.0,
      "p95": 5.0,
      "p99": 5.0,
      "sum": 264.0
    },
    "cache_hits": {
      "count": 91,
      "max": 1.0,
      "mean": 0.6703296703296703,
      "min": 0.0,
      "p50": 1.0,
      "p90": 1.0,
      "p95": 1.0,
      "p99": 1.0,
      "sum": 61.0
    },
    "target_step_times_ms": {
      "count": 92,
      "max": 1068.7178713269532,
      "mean": 89.27269822553448,
      "min": 68.09765100479126,
      "p50": 69.98660950921476,
      "p90": 92.89242909289896,
      "p95": 93.54284261353314,
      "p99": 288.2718800939649,
      "sum": 8213.088236749172
    },
    "target_verify_times_ms": {
      "count": 91,
      "max": 80.27992397546768,
      "mean": 64.52038186694404,
      "min": 64.07865602523088,
      "p50": 64.13898570463061,
      "p90": 64.8307790979743,
      "p95": 64.96987910941243,
      "p99": 67.63509800657621,
      "sum": 5871.354749891907
    }
  },
  "metrics_accepted_suffix_tokens_per_target_verify_second": 44.96406898337395,
  "metrics_avg_accepted_suffix_lens_on_hit": 3.3278688524590163,
  "metrics_avg_accepted_suffix_lens_on_miss": 2.033333333333333,
  "metrics_avg_accepted_suffix_lens_with_recovery": 2.901098901098901,
  "metrics_avg_cache_hits": 0.6703296703296703,
  "metrics_avg_target_step_time_ms": 89.27269822553448,
  "metrics_avg_target_verify_time_ms": 64.52038186694404,
  "metrics_decode_throughput": 36.95398021325069,
  "metrics_decode_tokens_per_target_verify_second": 44.96406898337395,
  "metrics_decode_total_time": 7.144020711071789,
  "metrics_decode_total_tokens": 264,
  "metrics_prefill_throughput": 479.09035808423795,
  "metrics_prefill_total_time": 1.0686919311992824,
  "metrics_prefill_total_tokens": 512,
  "metrics_spec_steps": 91,
  "metrics_target_verify_total_time": 5.871354749891907,
  "metrics_total_accepted_suffix_lens_with_recovery": 264,
  "mode": "CUDA Graphs + Speculative(k=4) + Async + JIT",
  "model_name": "Qwen3-8B",
  "numseqs": 4,
  "official_end_to_end_throughput": 31.158225240673186,
  "official_total_time": 8.216129064559937,
  "official_total_tokens": 256,
  "output_len": 64,
  "random_mode": false,
  "raw_metrics": {
    "accepted_suffix_lens_on_hit": [
      1.0,
      2.0,
      5.0,
      5.0,
      5.0,
      5.0,
      5.0,
      5.0,
      5.0,
      5.0,
      5.0,
      5.0,
      5.0,
      5.0,
      5.0,
      5.0,
      1.0,
      3.0,
      1.0,
      1.0,
      2.0,
      3.0,
      1.0,
      2.0,
      1.0,
      2.0,
      1.0,
      5.0,
      5.0,
      1.0,
      1.0,
      1.0,
      2.0,
      5.0,
      1.0,
      2.0,
      2.0,
      2.0,
      1.0,
      5.0,
      1.0,
      2.0,
      2.0,
      1.0,
      3.0,
      1.0,
      1.0,
      3.0,
      5.0,
      5.0,
      5.0,
      5.0,
      5.0,
      5.0,
      5.0,
      5.0,
      5.0,
      5.0,
      5.0,
      5.0,
      5.0
    ],
    "accepted_suffix_lens_on_miss": [
      3.0,
      2.0,
      5.0,
      1.0,
      5.0,
      1.0,
      3.0,
      1.0,
      1.0,
      3.0,
      3.0,
      1.0,
      2.0,
      1.0,
      1.0,
      2.0,
      1.0,
      1.0,
      1.0,
      1.0,
      2.0,
      1.0,
      2.0,
      4.0,
      1.0,
      4.0,
      3.0,
      1.0,
      1.0,
      3.0
    ],
    "accepted_suffix_lens_with_recovery": [
      3.0,
      1.0,
      2.0,
      5.0,
      5.0,
      5.0,
      5.0,
      5.0,
      5.0,
      5.0,
      5.0,
      5.0,
      5.0,
      5.0,
      5.0,
      2.0,
      5.0,
      5.0,
      5.0,
      1.0,
      1.0,
      5.0,
      3.0,
      1.0,
      1.0,
      1.0,
      2.0,
      3.0,
      3.0,
      1.0,
      1.0,
      1.0,
      3.0,
      3.0,
      2.0,
      1.0,
      1.0,
      2.0,
      2.0,
      1.0,
      5.0,
      5.0,
      1.0,
      1.0,
      1.0,
      1.0,
      1.0,
      2.0,
      5.0,
      1.0,
      2.0,
      2.0,
      1.0,
      2.0,
      2.0,
      1.0,
      1.0,
      1.0,
      5.0,
      1.0,
      2.0,
      1.0,
      2.0,
      2.0,
      1.0,
      2.0,
      4.0,
      1.0,
      4.0,
      1.0,
      3.0,
      3.0,
      1.0,
      1.0,
      1.0,
      1.0,
      3.0,
      3.0,
      5.0,
      5.0,
      5.0,
      5.0,
      5.0,
      5.0,
      5.0,
      5.0,
      5.0,
      5.0,
      5.0,
      5.0,
      5.0
    ],
    "cache_hits": [
      0.0,
      1.0,
      1.0,
      1.0,
      1.0,
      1.0,
      1.0,
      1.0,
      1.0,
      1.0,
      1.0,
      1.0,
      1.0,
      1.0,
      1.0,
      0.0,
      0.0,
      1.0,
      1.0,
      1.0,
      0.0,
      0.0,
      1.0,
      1.0,
      0.0,
      1.0,
      1.0,
      0.0,
      1.0,
      0.0,
      0.0,
      1.0,
      0.0,
      0.0,
      1.0,
      0.0,
      1.0,
      1.0,
      0.0,
      1.0,
      1.0,
      1.0,
      0.0,
      1.0,
      0.0,
      1.0,
      1.0,
      1.0,
      1.0,
      1.0,
      0.0,
      1.0,
      0.0,
      1.0,
      1.0,
      0.0,
      1.0,
      0.0,
      1.0,
      1.0,
      1.0,
      0.0,
      1.0,
      0.0,
      0.0,
      0.0,
      0.0,
      0.0,
      0.0,
      1.0,
      1.0,
      0.0,
      0.0,
      1.0,
      1.0,
      0.0,
      1.0,
      0.0,
      1.0,
      1.0,
      1.0,
      1.0,
      1.0,
      1.0,
      1.0,
      1.0,
      1.0,
      1.0,
      1.0,
      1.0,
      1.0
    ],
    "decode_total_time": 7.144020711071789,
    "decode_total_tokens": 264.0,
    "prefill_total_time": 1.0686919311992824,
    "prefill_total_tokens": 512.0,