{
  "async_speculative": true,
  "batch_size": 1,
  "calibration_schema_version": 1,
  "dataset": "gsm",
  "draft_model": "0.6",
  "draft_temperature": null,
  "f": 4,
  "fan_out_list_hit": null,
  "fan_out_list_miss": null,
  "gpus": 2,
  "input_len": 128,
  "k": 8,
  "metric_stats": {
    "accepted_suffix_lens_on_hit": {
      "count": 53,
      "max": 9.0,
      "mean": 4.018867924528302,
      "min": 1.0,
      "p50": 2.0,
      "p90": 9.0,
      "p95": 9.0,
      "p99": 9.0,
      "sum": 213.0
    },
    "accepted_suffix_lens_on_miss": {
      "count": 22,
      "max": 9.0,
      "mean": 2.3181818181818183,
      "min": 1.0,
      "p50": 1.5,
      "p90": 3.0,
      "p95": 7.7499999999999964,
      "p99": 8.79,
      "sum": 51.0
    },
    "accepted_suffix_lens_with_recovery": {
      "count": 75,
      "max": 9.0,
      "mean": 3.52,
      "min": 1.0,
      "p50": 2.0,
      "p90": 9.0,
      "p95": 9.0,
      "p99": 9.0,
      "sum": 264.0
    },
    "cache_hits": {
      "count": 75,
      "max": 1.0,
      "mean": 0.7066666666666667,
      "min": 0.0,
      "p50": 1.0,
      "p90": 1.0,
      "p95": 1.0,
      "p99": 1.0,
      "sum": 53.0
    },
    "target_step_times_ms": {
      "count": 76,
      "max": 2262.031810823828,
      "mean": 114.63821976519141,
      "min": 68.86544916778803,
      "p50": 71.0354910697788,
      "p90": 119.68633183278143,
      "p95": 120.89725187979639,
      "p99": 718.3273624395952,
      "sum": 8712.504702154547
    },
    "target_verify_times_ms": {
      "count": 75,
      "max": 80.3626598790288,
      "mean": 64.83262502898772,
      "min": 64.24668012186885,
      "p50": 64.50217682868242,
      "p90": 65.1666414923966,
      "p95": 65.33956597559154,
      "p99": 69.64649510569879,
      "sum": 4862.446877174079
    }
  },
  "metrics_accepted_suffix_tokens_per_target_verify_second": 54.293652284265065,
  "metrics_avg_accepted_suffix_lens_on_hit": 4.018867924528302,
  "metrics_avg_accepted_suffix_lens_on_miss": 2.3181818181818183,
  "metrics_avg_accepted_suffix_lens_with_recovery": 3.52,
  "metrics_avg_cache_hits": 0.7066666666666667,
  "metrics_avg_target_step_time_ms": 114.63821976519141,
  "metrics_avg_target_verify_time_ms": 64.83262502898772,
  "metrics_decode_throughput": 40.92930717842931,
  "metrics_decode_tokens_per_target_verify_second": 54.293652284265065,
  "metrics_decode_total_time": 6.4501458294689655,
  "metrics_decode_total_tokens": 264,
  "metrics_prefill_throughput": 226.34620075959157,
  "metrics_prefill_total_time": 2.262021621223539,
  "metrics_prefill_total_tokens": 512,
  "metrics_spec_steps": 75,
  "metrics_target_verify_total_time": 4.862446877174079,
  "metrics_total_accepted_suffix_lens_with_recovery": 264,
  "mode": "CUDA Graphs + Speculative(k=8) + Async + JIT",
  "model_name": "Qwen3-8B",
  "numseqs": 4,
  "official_end_to_end_throughput": 29.372649698250658,
  "official_total_time": 8.715590953826904,
  "official_total_tokens": 256,
  "output_len": 64,
  "random_mode": false,
  "raw_metrics": {
    "accepted_suffix_lens_on_hit": [
      1.0,
      2.0,
      9.0,
      9.0,
      9.0,
      9.0,
      9.0,
      9.0,
      9.0,
      6.0,
      1.0,
      1.0,
      1.0,
      1.0,
      1.0,
      2.0,
      3.0,
      3.0,
      1.0,
      1.0,
      2.0,
      1.0,
      2.0,
      1.0,
      9.0,
      1.0,
      1.0,
      1.0,
      2.0,
      6.0,
      2.0,
      1.0,
      2.0,
      2.0,
      1.0,
      6.0,
      2.0,
      2.0,
      2.0,
      4.0,
      4.0,
      1.0,
      3.0,
      1.0,
      1.0,
      3.0,
      9.0,
      9.0,
      9.0,
      9.0,
      9.0,
      9.0,
      9.0
    ],
    "accepted_suffix_lens_on_miss": [
      3.0,
      2.0,
      9.0,
      8.0,
      1.0,
      3.0,
      3.0,
      1.0,
      2.0,
      1.0,
      1.0,
      2.0,
      1.0,
      1.0,
      1.0,
      2.0,
      1.0,
      1.0,
      3.0,
      1.0,
      1.0,
      3.0
    ],
    "accepted_suffix_lens_with_recovery": [
      3.0,
      1.0,
      2.0,
      9.0,
      9.0,
      9.0,
      9.0,
      9.0,
      9.0,
      9.0,
      2.0,
      9.0,
      6.0,
      1.0,
      1.0,
      8.0,
      1.0,
      1.0,
      1.0,
      2.0,
      3.0,
      3.0,
      1.0,
      1.0,
      1.0,
      3.0,
      3.0,
      2.0,
      1.0,
      1.0,
      2.0,
      2.0,
      1.0,
      9.0,
      1.0,
      1.0,
      1.0,
      1.0,
      1.0,
      2.0,
      6.0,
      2.0,
      2.0,
      1.0,
      2.0,
      2.0,
      1.0,
      1.0,
      1.0,
      6.0,
      2.0,
      1.0,
      2.0,
      2.0,
      1.0,
      2.0,
      4.0,
      1.0,
      4.0,
      1.0,
      3.0,
      3.0,
      1.0,
      1.0,
      1.0,
      1.0,
      3.0,
      3.0,
      9.0,
      9.0,
      9.0,
      9.0,
      9.0,
      9.0,
      9.0
    ],
    "cache_hits": [
      0.0,
      1.0,
      1.0,
      1.0,
      1.0,
      1.0,
      1.0,
      1.0,
      1.0,
      1.0,
      0.0,
      0.0,
      1.0,
      1.0,
      1.0,
      0.0,
      1.0,
      1.0,
      1.0,
      1.0,
      1.0,
      1.0,
      1.0,
      0.0,
      1.0,
      0.0,
      0.0,
      1.0,
      0.0,
      1.0,
      1.0,
      0.0,
      1.0,
      1.0,
      0.0,
      1.0,
      0.0,
      1.0,
      1.0,
      1.0,
      1.0,
      0.0,
      1.0,
      1.0,
      1.0,
      1.0,
      0.0,
      1.0,
      0.0,
      1.0,
      1.0,
      0.0,
      1.0,
      0.0,
      0.0,
      1.0,
      1.0,
      0.0,
      1.0,
      1.0,
      1.0,
      0.0,
      0.0,
      1.0,
      1.0,
      0.0,
      1.0,
      0.0,
      1.0,
      1.0,
      1.0,
      1.0,
      1.0,
      1.0,
      1.0
    ],
    "decode_total_time": 6.4501458294689655,
    "decode_total_tokens": 264.0,
    "prefill_total_time": 2.262021621223539,
    "prefill_total_tokens": 512.0,
    "target_step_times": [
      2.262031810823828,
      0.20375921297818422,
      0.06891159992665052,
      0.07067170413210988,
      0.07046596519649029,
      0.07264311704784632,
      0.07049467507749796,
      0.07161441585049033,
      0.07049696613103151,
      0.0705180549994111,
      0.06949289422482252,
      0.11820882884785533,
      0.11910773208364844,
      0.06886544916778803,
      0.07004841975867748,
      0.06996730994433165,
      0.12043131981045008,
      0.07077268324792385,
      0.07232528924942017,
      0.07276499597355723,
      0.06995025975629687,
      0.07052815472707152,
      0.06940575502812862,
      0.06945536518469453,
      0.11744774645194411,
      0.0704770851880312,
      0.11733413813635707,
      0.11948273843154311,
      0.0726530971005559,
      0.11834174813702703,
      0.07188915321603417,
      0.06978829205036163,
      0.11785324197262526,
      0.07157464697957039,
      0.07129829889163375,
      0.12145880237221718,
      0.07196062197908759,
      0.12071006838232279,
      0.07058795494958758,
      0.07188732270151377,
      0.07047479599714279,
      0.06944027496501803,
      0.1167128230445087,
      0.07050963491201401,
      0.06941831484436989,
      0.06945477519184351,
      0.06942617380991578,
      0.11891750385984778,
      0.070492684841156,
      0.11907759169116616,
      0.07047707587480545,
      0.07048675511032343,
      0.11988992523401976,
      0.07157785631716251,
      0.11929930001497269,
      0.12005659332498908,
      0.07471467927098274,
      0.07057354506105185,
      0.12280452903360128,
      0.07299508387222886,
      0.070027238689363,
      0.07002338021993637,
      0.11865960573777556,
      0.11921152984723449,
      0.07263949699699879,
      0.06976130232214928,
      0.11781905312091112,
      0.07054403470829129,
      0.11779692396521568,
      0.06947078369557858,
      0.06949498411267996,
      0.07014246890321374,
      0.06985649093985558,
      0.0707685430534184,
      0.07135220756754279,
      0.07045980589464307
    ],