{
  "async_speculative": true,
  "batch_size": 1,
  "calibration_schema_version": 1,
  "dataset": "gsm",
  "draft_model": "0.6",
  "draft_temperature": null,
  "f": 1,
  "fan_out_list_hit": null,
  "fan_out_list_miss": null,
  "gpus": 2,
  "input_len": 128,
  "k": 8,
  "metric_stats": {
    "accepted_suffix_lens_on_hit": {
      "count": 38,
      "max": 9.0,
      "mean": 4.368421052631579,
      "min": 1.0,
      "p50": 2.0,
      "p90": 9.0,
      "p95": 9.0,
      "p99": 9.0,
      "sum": 166.0
    },
    "accepted_suffix_lens_on_miss": {
      "count": 37,
      "max": 9.0,
      "mean": 2.6486486486486487,
      "min": 1.0,
      "p50": 2.0,
      "p90": 6.799999999999997,
      "p95": 9.0,
      "p99": 9.0,
      "sum": 98.0
    },
    "accepted_suffix_lens_with_recovery": {
      "count": 75,
      "max": 9.0,
      "mean": 3.52,
      "min": 1.0,
      "p50": 2.0,
      "p90": 9.0,
      "p95": 9.0,
      "p99": 9.0,
      "sum": 264.0
    },
    "cache_hits": {
      "count": 75,
      "max": 1.0,
      "mean": 0.5066666666666667,
      "min": 0.0,
      "p50": 1.0,
      "p90": 1.0,
      "p95": 1.0,
      "p99": 1.0,
      "sum": 38.0
    },
    "target_step_times_ms": {
      "count": 76,
      "max": 1559.1209260746837,
      "mean": 114.36841030923748,
      "min": 67.27769318968058,
      "p50": 95.48107301816344,
      "p90": 117.00816499069333,
      "p95": 117.7274757064879,
      "p99": 639.9433399783447,
      "sum": 8691.999183502048
    },
    "target_verify_times_ms": {
      "count": 75,
      "max": 82.5262013822794,
      "mean": 65.1317401168247,
      "min": 64.24843007698655,
      "p50": 64.66926587745547,
      "p90": 65.29004089534283,
      "p95": 65.73790307156742,
      "p99": 74.75597267970448,
      "sum": 4884.880508761853
    }
  },
  "metrics_accepted_suffix_tokens_per_target_verify_second": 54.044310710665634,
  "metrics_avg_accepted_suffix_lens_on_hit": 4.368421052631579,
  "metrics_avg_accepted_suffix_lens_on_miss": 2.6486486486486487,
  "metrics_avg_accepted_suffix_lens_with_recovery": 3.52,
  "metrics_avg_cache_hits": 0.5066666666666667,
  "metrics_avg_target_step_time_ms": 114.36841030923748,
  "metrics_avg_target_verify_time_ms": 65.1317401168247,
  "metrics_decode_throughput": 37.013801530201356,
  "metrics_decode_tokens_per_target_verify_second": 54.044310710665634,
  "metrics_decode_total_time": 7.13247461989522,
  "metrics_decode_total_tokens": 264,
  "metrics_prefill_throughput": 328.39497077109434,
  "metrics_prefill_total_time": 1.5590981761924922,
  "metrics_prefill_total_tokens": 512,
  "metrics_spec_steps": 75,
  "metrics_target_verify_total_time": 4.884880508761853,
  "metrics_total_accepted_suffix_lens_with_recovery": 264,
  "mode": "CUDA Graphs + Speculative(k=8) + Async + JIT",
  "model_name": "Qwen3-8B",
  "numseqs": 4,
  "official_end_to_end_throughput": 29.441065283601944,
  "official_total_time": 8.695337533950806,
  "official_total_tokens": 256,
  "output_len": 64,
  "random_mode": false,
  "raw_metrics": {
    "accepted_suffix_lens_on_hit": [
      1.0,
      2.0,
      9.0,
      9.0,
      9.0,
      9.0,
      9.0,
      9.0,
      9.0,
      6.0,
      1.0,
      1.0,
      2.0,
      3.0,
      1.0,
      2.0,
      1.0,
      2.0,
      1.0,
      1.0,
      1.0,
      2.0,
      2.0,
      2.0,
      2.0,
      6.0,
      2.0,
      2.0,
      1.0,
      1.0,
      1.0,
      3.0,
      9.0,
      9.0,
      9.0,
      9.0,
      9.0,
      9.0
    ],
    "accepted_suffix_lens_on_miss": [
      3.0,
      2.0,
      9.0,
      1.0,
      8.0,
      1.0,
      1.0,
      3.0,
      1.0,
      1.0,
      3.0,
      3.0,
      1.0,
      2.0,
      9.0,
      1.0,
      1.0,
      1.0,
      6.0,
      2.0,
      1.0,
      1.0,
      1.0,
      1.0,
      1.0,
      2.0,
      1.0,
      2.0,
      4.0,
      1.0,
      4.0,
      3.0,
      3.0,
      1.0,
      1.0,
      3.0,
      9.0
    ],
    "accepted_suffix_lens_with_recovery": [
      3.0,
      1.0,
      2.0,
      9.0,
      9.0,
      9.0,
      9.0,
      9.0,
      9.0,
      9.0,
      2.0,
      9.0,
      6.0,
      1.0,
      1.0,
      8.0,
      1.0,
      1.0,
      1.0,
      2.0,
      3.0,
      3.0,
      1.0,
      1.0,
      1.0,
      3.0,
      3.0,
      2.0,
      1.0,
      1.0,
      2.0,
      2.0,
      1.0,
      9.0,
      1.0,
      1.0,
      1.0,
      1.0,
      1.0,
      2.0,
      6.0,
      2.0,
      2.0,
      1.0,
      2.0,
      2.0,
      1.0,
      1.0,
      1.0,
      6.0,
      2.0,
      1.0,
      2.0,
      2.0,
      1.0,
      2.0,
      4.0,
      1.0,
      4.0,
      1.0,
      3.0,
      3.0,
      1.0,
      1.0,
      1.0,
      1.0,
      3.0,
      3.0,
      9.0,
      9.0,
      9.0,
      9.0,
      9.0,
      9.0,
      9.0
    ],
    "cache_hits": [
      0.0,
      1.0,
      1.0,
      1.0,
      1.0,
      1.0,
      1.0,
      1.0,
      1.0,
      1.0,
      0.0,
      0.0,
      1.0,
      1.0,
      0.0,
      0.0,
      0.0,
      0.0,
      1.0,
      1.0,
      0.0,
      1.0,
      0.0,
      0.0,
      1.0,
      0.0,
      0.0,
      1.0,
      0.0,
      1.0,
      1.0,
      0.0,
      1.0,
      0.0,
      0.0,
      1.0,
      0.0,
      1.0,
      0.0,
      1.0,
      0.0,
      0.0,
      1.0,
      0.0,
      1.0,
      1.0,
      0.0,
      0.0,
      0.0,
      1.0,
      1.0,
      0.0,
      1.0,
      0.0,
      0.0,
      0.0,
      0.0,
      0.0,
      0.0,
      1.0,
      0.0,
      0.0,
      0.0,
      1.0,
      1.0,
      0.0,
      1.0,
      0.0,
      0.0,
      1.0,
      1.0,
      1.0,
      1.0,
      1.0,
      1.0
    ],
    "decode_total_time": 7.13247461989522,
    "decode_total_tokens": 264.0,
    "prefill_total_time": 1.5590981761924922,
    "prefill_total_tokens": 512.0,
    "target_step_times": [
      1.5591209260746837,
      0.3335508112795651,
      0.0702424980700016,
      0.06867543095722795,
      0.06843066308647394,
      0.06877411063760519,
      0.06856454256922007,
      0.06794901704415679,
      0.06771779013797641,
      0.06760028982535005,
      0.0692280768416822,
      0.11689463071525097,
      0.11583686992526054,
      0.06973879178985953,
      0.0692161270417273,
      0.11661023274064064,
      0.11428933404386044,
      0.11580960033461452,
      0.11562322173267603,
      0.06959684286266565,
      0.06850790185853839,
      0.11600214941427112,
      0.06853566225618124,
      0.11488611903041601,
      0.1160487188026309,
      0.06849666219204664,
      0.11477375030517578,
      0.11645673401653767,
      0.0683463136665523,
      0.11576572107151151,
      0.06873866077512503,
      0.06865393230691552,
      0.11491547804325819,
      0.06796175707131624,
      0.11605963809415698,
      0.11540481401607394,
      0.06859371159225702,
      0.11502789705991745,
      0.06870679091662169,
      0.11518136598169804,
      0.06774036912247539,
      0.1158081004396081,
      0.11620339704677463,
      0.06829812470823526,
      0.11553612165153027,
      0.06824644515290856,
      0.06894068885594606,
      0.11588992038741708,
      0.11663364293053746,
      0.11688592005521059,
      0.06867764191702008,
      0.06807303568348289,
      0.11718655796721578,
      0.06841223407536745,
      0.11522308504208922,
      0.11643802467733622,
      0.12180767813697457,
      0.11935022892430425,
      0.11708179907873273,
      0.11702784011140466,
      0.06859370181336999,
      0.115744240116328,
      0.116988489869982,
      0.11668512271717191,
      0.06910500722005963,
      0.06942786509171128,
      0.11705461889505386,
      0.07667281199246645,
      0.11617000726982951,
      0.11631191615015268,
      0.06727769318968058,
      0.06889395974576473,
      0.0680450857616961,
      0.06958199385553598,
      0.06769499881193042,
      0.06775722885504365
    ],