{
  "async_speculative": true,
  "batch_size": 1,
  "calibration_schema_version": 1,
  "dataset": "gsm",
  "draft_model": "0.6",
  "draft_temperature": null,
  "f": 4,
  "fan_out_list_hit": null,
  "fan_out_list_miss": null,
  "gpus": 2,
  "input_len": 128,
  "k": 8,
  "metric_stats": {
    "accepted_suffix_lens_on_hit": {
      "count": 53,
      "max": 9.0,
      "mean": 4.018867924528302,
      "min": 1.0,
      "p50": 2.0,
      "p90": 9.0,
      "p95": 9.0,
      "p99": 9.0,
      "sum": 213.0
    },
    "accepted_suffix_lens_on_miss": {
      "count": 22,
      "max": 9.0,
      "mean": 2.3181818181818183,
      "min": 1.0,
      "p50": 1.5,
      "p90": 3.0,
      "p95": 7.7499999999999964,
      "p99": 8.79,
      "sum": 51.0
    },
    "accepted_suffix_lens_with_recovery": {
      "count": 75,
      "max": 9.0,
      "mean": 3.52,
      "min": 1.0,
      "p50": 2.0,
      "p90": 9.0,
      "p95": 9.0,
      "p99": 9.0,
      "sum": 264.0
    },
    "cache_hits": {
      "count": 75,
      "max": 1.0,
      "mean": 0.7066666666666667,
      "min": 0.0,
      "p50": 1.0,
      "p90": 1.0,
      "p95": 1.0,
      "p99": 1.0,
      "sum": 53.0
    },
    "target_step_times_ms": {
      "count": 76,
      "max": 1515.6363467685878,
      "mean": 104.81554852479971,
      "min": 69.29129641503096,
      "p50": 71.15311501547694,
      "p90": 119.53009362332523,
      "p95": 121.12547678407282,
      "p99": 515.3080872260034,
      "sum": 7965.981687884778
    },
    "target_verify_times_ms": {
      "count": 75,
      "max": 80.42315859347582,
      "mean": 64.8752792738378,
      "min": 64.23238990828395,
      "p50": 64.54739719629288,
      "p90": 65.28797456994653,
      "p95": 65.52179912105203,
      "p99": 69.69841009937235,
      "sum": 4865.645945537835
    }
  },
  "metrics_accepted_suffix_tokens_per_target_verify_second": 54.25795525506905,
  "metrics_avg_accepted_suffix_lens_on_hit": 4.018867924528302,
  "metrics_avg_accepted_suffix_lens_on_miss": 2.3181818181818183,
  "metrics_avg_accepted_suffix_lens_with_recovery": 3.52,
  "metrics_avg_cache_hits": 0.7066666666666667,
  "metrics_avg_target_step_time_ms": 104.81554852479971,
  "metrics_avg_target_verify_time_ms": 64.8752792738378,
  "metrics_decode_throughput": 40.93037441720222,
  "metrics_decode_tokens_per_target_verify_second": 54.25795525506905,
  "metrics_decode_total_time": 6.449977645184845,
  "metrics_decode_total_tokens": 264,
  "metrics_prefill_throughput": 337.81446910870295,
  "metrics_prefill_total_time": 1.515624837949872,
  "metrics_prefill_total_tokens": 512,
  "metrics_spec_steps": 75,
  "metrics_target_verify_total_time": 4.865645945537835,
  "metrics_total_accepted_suffix_lens_with_recovery": 264,
  "mode": "CUDA Graphs + Speculative(k=8) + Async + JIT",
  "model_name": "Qwen3-8B",
  "numseqs": 4,
  "official_end_to_end_throughput": 32.12330272489056,
  "official_total_time": 7.969292640686035,
  "official_total_tokens": 256,
  "output_len": 64,
  "random_mode": false,
  "raw_metrics": {
    "accepted_suffix_lens_on_hit": [
      1.0,
      2.0,
      9.0,
      9.0,
      9.0,
      9.0,
      9.0,
      9.0,
      9.0,
      6.0,
      1.0,
      1.0,
      1.0,
      1.0,
      1.0,
      2.0,
      3.0,
      3.0,
      1.0,
      1.0,
      2.0,
      1.0,
      2.0,
      1.0,
      9.0,
      1.0,
      1.0,
      1.0,
      2.0,
      6.0,
      2.0,
      1.0,
      2.0,
      2.0,
      1.0,
      6.0,
      2.0,
      2.0,
      2.0,
      4.0,
      4.0,
      1.0,
      3.0,
      1.0,
      1.0,
      3.0,
      9.0,
      9.0,
      9.0,
      9.0,
      9.0,
      9.0,
      9.0
    ],
    "accepted_suffix_lens_on_miss": [
      3.0,
      2.0,
      9.0,
      8.0,
      1.0,
      3.0,
      3.0,
      1.0,
      2.0,
      1.0,
      1.0,
      2.0,
      1.0,
      1.0,
      1.0,
      2.0,
      1.0,
      1.0,
      3.0,
      1.0,
      1.0,
      3.0
    ],
    "accepted_suffix_lens_with_recovery": [
      3.0,
      1.0,
      2.0,
      9.0,
      9.0,
      9.0,
      9.0,
      9.0,
      9.0,
      9.0,
      2.0,
      9.0,
      6.0,
      1.0,
      1.0,
      8.0,
      1.0,
      1.0,
      1.0,
      2.0,
      3.0,
      3.0,
      1.0,
      1.0,
      1.0,
      3.0,
      3.0,
      2.0,
      1.0,
      1.0,
      2.0,
      2.0,
      1.0,
      9.0,
      1.0,
      1.0,
      1.0,
      1.0,
      1.0,
      2.0,
      6.0,
      2.0,
      2.0,
      1.0,
      2.0,
      2.0,
      1.0,
      1.0,
      1.0,
      6.0,
      2.0,
      1.0,
      2.0,
      2.0,
      1.0,
      2.0,
      4.0,
      1.0,
      4.0,
      1.0,
      3.0,
      3.0,
      1.0,
      1.0,
      1.0,
      1.0,
      3.0,
      3.0,
      9.0,
      9.0,
      9.0,
      9.0,
      9.0,
      9.0,
      9.0
    ],
    "cache_hits": [
      0.0,
      1.0,
      1.0,
      1.0,
      1.0,
      1.0,
      1.0,
      1.0,
      1.0,
      1.0,
      0.0,
      0.0,
      1.0,
      1.0,
      1.0,
      0.0,
      1.0,
      1.0,
      1.0,
      1.0,
      1.0,
      1.0,
      1.0,
      0.0,
      1.0,
      0.0,
      0.0,
      1.0,
      0.0,
      1.0,
      1.0,
      0.0,
      1.0,
      1.0,
      0.0,
      1.0,
      0.0,
      1.0,
      1.0,
      1.0,
      1.0,
      0.0,
      1.0,
      1.0,
      1.0,
      1.0,
      0.0,
      1.0,
      0.0,
      1.0,
      1.0,
      0.0,
      1.0,
      0.0,
      0.0,
      1.0,
      1.0,
      0.0,
      1.0,
      1.0,
      1.0,
      0.0,
      0.0,
      1.0,
      1.0,
      0.0,
      1.0,
      0.0,
      1.0,
      1.0,
      1.0,
      1.0,
      1.0,
      1.0,
      1.0
    ],
    "decode_total_time": 6.449977645184845,
    "decode_total_tokens": 264.0,
    "prefill_total_time": 1.515624837949872,
    "prefill_total_tokens": 512.0,
    "target_step_times": [
      1.5156363467685878,
      0.18186533404514194,
      0.08703891187906265,
      0.07051676511764526,
      0.0705325249582529,
      0.07060869410634041,
      0.07057634508237243,
      0.0704590161330998,
      0.07053974457085133,
      0.07051954511553049,
      0.07140457769855857,
      0.11814271984621882,
      0.11959840822964907,
      0.07366574788466096,
      0.07789974007755518,
      0.07046919595450163,
      0.11773732397705317,
      0.07180710369721055,
      0.07094021094962955,
      0.07119696913287044,
      0.07027911813929677,
      0.07157916575670242,
      0.07184528280049562,
      0.07110926089808345,
      0.11844287673011422,
      0.0715759159065783,
      0.11883988417685032,
      0.12170477909967303,
      0.07270955620333552,
      0.11903342185541987,
      0.06970250280573964,
      0.07097360119223595,
      0.11787680210545659,
      0.07047543628141284,
      0.06944230478256941,
      0.11740242689847946,
      0.07081237295642495,
      0.11750981537625194,
      0.0720504717901349,
      0.07022206811234355,
      0.0700791091658175,
      0.0698688211850822,
      0.12250533187761903,
      0.07052742503583431,
      0.07071931380778551,
      0.06929129641503096,
      0.06996894115582108,
      0.11853588605299592,
      0.07063585426658392,
      0.12093237601220608,
      0.07053301529958844,
      0.06947081489488482,
      0.11758505506440997,
      0.07055495399981737,
      0.1175812752917409,
      0.11946177901700139,
      0.06941985478624701,
      0.06955554289743304,
      0.11725433822721243,
      0.06964863324537873,
      0.07132220827043056,
      0.06985615100711584,
      0.11985813593491912,
      0.12043741112574935,
      0.07365786703303456,
      0.07365331798791885,
      0.11838416801765561,
      0.07315835170447826,
      0.1188828139565885,
      0.0704496456310153,
      0.06941175507381558,
      0.06936184503138065,
      0.069393175188452,
      0.07045673578977585,
      0.06941271526739001,
      0.06941348407417536
    ],