{
  "async_speculative": true,
  "batch_size": 1,
  "calibration_schema_version": 1,
  "dataset": "gsm",
  "draft_model": "0.6",
  "draft_temperature": null,
  "f": 1,
  "fan_out_list_hit": null,
  "fan_out_list_miss": null,
  "gpus": 2,
  "input_len": 128,
  "k": 4,
  "metric_stats": {
    "accepted_suffix_lens_on_hit": {
      "count": 53,
      "max": 5.0,
      "mean": 3.4150943396226414,
      "min": 1.0,
      "p50": 5.0,
      "p90": 5.0,
      "p95": 5.0,
      "p99": 5.0,
      "sum": 181.0
    },
    "accepted_suffix_lens_on_miss": {
      "count": 38,
      "max": 5.0,
      "mean": 2.1842105263157894,
      "min": 1.0,
      "p50": 1.5,
      "p90": 5.0,
      "p95": 5.0,
      "p99": 5.0,
      "sum": 83.0
    },
    "accepted_suffix_lens_with_recovery": {
      "count": 91,
      "max": 5.0,
      "mean": 2.901098901098901,
      "min": 1.0,
      "p50": 2.0,
      "p90": 5.0,
      "p95": 5.0,
      "p99": 5.0,
      "sum": 264.0
    },
    "cache_hits": {
      "count": 91,
      "max": 1.0,
      "mean": 0.5824175824175825,
      "min": 0.0,
      "p50": 1.0,
      "p90": 1.0,
      "p95": 1.0,
      "p99": 1.0,
      "sum": 53.0
    },
    "target_step_times_ms": {
      "count": 92,
      "max": 1103.9922907948494,
      "mean": 92.39700159726098,
      "min": 68.13577096909285,
      "p50": 70.4409007448703,
      "p90": 94.09602689556777,
      "p95": 94.3983206525445,
      "p99": 323.7662716489314,
      "sum": 8500.52414694801
    },
    "target_verify_times_ms": {
      "count": 91,
      "max": 102.35764039680362,
      "mean": 64.8983392485796,
      "min": 64.04702737927437,
      "p50": 64.34287270531058,
      "p90": 65.02578780055046,
      "p95": 65.08613820187747,
      "p99": 69.2209118977187,
      "sum": 5905.7488716207445
    }
  },
  "metrics_accepted_suffix_tokens_per_target_verify_second": 44.7022055523924,
  "metrics_avg_accepted_suffix_lens_on_hit": 3.4150943396226414,
  "metrics_avg_accepted_suffix_lens_on_miss": 2.1842105263157894,
  "metrics_avg_accepted_suffix_lens_with_recovery": 2.901098901098901,
  "metrics_avg_cache_hits": 0.5824175824175825,
  "metrics_avg_target_step_time_ms": 92.39700159726098,
  "metrics_avg_target_verify_time_ms": 64.8983392485796,
  "metrics_decode_throughput": 35.694916933839885,
  "metrics_decode_tokens_per_target_verify_second": 44.7022055523924,
  "metrics_decode_total_time": 7.396011047996581,
  "metrics_decode_total_tokens": 264,
  "metrics_prefill_throughput": 463.77645425405814,
  "metrics_prefill_total_time": 1.1039801510050893,
  "metrics_prefill_total_tokens": 512,
  "metrics_spec_steps": 91,
  "metrics_target_verify_total_time": 5.9057488716207445,
  "metrics_total_accepted_suffix_lens_with_recovery": 264,
  "mode": "CUDA Graphs + Speculative(k=4) + Async + JIT",
  "model_name": "Qwen3-8B",
  "numseqs": 4,
  "official_end_to_end_throughput": 30.102127209824847,
  "official_total_time": 8.504382371902466,
  "official_total_tokens": 256,
  "output_len": 64,
  "random_mode": false,
  "raw_metrics": {
    "accepted_suffix_lens_on_hit": [
      1.0,
      2.0,
      5.0,
      5.0,
      5.0,
      5.0,
      5.0,
      5.0,
      5.0,
      5.0,
      5.0,
      5.0,
      5.0,
      5.0,
      5.0,
      5.0,
      3.0,
      1.0,
      2.0,
      3.0,
      1.0,
      2.0,
      1.0,
      2.0,
      1.0,
      5.0,
      1.0,
      1.0,
      2.0,
      1.0,
      2.0,
      2.0,
      2.0,
      5.0,
      1.0,
      2.0,
      2.0,
      1.0,
      1.0,
      1.0,
      3.0,
      5.0,
      5.0,
      5.0,
      5.0,
      5.0,
      5.0,
      5.0,
      5.0,
      5.0,
      5.0,
      5.0,
      5.0
    ],
    "accepted_suffix_lens_on_miss": [
      3.0,
      2.0,
      5.0,
      1.0,
      1.0,
      5.0,
      1.0,
      1.0,
      3.0,
      1.0,
      1.0,
      3.0,
      3.0,
      1.0,
      2.0,
      5.0,
      1.0,
      1.0,
      1.0,
      5.0,
      2.0,
      1.0,
      1.0,
      1.0,
      1.0,
      1.0,
      2.0,
      1.0,
      2.0,
      4.0,
      1.0,
      4.0,
      3.0,
      3.0,
      1.0,
      1.0,
      3.0,
      5.0
    ],
    "accepted_suffix_lens_with_recovery": [
      3.0,
      1.0,
      2.0,
      5.0,
      5.0,
      5.0,
      5.0,
      5.0,
      5.0,
      5.0,
      5.0,
      5.0,
      5.0,
      5.0,
      5.0,
      2.0,
      5.0,
      5.0,
      5.0,
      1.0,
      1.0,
      5.0,
      3.0,
      1.0,
      1.0,
      1.0,
      2.0,
      3.0,
      3.0,
      1.0,
      1.0,
      1.0,
      3.0,
      3.0,
      2.0,
      1.0,
      1.0,
      2.0,
      2.0,
      1.0,
      5.0,
      5.0,
      1.0,
      1.0,
      1.0,
      1.0,
      1.0,
      2.0,
      5.0,
      1.0,
      2.0,
      2.0,
      1.0,
      2.0,
      2.0,
      1.0,
      1.0,
      1.0,
      5.0,
      1.0,
      2.0,
      1.0,
      2.0,
      2.0,
      1.0,
      2.0,
      4.0,
      1.0,
      4.0,
      1.0,
      3.0,
      3.0,
      1.0,
      1.0,
      1.0,
      1.0,
      3.0,
      3.0,
      5.0,
      5.0,
      5.0,
      5.0,
      5.0,
      5.0,
      5.0,
      5.0,
      5.0,
      5.0,
      5.0,
      5.0,
      5.0
    ],
    "cache_hits": [
      0.0,
      1.0,
      1.0,
      1.0,
      1.0,
      1.0,
      1.0,
      1.0,
      1.0,
      1.0,
      1.0,
      1.0,
      1.0,
      1.0,
      1.0,
      0.0,
      0.0,
      1.0,
      1.0,
      0.0,
      0.0,
      0.0,
      1.0,
      0.0,
      0.0,
      1.0,
      1.0,
      0.0,
      1.0,
      0.0,
      0.0,
      1.0,
      0.0,
      0.0,
      1.0,
      0.0,
      1.0,
      1.0,
      0.0,
      1.0,
      0.0,
      1.0,
      0.0,
      1.0,
      0.0,
      1.0,
      0.0,
      1.0,
      0.0,
      1.0,
      0.0,
      1.0,
      0.0,
      1.0,
      1.0,
      0.0,
      0.0,
      0.0,
      1.0,
      1.0,
      1.0,
      0.0,
      1.0,
      0.0,
      0.0,
      0.0,
      0.0,
      0.0,
      0.0,
      1.0,
      0.0,
      0.0,
      0.0,
      1.0,
      1.0,
      0.0,
      1.0,
      0.0,
      0.0,
      1.0,
      1.0,
      1.0,
      1.0,
      1.0,
      1.0,
      1.0,
      1.0,
      1.0,
      1.0,
      1.0,
      1.0
    ],
    "decode_total_time": 7.396011047996581,
    "decode_total_tokens": 264.0,
    "prefill_total_time": 1.1039801510050893,
    "prefill_total_tokens": 512.0,