{
  "async_speculative": true,
  "batch_size": 1,
  "calibration_schema_version": 1,
  "dataset": "gsm",
  "draft_model": "0.6",
  "draft_temperature": null,
  "f": 1,
  "fan_out_list_hit": null,
  "fan_out_list_miss": null,
  "gpus": 2,
  "input_len": 128,
  "k": 8,
  "metric_stats": {
    "accepted_suffix_lens_on_hit": {
      "count": 38,
      "max": 9.0,
      "mean": 4.368421052631579,
      "min": 1.0,
      "p50": 2.0,
      "p90": 9.0,
      "p95": 9.0,
      "p99": 9.0,
      "sum": 166.0
    },
    "accepted_suffix_lens_on_miss": {
      "count": 37,
      "max": 9.0,
      "mean": 2.6486486486486487,
      "min": 1.0,
      "p50": 2.0,
      "p90": 6.799999999999997,
      "p95": 9.0,
      "p99": 9.0,
      "sum": 98.0
    },
    "accepted_suffix_lens_with_recovery": {
      "count": 75,
      "max": 9.0,
      "mean": 3.52,
      "min": 1.0,
      "p50": 2.0,
      "p90": 9.0,
      "p95": 9.0,
      "p99": 9.0,
      "sum": 264.0
    },
    "cache_hits": {
      "count": 75,
      "max": 1.0,
      "mean": 0.5066666666666667,
      "min": 0.0,
      "p50": 1.0,
      "p90": 1.0,
      "p95": 1.0,
      "p99": 1.0,
      "sum": 38.0
    },
    "target_step_times_ms": {
      "count": 76,
      "max": 1075.145314913243,
      "mean": 106.08378868844164,
      "min": 67.26144393905997,
      "p50": 93.0567632894963,
      "p90": 116.96342006325722,
      "p95": 117.66035633627325,
      "p99": 414.43888400681317,
      "sum": 8062.367940321565
    },
    "target_verify_times_ms": {
      "count": 75,
      "max": 80.25240991264582,
      "mean": 64.89495232701302,
      "min": 64.23698971047997,
      "p50": 64.620615914464,
      "p90": 65.22026499733329,
      "p95": 65.42979110963643,
      "p99": 69.39165062271067,
      "sum": 4867.121424525976
    }
  },
  "metrics_accepted_suffix_tokens_per_target_verify_second": 54.24150683187687,
  "metrics_avg_accepted_suffix_lens_on_hit": 4.368421052631579,
  "metrics_avg_accepted_suffix_lens_on_miss": 2.6486486486486487,
  "metrics_avg_accepted_suffix_lens_with_recovery": 3.52,
  "metrics_avg_cache_hits": 0.5066666666666667,
  "metrics_avg_target_step_time_ms": 106.08378868844164,
  "metrics_avg_target_verify_time_ms": 64.89495232701302,
  "metrics_decode_throughput": 37.78512024966352,
  "metrics_decode_tokens_per_target_verify_second": 54.24150683187687,
  "metrics_decode_total_time": 6.986877327784896,
  "metrics_decode_total_tokens": 264,
  "metrics_prefill_throughput": 476.2217212044437,
  "metrics_prefill_total_time": 1.0751294558867812,
  "metrics_prefill_total_tokens": 512,
  "metrics_spec_steps": 75,
  "metrics_target_verify_total_time": 4.867121424525976,
  "metrics_total_accepted_suffix_lens_with_recovery": 264,
  "mode": "CUDA Graphs + Speculative(k=8) + Async + JIT",
  "model_name": "Qwen3-8B",
  "numseqs": 4,
  "official_end_to_end_throughput": 31.739490564512902,
  "official_total_time": 8.065661907196045,
  "official_total_tokens": 256,
  "output_len": 64,
  "random_mode": false,
  "raw_metrics": {
    "accepted_suffix_lens_on_hit": [
      1.0,
      2.0,
      9.0,
      9.0,
      9.0,
      9.0,
      9.0,
      9.0,
      9.0,
      6.0,
      1.0,
      1.0,
      2.0,
      3.0,
      1.0,
      2.0,
      1.0,
      2.0,
      1.0,
      1.0,
      1.0,
      2.0,
      2.0,
      2.0,
      2.0,
      6.0,
      2.0,
      2.0,
      1.0,
      1.0,
      1.0,
      3.0,
      9.0,
      9.0,
      9.0,
      9.0,
      9.0,
      9.0
    ],
    "accepted_suffix_lens_on_miss": [
      3.0,
      2.0,
      9.0,
      1.0,
      8.0,
      1.0,
      1.0,
      3.0,
      1.0,
      1.0,
      3.0,
      3.0,
      1.0,
      2.0,
      9.0,
      1.0,
      1.0,
      1.0,
      6.0,
      2.0,
      1.0,
      1.0,
      1.0,
      1.0,
      1.0,
      2.0,
      1.0,
      2.0,
      4.0,
      1.0,
      4.0,
      3.0,
      3.0,
      1.0,
      1.0,
      3.0,
      9.0
    ],
    "accepted_suffix_lens_with_recovery": [
      3.0,
      1.0,
      2.0,
      9.0,
      9.0,
      9.0,
      9.0,
      9.0,
      9.0,
      9.0,
      2.0,
      9.0,
      6.0,
      1.0,
      1.0,
      8.0,
      1.0,
      1.0,
      1.0,
      2.0,
      3.0,
      3.0,
      1.0,
      1.0,
      1.0,
      3.0,
      3.0,
      2.0,
      1.0,
      1.0,
      2.0,
      2.0,
      1.0,
      9.0,
      1.0,
      1.0,
      1.0,
      1.0,
      1.0,
      2.0,
      6.0,
      2.0,
      2.0,
      1.0,
      2.0,
      2.0,
      1.0,
      1.0,
      1.0,
      6.0,
      2.0,
      1.0,
      2.0,
      2.0,
      1.0,
      2.0,
      4.0,
      1.0,
      4.0,
      1.0,
      3.0,
      3.0,
      1.0,
      1.0,
      1.0,
      1.0,
      3.0,
      3.0,
      9.0,
      9.0,
      9.0,
      9.0,
      9.0,
      9.0,
      9.0
    ],
    "cache_hits": [
      0.0,
      1.0,
      1.0,
      1.0,
      1.0,
      1.0,
      1.0,
      1.0,
      1.0,
      1.0,
      0.0,
      0.0,
      1.0,
      1.0,
      0.0,
      0.0,
      0.0,
      0.0,
      1.0,
      1.0,
      0.0,
      1.0,
      0.0,
      0.0,
      1.0,
      0.0,
      0.0,
      1.0,
      0.0,
      1.0,
      1.0,
      0.0,
      1.0,
      0.0,
      0.0,
      1.0,
      0.0,
      1.0,
      0.0,
      1.0,
      0.0,
      0.0,
      1.0,
      0.0,
      1.0,
      1.0,
      0.0,
      0.0,
      0.0,
      1.0,
      1.0,
      0.0,
      1.0,
      0.0,
      0.0,
      0.0,
      0.0,
      0.0,
      0.0,
      1.0,
      0.0,
      0.0,
      0.0,
      1.0,
      1.0,
      0.0,
      1.0,
      0.0,
      0.0,
      1.0,
      1.0,
      1.0,
      1.0,
      1.0,
      1.0
    ],
    "decode_total_time": 6.986877327784896,
    "decode_total_tokens": 264.0,
    "prefill_total_time": 1.0751294558867812,
    "prefill_total_tokens": 512.0,
    "target_step_times": [
      1.075145314913243,
      0.1942034070380032,
      0.06893736915662885,
      0.06732834270223975,
      0.06840529385954142,
      0.06743120215833187,
      0.06741360295563936,
      0.0684084533713758,
      0.07171016465872526,
      0.06848833337426186,
      0.06827499391511083,
      0.11573626101016998,
      0.12065970804542303,
      0.06759750097990036,
      0.06887146877124906,
      0.11675236187875271,
      0.11581075983121991,
      0.11698292009532452,
      0.11523622600361705,
      0.06857389211654663,
      0.06896993797272444,
      0.11580424988642335,
      0.06907002814114094,
      0.11694392003118992,
      0.1160565591417253,
      0.06831492390483618,
      0.11742555582895875,
      0.11549590295180678,
      0.0687465202063322,
      0.11595911905169487,
      0.06945213489234447,
      0.06879903003573418,
      0.11631829477846622,
      0.06925935670733452,
      0.11627609608694911,
      0.11537843383848667,
      0.06831725407391787,
      0.11629660567268729,
      0.06832088436931372,
      0.11653217393904924,
      0.06830573501065373,
      0.11542697297409177,
      0.1151151959784329,
      0.06829323479905725,
      0.11651911400258541,
      0.06826912518590689,
      0.06824099505320191,
      0.11440336192026734,
      0.11521588591858745,
      0.1159338690340519,
      0.07161419466137886,
      0.06831802474334836,
      0.11514069512486458,
      0.06820740597322583,
      0.11523774499073625,
      0.11610988806933165,
      0.1166575220413506,
      0.11699461983516812,
      0.11754288477823138,
      0.11801277101039886,
      0.06905216770246625,
      0.11640064511448145,
      0.11650643404573202,
      0.11632509622722864,
      0.06901988806203008,
      0.06816913606598973,
      0.11620479729026556,
      0.06896991888061166,
      0.11549743264913559,
      0.11595608899369836,
      0.06933690514415503,
      0.06832722388207912,
      0.06726144393905997,
      0.06885258993133903,
      0.06863752100616693,
      0.06858685193583369
    ],