{
  "async_speculative": true,
  "batch_size": 1,
  "calibration_schema_version": 1,
  "dataset": "gsm",
  "draft_model": "0.6",
  "draft_temperature": null,
  "f": 2,
  "fan_out_list_hit": null,
  "fan_out_list_miss": null,
  "gpus": 2,
  "input_len": 128,
  "k": 8,
  "metric_stats": {
    "accepted_suffix_lens_on_hit": {
      "count": 45,
      "max": 9.0,
      "mean": 4.355555555555555,
      "min": 1.0,
      "p50": 2.0,
      "p90": 9.0,
      "p95": 9.0,
      "p99": 9.0,
      "sum": 196.0
    },
    "accepted_suffix_lens_on_miss": {
      "count": 30,
      "max": 9.0,
      "mean": 2.2666666666666666,
      "min": 1.0,
      "p50": 1.5,
      "p90": 4.0,
      "p95": 6.199999999999989,
      "p99": 8.71,
      "sum": 68.0
    },
    "accepted_suffix_lens_with_recovery": {
      "count": 75,
      "max": 9.0,
      "mean": 3.52,
      "min": 1.0,
      "p50": 2.0,
      "p90": 9.0,
      "p95": 9.0,
      "p99": 9.0,
      "sum": 264.0
    },
    "cache_hits": {
      "count": 75,
      "max": 1.0,
      "mean": 0.6,
      "min": 0.0,
      "p50": 1.0,
      "p90": 1.0,
      "p95": 1.0,
      "p99": 1.0,
      "sum": 45.0
    },
    "target_step_times_ms": {
      "count": 76,
      "max": 1114.8568112403154,
      "mean": 103.60571258015146,
      "min": 67.30495300143957,
      "p50": 70.21342753432691,
      "p90": 117.48887109570205,
      "p95": 118.42221219558269,
      "p99": 467.9731479845941,
      "sum": 7874.034156091511
    },
    "target_verify_times_ms": {
      "count": 75,
      "max": 82.88747677579522,
      "mean": 65.1744477947553,
      "min": 64.26215032115579,
      "p50": 64.86184382811189,
      "p90": 65.4968841932714,
      "p95": 65.7719636335969,
      "p99": 74.83860416337853,
      "sum": 4888.0835846066475
    }
  },
  "metrics_accepted_suffix_tokens_per_target_verify_second": 54.00889641727445,
  "metrics_avg_accepted_suffix_lens_on_hit": 4.355555555555555,
  "metrics_avg_accepted_suffix_lens_on_miss": 2.2666666666666666,
  "metrics_avg_accepted_suffix_lens_with_recovery": 3.52,
  "metrics_avg_cache_hits": 0.6,
  "metrics_avg_target_step_time_ms": 103.60571258015146,
  "metrics_avg_target_verify_time_ms": 65.1744477947553,
  "metrics_decode_throughput": 39.060484139921584,
  "metrics_decode_tokens_per_target_verify_second": 54.00889641727445,
  "metrics_decode_total_time": 6.758748792111874,
  "metrics_decode_total_tokens": 264,
  "metrics_prefill_throughput": 459.258764375361,
  "metrics_prefill_total_time": 1.1148399109952152,
  "metrics_prefill_total_tokens": 512,
  "metrics_spec_steps": 75,
  "metrics_target_verify_total_time": 4.8880835846066475,
  "metrics_total_accepted_suffix_lens_with_recovery": 264,
  "mode": "CUDA Graphs + Speculative(k=8) + Async + JIT",
  "model_name": "Qwen3-8B",
  "numseqs": 4,
  "official_end_to_end_throughput": 32.49745826326087,
  "official_total_time": 7.877539157867432,
  "official_total_tokens": 256,
  "output_len": 64,
  "random_mode": false,
  "raw_metrics": {
    "accepted_suffix_lens_on_hit": [
      1.0,
      2.0,
      9.0,
      9.0,
      9.0,
      9.0,
      9.0,
      9.0,
      9.0,
      6.0,
      1.0,
      1.0,
      1.0,
      2.0,
      3.0,
      1.0,
      2.0,
      1.0,
      2.0,
      1.0,
      9.0,
      1.0,
      1.0,
      1.0,
      2.0,
      6.0,
      2.0,
      2.0,
      2.0,
      1.0,
      6.0,
      2.0,
      2.0,
      1.0,
      3.0,
      1.0,
      1.0,
      3.0,
      9.0,
      9.0,
      9.0,
      9.0,
      9.0,
      9.0,
      9.0
    ],
    "accepted_suffix_lens_on_miss": [
      3.0,
      2.0,
      9.0,
      1.0,
      8.0,
      1.0,
      3.0,
      1.0,
      1.0,
      3.0,
      3.0,
      1.0,
      2.0,
      1.0,
      1.0,
      2.0,
      1.0,
      1.0,
      1.0,
      1.0,
      2.0,
      1.0,
      2.0,
      4.0,
      1.0,
      4.0,
      3.0,
      1.0,
      1.0,
      3.0
    ],
    "accepted_suffix_lens_with_recovery": [
      3.0,
      1.0,
      2.0,
      9.0,
      9.0,
      9.0,
      9.0,
      9.0,
      9.0,
      9.0,
      2.0,
      9.0,
      6.0,
      1.0,
      1.0,
      8.0,
      1.0,
      1.0,
      1.0,
      2.0,
      3.0,
      3.0,
      1.0,
      1.0,
      1.0,
      3.0,
      3.0,
      2.0,
      1.0,
      1.0,
      2.0,
      2.0,
      1.0,
      9.0,
      1.0,
      1.0,
      1.0,
      1.0,
      1.0,
      2.0,
      6.0,
      2.0,
      2.0,
      1.0,
      2.0,
      2.0,
      1.0,
      1.0,
      1.0,
      6.0,
      2.0,
      1.0,
      2.0,
      2.0,
      1.0,
      2.0,
      4.0,
      1.0,
      4.0,
      1.0,
      3.0,
      3.0,
      1.0,
      1.0,
      1.0,
      1.0,
      3.0,
      3.0,
      9.0,
      9.0,
      9.0,
      9.0,
      9.0,
      9.0,
      9.0
    ],
    "cache_hits": [
      0.0,
      1.0,
      1.0,
      1.0,
      1.0,
      1.0,
      1.0,
      1.0,
      1.0,
      1.0,
      0.0,
      0.0,
      1.0,
      1.0,
      0.0,
      0.0,
      1.0,
      0.0,
      1.0,
      1.0,
      0.0,
      1.0,
      0.0,
      0.0,
      1.0,
      0.0,
      0.0,
      1.0,
      0.0,
      1.0,
      1.0,
      0.0,
      1.0,
      1.0,
      0.0,
      1.0,
      0.0,
      1.0,
      1.0,
      1.0,
      1.0,
      0.0,
      1.0,
      0.0,
      1.0,
      1.0,
      0.0,
      1.0,
      0.0,
      1.0,
      1.0,
      0.0,
      1.0,
      0.0,
      0.0,
      0.0,
      0.0,
      0.0,
      0.0,
      1.0,
      1.0,
      0.0,
      0.0,
      1.0,
      1.0,
      0.0,
      1.0,
      0.0,
      1.0,
      1.0,
      1.0,
      1.0,
      1.0,
      1.0,
      1.0
    ],
    "decode_total_time": 6.758748792111874,
    "decode_total_tokens": 264.0,
    "prefill_total_time": 1.1148399109952152,
    "prefill_total_tokens": 512.0,
    "target_step_times": [
      1.1148568112403154,
      0.252345260232687,
      0.08418630622327328,
      0.06730495300143957,
      0.06834107404574752,
      0.06839280389249325,
      0.06833851430565119,
      0.06831719540059566,
      0.06834556395187974,
      0.06917306687682867,
      0.06878283014521003,
      0.11717433808371425,
      0.11721796775236726,
      0.06915792683139443,
      0.07106910133734345,
      0.12376304110512137,
      0.11865019472315907,
      0.07049854565411806,
      0.11806508991867304,
      0.06942442478612065,
      0.07081411313265562,
      0.11756152519956231,
      0.06872816104441881,
      0.11643709475174546,
      0.11604637838900089,
      0.06841288367286325,
      0.11571720102801919,
      0.11606107791885734,
      0.06831797491759062,
      0.115541931707412,
      0.06853311276063323,
      0.06867663096636534,
      0.11834621801972389,
      0.0703779673203826,
      0.06995955016463995,
      0.11604628805071115,
      0.06872563064098358,
      0.11717330804094672,
      0.06883318023756146,
      0.06847156258299947,
      0.07008206890895963,
      0.06873592082411051,
      0.11502319714054465,
      0.06847458286210895,
      0.11520017590373755,
      0.0676451101899147,
      0.0688122408464551,
      0.11508621601387858,
      0.06840304378420115,
      0.11549725290387869,
      0.06853100331500173,
      0.06767639983445406,
      0.11556029180064797,
      0.06951256422325969,
      0.11607515811920166,
      0.11741621699184179,
      0.11588774994015694,
      0.11672368319705129,
      0.11786434194073081,
      0.11732327798381448,
      0.06828908482566476,
      0.06835056375712156,
      0.11539257410913706,
      0.11610711785033345,
      0.06897014891728759,
      0.06874588085338473,
      0.11604380840435624,
      0.06963023310527205,
      0.11671579303219914,
      0.06906363787129521,
      0.06869870098307729,
      0.07027020724490285,
      0.07015664782375097,
      0.07063390500843525,
      0.0698347007855773,
      0.06941385474056005
    ],