{
  "async_speculative": true,
  "batch_size": 1,
  "calibration_schema_version": 1,
  "dataset": "gsm",
  "draft_model": "0.6",
  "draft_temperature": null,
  "f": 2,
  "fan_out_list_hit": null,
  "fan_out_list_miss": null,
  "gpus": 2,
  "input_len": 128,
  "k": 4,
  "metric_stats": {
    "accepted_suffix_lens_on_hit": {
      "count": 61,
      "max": 5.0,
      "mean": 3.3278688524590163,
      "min": 1.0,
      "p50": 5.0,
      "p90": 5.0,
      "p95": 5.0,
      "p99": 5.0,
      "sum": 203.0
    },
    "accepted_suffix_lens_on_miss": {
      "count": 30,
      "max": 5.0,
      "mean": 2.033333333333333,
      "min": 1.0,
      "p50": 1.5,
      "p90": 4.0,
      "p95": 4.549999999999997,
      "p99": 5.0,
      "sum": 61.0
    },
    "accepted_suffix_lens_with_recovery": {
      "count": 91,
      "max": 5.0,
      "mean": 2.901098901098901,
      "min": 1.0,
      "p50": 2.0,
      "p90": 5.0,
      "p95": 5.0,
      "p99": 5.0,
      "sum": 264.0
    },
    "cache_hits": {
      "count": 91,
      "max": 1.0,
      "mean": 0.6703296703296703,
      "min": 0.0,
      "p50": 1.0,
      "p90": 1.0,
      "p95": 1.0,
      "p99": 1.0,
      "sum": 61.0
    },
    "target_step_times_ms": {
      "count": 92,
      "max": 1047.5349673070014,
      "mean": 89.15489527356365,
      "min": 67.61175533756614,
      "p50": 69.75904200226068,
      "p90": 93.1939450558275,
      "p95": 94.13353262934834,
      "p99": 299.82822184451203,
      "sum": 8202.250365167856
    },
    "target_verify_times_ms": {
      "count": 91,
      "max": 79.99523635953665,
      "mean": 64.57246958718196,
      "min": 64.06502658501267,
      "p50": 64.14810614660382,
      "p90": 64.8939199745655,
      "p95": 65.05835242569447,
      "p99": 68.68210160173469,
      "sum": 5876.0947324335575
    }
  },
  "metrics_accepted_suffix_tokens_per_target_verify_second": 44.9277984820142,
  "metrics_avg_accepted_suffix_lens_on_hit": 3.3278688524590163,
  "metrics_avg_accepted_suffix_lens_on_miss": 2.033333333333333,
  "metrics_avg_accepted_suffix_lens_with_recovery": 2.901098901098901,
  "metrics_avg_cache_hits": 0.6703296703296703,
  "metrics_avg_target_step_time_ms": 89.15489527356365,
  "metrics_avg_target_verify_time_ms": 64.57246958718196,
  "metrics_decode_throughput": 36.90085802128897,
  "metrics_decode_tokens_per_target_verify_second": 44.9277984820142,
  "metrics_decode_total_time": 7.154305188450962,
  "metrics_decode_total_tokens": 264,
  "metrics_prefill_throughput": 488.77423667988944,
  "metrics_prefill_total_time": 1.0475183869712055,
  "metrics_prefill_total_tokens": 512,
  "metrics_spec_steps": 91,
  "metrics_target_verify_total_time": 5.8760947324335575,
  "metrics_total_accepted_suffix_lens_with_recovery": 264,
  "mode": "CUDA Graphs + Speculative(k=4) + Async + JIT",
  "model_name": "Qwen3-8B",
  "numseqs": 4,
  "official_end_to_end_throughput": 31.19534088697767,
  "official_total_time": 8.206353664398193,
  "official_total_tokens": 256,
  "output_len": 64,
  "random_mode": false,
  "raw_metrics": {
    "accepted_suffix_lens_on_hit": [
      1.0,
      2.0,
      5.0,
      5.0,
      5.0,
      5.0,
      5.0,
      5.0,
      5.0,
      5.0,
      5.0,
      5.0,
      5.0,
      5.0,
      5.0,
      5.0,
      1.0,
      3.0,
      1.0,
      1.0,
      2.0,
      3.0,
      1.0,
      2.0,
      1.0,
      2.0,
      1.0,
      5.0,
      5.0,
      1.0,
      1.0,
      1.0,
      2.0,
      5.0,
      1.0,
      2.0,
      2.0,
      2.0,
      1.0,
      5.0,
      1.0,
      2.0,
      2.0,
      1.0,
      3.0,
      1.0,
      1.0,
      3.0,
      5.0,
      5.0,
      5.0,
      5.0,
      5.0,
      5.0,
      5.0,
      5.0,
      5.0,
      5.0,
      5.0,
      5.0,
      5.0
    ],
    "accepted_suffix_lens_on_miss": [
      3.0,
      2.0,
      5.0,
      1.0,
      5.0,
      1.0,
      3.0,
      1.0,
      1.0,
      3.0,
      3.0,
      1.0,
      2.0,
      1.0,
      1.0,
      2.0,
      1.0,
      1.0,
      1.0,
      1.0,
      2.0,
      1.0,
      2.0,
      4.0,
      1.0,
      4.0,
      3.0,
      1.0,
      1.0,
      3.0
    ],
    "accepted_suffix_lens_with_recovery": [
      3.0,
      1.0,
      2.0,
      5.0,
      5.0,
      5.0,
      5.0,
      5.0,
      5.0,
      5.0,
      5.0,
      5.0,
      5.0,
      5.0,
      5.0,
      2.0,
      5.0,
      5.0,
      5.0,
      1.0,
      1.0,
      5.0,
      3.0,
      1.0,
      1.0,
      1.0,
      2.0,
      3.0,
      3.0,
      1.0,
      1.0,
      1.0,
      3.0,
      3.0,
      2.0,
      1.0,
      1.0,
      2.0,
      2.0,
      1.0,
      5.0,
      5.0,
      1.0,
      1.0,
      1.0,
      1.0,
      1.0,
      2.0,
      5.0,
      1.0,
      2.0,
      2.0,
      1.0,
      2.0,
      2.0,
      1.0,
      1.0,
      1.0,
      5.0,
      1.0,
      2.0,
      1.0,
      2.0,
      2.0,
      1.0,
      2.0,
      4.0,
      1.0,
      4.0,
      1.0,
      3.0,
      3.0,
      1.0,
      1.0,
      1.0,
      1.0,
      3.0,
      3.0,
      5.0,
      5.0,
      5.0,
      5.0,
      5.0,
      5.0,
      5.0,
      5.0,
      5.0,
      5.0,
      5.0,
      5.0,
      5.0
    ],
    "cache_hits": [
      0.0,
      1.0,
      1.0,
      1.0,
      1.0,
      1.0,
      1.0,
      1.0,
      1.0,
      1.0,
      1.0,
      1.0,
      1.0,
      1.0,
      1.0,
      0.0,
      0.0,
      1.0,
      1.0,
      1.0,
      0.0,
      0.0,
      1.0,
      1.0,
      0.0,
      1.0,
      1.0,
      0.0,
      1.0,
      0.0,
      0.0,
      1.0,
      0.0,
      0.0,
      1.0,
      0.0,
      1.0,
      1.0,
      0.0,
      1.0,
      1.0,
      1.0,
      0.0,
      1.0,
      0.0,
      1.0,
      1.0,
      1.0,
      1.0,
      1.0,
      0.0,
      1.0,
      0.0,
      1.0,
      1.0,
      0.0,
      1.0,
      0.0,
      1.0,
      1.0,
      1.0,
      0.0,
      1.0,
      0.0,
      0.0,
      0.0,
      0.0,
      0.0,
      0.0,
      1.0,
      1.0,
      0.0,
      0.0,
      1.0,
      1.0,
      0.0,
      1.0,
      0.0,
      1.0,
      1.0,
      1.0,
      1.0,
      1.0,
      1.0,
      1.0,
      1.0,
      1.0,
      1.0,
      1.0,
      1.0,
      1.0
    ],
    "decode_total_time": 7.154305188450962,
    "decode_total_tokens": 264.0,
    "prefill_total_time": 1.0475183869712055,
    "prefill_total_tokens": 512.0,