{
  "async_speculative": true,
  "batch_size": 1,
  "calibration_schema_version": 1,
  "dataset": "gsm",
  "draft_model": "0.6",
  "draft_temperature": null,
  "f": 2,
  "fan_out_list_hit": null,
  "fan_out_list_miss": null,
  "gpus": 2,
  "input_len": 128,
  "k": 6,
  "metric_stats": {
    "accepted_suffix_lens_on_hit": {
      "count": 52,
      "max": 7.0,
      "mean": 3.923076923076923,
      "min": 1.0,
      "p50": 2.5,
      "p90": 7.0,
      "p95": 7.0,
      "p99": 7.0,
      "sum": 204.0
    },
    "accepted_suffix_lens_on_miss": {
      "count": 30,
      "max": 7.0,
      "mean": 2.1666666666666665,
      "min": 1.0,
      "p50": 1.5,
      "p90": 4.0,
      "p95": 5.6499999999999915,
      "p99": 7.0,
      "sum": 65.0
    },
    "accepted_suffix_lens_with_recovery": {
      "count": 82,
      "max": 7.0,
      "mean": 3.2804878048780486,
      "min": 1.0,
      "p50": 2.0,
      "p90": 7.0,
      "p95": 7.0,
      "p99": 7.0,
      "sum": 269.0
    },
    "cache_hits": {
      "count": 82,
      "max": 1.0,
      "mean": 0.6341463414634146,
      "min": 0.0,
      "p50": 1.0,
      "p90": 1.0,
      "p95": 1.0,
      "p99": 1.0,
      "sum": 52.0
    },
    "target_step_times_ms": {
      "count": 83,
      "max": 1398.5200189054012,
      "mean": 98.61707931990365,
      "min": 67.15884478762746,
      "p50": 69.58689400926232,
      "p90": 105.43758552521467,
      "p95": 106.24470203183591,
      "p99": 389.4426225498228,
      "sum": 8185.217583552003
    },
    "target_verify_times_ms": {
      "count": 82,
      "max": 79.45785811170936,
      "mean": 64.67657138752502,
      "min": 64.15794091299176,
      "p50": 64.41724905744195,
      "p90": 64.92344639264047,
      "p95": 65.02850006800145,
      "p99": 67.97990211285648,
      "sum": 5303.478853777051
    }
  },
  "metrics_accepted_suffix_tokens_per_target_verify_second": 50.72142407213005,
  "metrics_avg_accepted_suffix_lens_on_hit": 3.923076923076923,
  "metrics_avg_accepted_suffix_lens_on_miss": 2.1666666666666665,
  "metrics_avg_accepted_suffix_lens_with_recovery": 3.2804878048780486,
  "metrics_avg_cache_hits": 0.6341463414634146,
  "metrics_avg_target_step_time_ms": 98.61707931990365,
  "metrics_avg_target_verify_time_ms": 64.67657138752502,
  "metrics_decode_throughput": 39.63868736951662,
  "metrics_decode_tokens_per_target_verify_second": 50.72142407213005,
  "metrics_decode_total_time": 6.786299392115325,
  "metrics_decode_total_tokens": 269,
  "metrics_prefill_throughput": 366.1037995237328,
  "metrics_prefill_total_time": 1.3985104789026082,
  "metrics_prefill_total_tokens": 512,
  "metrics_spec_steps": 82,
  "metrics_target_verify_total_time": 5.303478853777051,
  "metrics_total_accepted_suffix_lens_with_recovery": 269,
  "mode": "CUDA Graphs + Speculative(k=6) + Async + JIT",
  "model_name": "Qwen3-8B",
  "numseqs": 4,
  "official_end_to_end_throughput": 31.26372426801201,
  "official_total_time": 8.188403844833374,
  "official_total_tokens": 256,
  "output_len": 64,
  "random_mode": false,
  "raw_metrics": {
    "accepted_suffix_lens_on_hit": [
      1.0,
      2.0,
      7.0,
      7.0,
      7.0,
      7.0,
      7.0,
      7.0,
      7.0,
      7.0,
      7.0,
      2.0,
      6.0,
      1.0,
      1.0,
      1.0,
      1.0,
      2.0,
      3.0,
      1.0,
      2.0,
      1.0,
      2.0,
      1.0,
      7.0,
      7.0,
      1.0,
      1.0,
      1.0,
      2.0,
      6.0,
      2.0,
      2.0,
      2.0,
      1.0,
      6.0,
      2.0,
      2.0,
      1.0,
      3.0,
      1.0,
      1.0,
      3.0,
      7.0,
      7.0,
      7.0,
      7.0,
      7.0,
      7.0,
      7.0,
      7.0,
      7.0
    ],
    "accepted_suffix_lens_on_miss": [
      3.0,
      2.0,
      7.0,
      1.0,
      7.0,
      1.0,
      3.0,
      1.0,
      1.0,
      3.0,
      3.0,
      1.0,
      2.0,
      1.0,
      1.0,
      2.0,
      1.0,
      1.0,
      1.0,
      1.0,
      2.0,
      1.0,
      2.0,
      4.0,
      1.0,
      4.0,
      3.0,
      1.0,
      1.0,
      3.0
    ],
    "accepted_suffix_lens_with_recovery": [
      3.0,
      1.0,
      2.0,
      7.0,
      7.0,
      7.0,
      7.0,
      7.0,
      7.0,
      7.0,
      7.0,
      7.0,
      2.0,
      7.0,
      2.0,
      6.0,
      1.0,
      1.0,
      7.0,
      1.0,
      1.0,
      1.0,
      1.0,
      2.0,
      3.0,
      3.0,
      1.0,
      1.0,
      1.0,
      3.0,
      3.0,
      2.0,
      1.0,
      1.0,
      2.0,
      2.0,
      1.0,
      7.0,
      7.0,
      1.0,
      1.0,
      1.0,
      1.0,
      1.0,
      2.0,
      6.0,
      2.0,
      2.0,
      1.0,
      2.0,
      2.0,
      1.0,
      1.0,
      1.0,
      6.0,
      2.0,
      1.0,
      2.0,
      2.0,
      1.0,
      2.0,
      4.0,
      1.0,
      4.0,
      1.0,
      3.0,
      3.0,
      1.0,
      1.0,
      1.0,
      1.0,
      3.0,
      3.0,
      7.0,
      7.0,
      7.0,
      7.0,
      7.0,
      7.0,
      7.0,
      7.0,
      7.0
    ],
    "cache_hits": [
      0.0,
      1.0,
      1.0,
      1.0,
      1.0,
      1.0,
      1.0,
      1.0,
      1.0,
      1.0,
      1.0,
      1.0,
      0.0,
      0.0,
      1.0,
      1.0,
      1.0,
      0.0,
      0.0,
      1.0,
      1.0,
      0.0,
      1.0,
      1.0,
      0.0,
      1.0,
      0.0,
      0.0,
      1.0,
      0.0,
      0.0,
      1.0,
      0.0,
      1.0,
      1.0,
      0.0,
      1.0,
      1.0,
      1.0,
      0.0,
      1.0,
      0.0,
      1.0,
      1.0,
      1.0,
      1.0,
      0.0,
      1.0,
      0.0,
      1.0,
      1.0,
      0.0,
      1.0,
      0.0,
      1.0,
      1.0,
      0.0,
      1.0,
      0.0,
      0.0,
      0.0,
      0.0,
      0.0,
      0.0,
      1.0,
      1.0,
      0.0,
      0.0,
      1.0,
      1.0,
      0.0,
      1.0,
      0.0,
      1.0,
      1.0,
      1.0,
      1.0,
      1.0,
      1.0,
      1.0,
      1.0,
      1.0
    ],
    "decode_total_time": 6.786299392115325,
    "decode_total_tokens": 269.0,
    "prefill_total_time": 1.3985104789026082,
    "prefill_total_tokens": 512.0,