{
  "async_speculative": true,
  "batch_size": 1,
  "calibration_schema_version": 1,
  "dataset": "gsm",
  "draft_model": "0.6",
  "draft_temperature": null,
  "f": 2,
  "fan_out_list_hit": null,
  "fan_out_list_miss": null,
  "gpus": 2,
  "input_len": 128,
  "k": 8,
  "metric_stats": {
    "accepted_suffix_lens_on_hit": {
      "count": 45,
      "max": 9.0,
      "mean": 4.355555555555555,
      "min": 1.0,
      "p50": 2.0,
      "p90": 9.0,
      "p95": 9.0,
      "p99": 9.0,
      "sum": 196.0
    },
    "accepted_suffix_lens_on_miss": {
      "count": 30,
      "max": 9.0,
      "mean": 2.2666666666666666,
      "min": 1.0,
      "p50": 1.5,
      "p90": 4.0,
      "p95": 6.199999999999989,
      "p99": 8.71,
      "sum": 68.0
    },
    "accepted_suffix_lens_with_recovery": {
      "count": 75,
      "max": 9.0,
      "mean": 3.52,
      "min": 1.0,
      "p50": 2.0,
      "p90": 9.0,
      "p95": 9.0,
      "p99": 9.0,
      "sum": 264.0
    },
    "cache_hits": {
      "count": 75,
      "max": 1.0,
      "mean": 0.6,
      "min": 0.0,
      "p50": 1.0,
      "p90": 1.0,
      "p95": 1.0,
      "p99": 1.0,
      "sum": 45.0
    },
    "target_step_times_ms": {
      "count": 76,
      "max": 1390.673827379942,
      "mean": 106.66254121736672,
      "min": 67.25881295278668,
      "p50": 69.56092896871269,
      "p90": 117.01260507106781,
      "p95": 117.5660325679928,
      "p99": 523.1760391034186,
      "sum": 8106.353132519871
    },
    "target_verify_times_ms": {
      "count": 75,
      "max": 86.35337697342038,
      "mean": 65.07550898939371,
      "min": 64.24158019945025,
      "p50": 64.62433701381087,
      "p90": 65.27907913550735,
      "p95": 65.88805266655982,
      "p99": 73.30409417860218,
      "sum": 4880.663174204528
    }
  },
  "metrics_accepted_suffix_tokens_per_target_verify_second": 54.09100988474335,
  "metrics_avg_accepted_suffix_lens_on_hit": 4.355555555555555,
  "metrics_avg_accepted_suffix_lens_on_miss": 2.2666666666666666,
  "metrics_avg_accepted_suffix_lens_with_recovery": 3.52,
  "metrics_avg_cache_hits": 0.6,
  "metrics_avg_target_step_time_ms": 106.66254121736672,
  "metrics_avg_target_verify_time_ms": 65.07550898939371,
  "metrics_decode_throughput": 39.3130890207429,
  "metrics_decode_tokens_per_target_verify_second": 54.09100988474335,
  "metrics_decode_total_time": 6.715320687741041,
  "metrics_decode_total_tokens": 264,
  "metrics_prefill_throughput": 368.1697817214834,
  "metrics_prefill_total_time": 1.3906627469696105,
  "metrics_prefill_total_tokens": 512,
  "metrics_spec_steps": 75,
  "metrics_target_verify_total_time": 4.880663174204528,
  "metrics_total_accepted_suffix_lens_with_recovery": 264,
  "mode": "CUDA Graphs + Speculative(k=8) + Async + JIT",
  "model_name": "Qwen3-8B",
  "numseqs": 4,
  "official_end_to_end_throughput": 31.568547414746337,
  "official_total_time": 8.109337329864502,
  "official_total_tokens": 256,
  "output_len": 64,
  "random_mode": false,
  "raw_metrics": {
    "accepted_suffix_lens_on_hit": [
      1.0,
      2.0,
      9.0,
      9.0,
      9.0,
      9.0,
      9.0,
      9.0,
      9.0,
      6.0,
      1.0,
      1.0,
      1.0,
      2.0,
      3.0,
      1.0,
      2.0,
      1.0,
      2.0,
      1.0,
      9.0,
      1.0,
      1.0,
      1.0,
      2.0,
      6.0,
      2.0,
      2.0,
      2.0,
      1.0,
      6.0,
      2.0,
      2.0,
      1.0,
      3.0,
      1.0,
      1.0,
      3.0,
      9.0,
      9.0,
      9.0,
      9.0,
      9.0,
      9.0,
      9.0
    ],
    "accepted_suffix_lens_on_miss": [
      3.0,
      2.0,
      9.0,
      1.0,
      8.0,
      1.0,
      3.0,
      1.0,
      1.0,
      3.0,
      3.0,
      1.0,
      2.0,
      1.0,
      1.0,
      2.0,
      1.0,
      1.0,
      1.0,
      1.0,
      2.0,
      1.0,
      2.0,
      4.0,
      1.0,
      4.0,
      3.0,
      1.0,
      1.0,
      3.0
    ],
    "accepted_suffix_lens_with_recovery": [
      3.0,
      1.0,
      2.0,
      9.0,
      9.0,
      9.0,
      9.0,
      9.0,
      9.0,
      9.0,
      2.0,
      9.0,
      6.0,
      1.0,
      1.0,
      8.0,
      1.0,
      1.0,
      1.0,
      2.0,
      3.0,
      3.0,
      1.0,
      1.0,
      1.0,
      3.0,
      3.0,
      2.0,
      1.0,
      1.0,
      2.0,
      2.0,
      1.0,
      9.0,
      1.0,
      1.0,
      1.0,
      1.0,
      1.0,
      2.0,
      6.0,
      2.0,
      2.0,
      1.0,
      2.0,
      2.0,
      1.0,
      1.0,
      1.0,
      6.0,
      2.0,
      1.0,
      2.0,
      2.0,
      1.0,
      2.0,
      4.0,
      1.0,
      4.0,
      1.0,
      3.0,
      3.0,
      1.0,
      1.0,
      1.0,
      1.0,
      3.0,
      3.0,
      9.0,
      9.0,
      9.0,
      9.0,
      9.0,
      9.0,
      9.0
    ],
    "cache_hits": [
      0.0,
      1.0,
      1.0,
      1.0,
      1.0,
      1.0,
      1.0,
      1.0,
      1.0,
      1.0,
      0.0,
      0.0,
      1.0,
      1.0,
      0.0,
      0.0,
      1.0,
      0.0,
      1.0,
      1.0,
      0.0,
      1.0,
      0.0,
      0.0,
      1.0,
      0.0,
      0.0,
      1.0,
      0.0,
      1.0,
      1.0,
      0.0,
      1.0,
      1.0,
      0.0,
      1.0,
      0.0,
      1.0,
      1.0,
      1.0,
      1.0,
      0.0,
      1.0,
      0.0,
      1.0,
      1.0,
      0.0,
      1.0,
      0.0,
      1.0,
      1.0,
      0.0,
      1.0,
      0.0,
      0.0,
      0.0,
      0.0,
      0.0,
      0.0,
      1.0,
      1.0,
      0.0,
      0.0,
      1.0,
      1.0,
      0.0,
      1.0,
      0.0,
      1.0,
      1.0,
      1.0,
      1.0,
      1.0,
      1.0,
      1.0
    ],
    "decode_total_time": 6.715320687741041,
    "decode_total_tokens": 264.0,
    "prefill_total_time": 1.3906627469696105,
    "prefill_total_tokens": 512.0,
    "target_step_times": [
      1.390673827379942,
      0.2340101096779108,
      0.07714414736256003,
      0.06898929877206683,
      0.06906124763190746,
      0.06868771091103554,
      0.06832966394722462,
      0.06906065763905644,
      0.06951359380036592,
      0.07454254990443587,
      0.06940395478159189,
      0.1168411010876298,
      0.11596467019990087,
      0.06833730405196548,
      0.06725881295278668,
      0.11621371703222394,
      0.11610189825296402,
      0.06839905399829149,
      0.11594182858243585,
      0.07059648493304849,
      0.07009587902575731,
      0.11624303599819541,
      0.06914194719865918,
      0.11539954459294677,
      0.11585146095603704,
      0.06907000672072172,
      0.11580157093703747,
      0.11607283819466829,
      0.0694587049074471,
      0.11570229101926088,
      0.06737706298008561,
      0.06833511404693127,
      0.11560922162607312,
      0.06894213892519474,
      0.06865439098328352,
      0.11602617893368006,
      0.06940004462376237,
      0.11756595503538847,
      0.06865797098726034,
      0.06728880433365703,
      0.06832541432231665,
      0.06832356518134475,
      0.11561338230967522,
      0.06872231094166636,
      0.11544110300019383,
      0.0683931540697813,
      0.06835725391283631,
      0.1141556752845645,
      0.06824960513040423,
      0.11634353594854474,
      0.06874832091853023,
      0.068768419791013,
      0.11601885873824358,
      0.07161817513406277,
      0.11715487902984023,
      0.11687033111229539,
      0.11729268776252866,
      0.11756626516580582,
      0.12130588199943304,
      0.11747852619737387,
      0.06936947489157319,
      0.06769967963919044,
      0.11562262196093798,
      0.11531899496912956,
      0.06729682302102447,
      0.06833616411313415,
      0.11571503197774291,
      0.06831958424299955,
      0.11510648624971509,
      0.06941033527255058,
      0.06832338497042656,
      0.06924899620935321,
      0.07014763867482543,
      0.06849811226129532,
      0.06960826413705945,
      0.06781839905306697
    ],