{
  "async_speculative": true,
  "batch_size": 1,
  "calibration_schema_version": 1,
  "dataset": "gsm",
  "draft_model": "0.6",
  "draft_temperature": null,
  "f": 4,
  "fan_out_list_hit": null,
  "fan_out_list_miss": null,
  "gpus": 2,
  "input_len": 128,
  "k": 8,
  "metric_stats": {
    "accepted_suffix_lens_on_hit": {
      "count": 53,
      "max": 9.0,
      "mean": 4.018867924528302,
      "min": 1.0,
      "p50": 2.0,
      "p90": 9.0,
      "p95": 9.0,
      "p99": 9.0,
      "sum": 213.0
    },
    "accepted_suffix_lens_on_miss": {
      "count": 22,
      "max": 9.0,
      "mean": 2.3181818181818183,
      "min": 1.0,
      "p50": 1.5,
      "p90": 3.0,
      "p95": 7.7499999999999964,
      "p99": 8.79,
      "sum": 51.0
    },
    "accepted_suffix_lens_with_recovery": {
      "count": 75,
      "max": 9.0,
      "mean": 3.52,
      "min": 1.0,
      "p50": 2.0,
      "p90": 9.0,
      "p95": 9.0,
      "p99": 9.0,
      "sum": 264.0
    },
    "cache_hits": {
      "count": 75,
      "max": 1.0,
      "mean": 0.7066666666666667,
      "min": 0.0,
      "p50": 1.0,
      "p90": 1.0,
      "p95": 1.0,
      "p99": 1.0,
      "sum": 53.0
    },
    "target_step_times_ms": {
      "count": 76,
      "max": 1946.418461855501,
      "mean": 110.46417646330634,
      "min": 68.6172223649919,
      "p50": 71.16512954235077,
      "p90": 119.52875298447907,
      "p95": 120.73120253626257,
      "p99": 625.2469813916832,
      "sum": 8395.277411211282
    },
    "target_verify_times_ms": {
      "count": 75,
      "max": 80.64760686829686,
      "mean": 64.84841514378786,
      "min": 64.23217011615634,
      "p50": 64.49367804452777,
      "p90": 65.16475584357977,
      "p95": 65.25740013457835,
      "p99": 69.78288824670025,
      "sum": 4863.63113578409
    }
  },
  "metrics_accepted_suffix_tokens_per_target_verify_second": 54.28043217702596,
  "metrics_avg_accepted_suffix_lens_on_hit": 4.018867924528302,
  "metrics_avg_accepted_suffix_lens_on_miss": 2.3181818181818183,
  "metrics_avg_accepted_suffix_lens_with_recovery": 3.52,
  "metrics_avg_cache_hits": 0.7066666666666667,
  "metrics_avg_target_step_time_ms": 110.46417646330634,
  "metrics_avg_target_verify_time_ms": 64.84841514378786,
  "metrics_decode_throughput": 40.9395340769206,
  "metrics_decode_tokens_per_target_verify_second": 54.28043217702596,
  "metrics_decode_total_time": 6.448534551076591,
  "metrics_decode_total_tokens": 264,
  "metrics_prefill_throughput": 263.0485757322809,
  "metrics_prefill_total_time": 1.9464085618965328,
  "metrics_prefill_total_tokens": 512,
  "metrics_spec_steps": 75,
  "metrics_target_verify_total_time": 4.86363113578409,
  "metrics_total_accepted_suffix_lens_with_recovery": 264,
  "mode": "CUDA Graphs + Speculative(k=8) + Async + JIT",
  "model_name": "Qwen3-8B",
  "numseqs": 4,
  "official_end_to_end_throughput": 30.481383674304922,
  "official_total_time": 8.398568868637085,
  "official_total_tokens": 256,
  "output_len": 64,
  "random_mode": false,
  "raw_metrics": {
    "accepted_suffix_lens_on_hit": [
      1.0,
      2.0,
      9.0,
      9.0,
      9.0,
      9.0,
      9.0,
      9.0,
      9.0,
      6.0,
      1.0,
      1.0,
      1.0,
      1.0,
      1.0,
      2.0,
      3.0,
      3.0,
      1.0,
      1.0,
      2.0,
      1.0,
      2.0,
      1.0,
      9.0,
      1.0,
      1.0,
      1.0,
      2.0,
      6.0,
      2.0,
      1.0,
      2.0,
      2.0,
      1.0,
      6.0,
      2.0,
      2.0,
      2.0,
      4.0,
      4.0,
      1.0,
      3.0,
      1.0,
      1.0,
      3.0,
      9.0,
      9.0,
      9.0,
      9.0,
      9.0,
      9.0,
      9.0
    ],
    "accepted_suffix_lens_on_miss": [
      3.0,
      2.0,
      9.0,
      8.0,
      1.0,
      3.0,
      3.0,
      1.0,
      2.0,
      1.0,
      1.0,
      2.0,
      1.0,
      1.0,
      1.0,
      2.0,
      1.0,
      1.0,
      3.0,
      1.0,
      1.0,
      3.0
    ],
    "accepted_suffix_lens_with_recovery": [
      3.0,
      1.0,
      2.0,
      9.0,
      9.0,
      9.0,
      9.0,
      9.0,
      9.0,
      9.0,
      2.0,
      9.0,
      6.0,
      1.0,
      1.0,
      8.0,
      1.0,
      1.0,
      1.0,
      2.0,
      3.0,
      3.0,
      1.0,
      1.0,
      1.0,
      3.0,
      3.0,
      2.0,
      1.0,
      1.0,
      2.0,
      2.0,
      1.0,
      9.0,
      1.0,
      1.0,
      1.0,
      1.0,
      1.0,
      2.0,
      6.0,
      2.0,
      2.0,
      1.0,
      2.0,
      2.0,
      1.0,
      1.0,
      1.0,
      6.0,
      2.0,
      1.0,
      2.0,
      2.0,
      1.0,
      2.0,
      4.0,
      1.0,
      4.0,
      1.0,
      3.0,
      3.0,
      1.0,
      1.0,
      1.0,
      1.0,
      3.0,
      3.0,
      9.0,
      9.0,
      9.0,
      9.0,
      9.0,
      9.0,
      9.0
    ],
    "cache_hits": [
      0.0,
      1.0,
      1.0,
      1.0,
      1.0,
      1.0,
      1.0,
      1.0,
      1.0,
      1.0,
      0.0,
      0.0,
      1.0,
      1.0,
      1.0,
      0.0,
      1.0,
      1.0,
      1.0,
      1.0,
      1.0,
      1.0,
      1.0,
      0.0,
      1.0,
      0.0,
      0.0,
      1.0,
      0.0,
      1.0,
      1.0,
      0.0,
      1.0,
      1.0,
      0.0,
      1.0,
      0.0,
      1.0,
      1.0,
      1.0,
      1.0,
      0.0,
      1.0,
      1.0,
      1.0,
      1.0,
      0.0,
      1.0,
      0.0,
      1.0,
      1.0,
      0.0,
      1.0,
      0.0,
      0.0,
      1.0,
      1.0,
      0.0,
      1.0,
      1.0,
      1.0,
      0.0,
      0.0,
      1.0,
      1.0,
      0.0,
      1.0,
      0.0,
      1.0,
      1.0,
      1.0,
      1.0,
      1.0,
      1.0,
      1.0
    ],
    "decode_total_time": 6.448534551076591,
    "decode_total_tokens": 264.0,
    "prefill_total_time": 1.9464085618965328,
    "prefill_total_tokens": 512.0,
    "target_step_times": [
      1.946418461855501,
      0.18485648790374398,
      0.0893534510396421,
      0.0705298250541091,
      0.07260472699999809,
      0.0706222653388977,
      0.0693356548435986,
      0.07049204595386982,
      0.07030017720535398,
      0.06982017075642943,
      0.07060303492471576,
      0.11954426812008023,
      0.11872794479131699,
      0.0714433565735817,
      0.0686172223649919,
      0.06946985376998782,
      0.11747230589389801,
      0.07047929568216205,
      0.07048489479348063,
      0.07051382632926106,
      0.07047045463696122,
      0.06940943514928222,
      0.06940330471843481,
      0.06936316611245275,
      0.11767855426296592,
      0.07046991540119052,
      0.11852997727692127,
      0.12092678621411324,
      0.0736355478875339,
      0.12048158003017306,
      0.07678481098264456,
      0.0710168113000691,
      0.11792956199496984,
      0.07142927730455995,
      0.06947219418361783,
      0.11770424339920282,
      0.07037471700459719,
      0.1174292559735477,
      0.07151852687820792,
      0.06935842521488667,
      0.07049740571528673,
      0.06937823491171002,
      0.1177948429249227,
      0.07189665269106627,
      0.0696501131169498,
      0.07178277429193258,
      0.07079688319936395,
      0.12066600797697902,
      0.07601758698001504,
      0.11907027196139097,
      0.07185685401782393,
      0.06989809032529593,
      0.11932373000308871,
      0.07165447575971484,
      0.11779093276709318,
      0.1195132378488779,
      0.07290951395407319,
      0.07050393614917994,
      0.11969269579276443,
      0.07053573476150632,
      0.07071914384141564,
      0.07068640366196632,
      0.11849881615489721,
      0.12177258869633079,
      0.07131344778463244,
      0.0701729180291295,
      0.11850441666319966,
      0.07005718909204006,
      0.11683403188362718,
      0.07201908202841878,
      0.07023398764431477,
      0.07025920785963535,
      0.06978122191503644,
      0.07001186907291412,
      0.06933219591155648,
      0.06877509970217943
    ],