{
  "async_speculative": true,
  "batch_size": 1,
  "calibration_schema_version": 1,
  "dataset": "gsm",
  "draft_model": "0.6",
  "draft_temperature": null,
  "f": 4,
  "fan_out_list_hit": null,
  "fan_out_list_miss": null,
  "gpus": 2,
  "input_len": 128,
  "k": 4,
  "metric_stats": {
    "accepted_suffix_lens_on_hit": {
      "count": 70,
      "max": 5.0,
      "mean": 3.142857142857143,
      "min": 1.0,
      "p50": 3.0,
      "p90": 5.0,
      "p95": 5.0,
      "p99": 5.0,
      "sum": 220.0
    },
    "accepted_suffix_lens_on_miss": {
      "count": 22,
      "max": 5.0,
      "mean": 2.0,
      "min": 1.0,
      "p50": 1.5,
      "p90": 3.0,
      "p95": 4.899999999999999,
      "p99": 5.0,
      "sum": 44.0
    },
    "accepted_suffix_lens_with_recovery": {
      "count": 92,
      "max": 5.0,
      "mean": 2.869565217391304,
      "min": 1.0,
      "p50": 2.0,
      "p90": 5.0,
      "p95": 5.0,
      "p99": 5.0,
      "sum": 264.0
    },
    "cache_hits": {
      "count": 92,
      "max": 1.0,
      "mean": 0.7608695652173914,
      "min": 0.0,
      "p50": 1.0,
      "p90": 1.0,
      "p95": 1.0,
      "p99": 1.0,
      "sum": 70.0
    },
    "target_step_times_ms": {
      "count": 93,
      "max": 1102.6519257575274,
      "mean": 87.42078123814477,
      "min": 68.17130511626601,
      "p50": 70.12682827189565,
      "p90": 94.02032354846597,
      "p95": 94.73883304744959,
      "p99": 246.26694092526873,
      "sum": 8130.132655147463
    },
    "target_verify_times_ms": {
      "count": 92,
      "max": 82.48049020767212,
      "mean": 64.76137877705142,
      "min": 64.08848986029625,
      "p50": 64.52697701752186,
      "p90": 65.0373148266226,
      "p95": 65.18060555681586,
      "p99": 66.93279320839798,
      "sum": 5958.046847488731
    }
  },
  "metrics_accepted_suffix_tokens_per_target_verify_second": 44.30982279222492,
  "metrics_avg_accepted_suffix_lens_on_hit": 3.142857142857143,
  "metrics_avg_accepted_suffix_lens_on_miss": 2.0,
  "metrics_avg_accepted_suffix_lens_with_recovery": 2.869565217391304,
  "metrics_avg_cache_hits": 0.7608695652173914,
  "metrics_avg_target_step_time_ms": 87.42078123814477,
  "metrics_avg_target_verify_time_ms": 64.76137877705142,
  "metrics_decode_throughput": 37.56981661178217,
  "metrics_decode_tokens_per_target_verify_second": 44.30982279222492,
  "metrics_decode_total_time": 7.02691745152697,
  "metrics_decode_total_tokens": 264,
  "metrics_prefill_throughput": 464.34195435720835,
  "metrics_prefill_total_time": 1.1026356657966971,
  "metrics_prefill_total_tokens": 512,
  "metrics_spec_steps": 92,
  "metrics_target_verify_total_time": 5.958046847488731,
  "metrics_total_accepted_suffix_lens_with_recovery": 264,
  "mode": "CUDA Graphs + Speculative(k=4) + Async + JIT",
  "model_name": "Qwen3-8B",
  "numseqs": 4,
  "official_end_to_end_throughput": 31.470587387049406,
  "official_total_time": 8.1345796585083,
  "official_total_tokens": 256,
  "output_len": 64,
  "random_mode": false,
  "raw_metrics": {
    "accepted_suffix_lens_on_hit": [
      1.0,
      2.0,
      5.0,
      5.0,
      5.0,
      5.0,
      5.0,
      5.0,
      5.0,
      5.0,
      5.0,
      5.0,
      5.0,
      5.0,
      4.0,
      5.0,
      1.0,
      1.0,
      1.0,
      3.0,
      1.0,
      1.0,
      1.0,
      2.0,
      3.0,
      3.0,
      1.0,
      1.0,
      2.0,
      1.0,
      2.0,
      1.0,
      5.0,
      5.0,
      1.0,
      1.0,
      1.0,
      2.0,
      5.0,
      1.0,
      2.0,
      1.0,
      2.0,
      2.0,
      1.0,
      5.0,
      1.0,
      2.0,
      2.0,
      2.0,
      4.0,
      4.0,
      1.0,
      3.0,
      1.0,
      1.0,
      3.0,
      5.0,
      5.0,
      5.0,
      5.0,
      5.0,
      5.0,
      5.0,
      5.0,
      5.0,
      5.0,
      5.0,
      5.0,
      5.0
    ],
    "accepted_suffix_lens_on_miss": [
      3.0,
      2.0,
      5.0,
      5.0,
      1.0,
      3.0,
      3.0,
      1.0,
      2.0,
      1.0,
      1.0,
      2.0,
      1.0,
      1.0,
      1.0,
      2.0,
      1.0,
      1.0,
      3.0,
      1.0,
      1.0,
      3.0
    ],
    "accepted_suffix_lens_with_recovery": [
      3.0,
      1.0,
      2.0,
      5.0,
      5.0,
      5.0,
      5.0,
      5.0,
      5.0,
      5.0,
      5.0,
      5.0,
      5.0,
      5.0,
      5.0,
      2.0,
      5.0,
      4.0,
      5.0,
      1.0,
      1.0,
      1.0,
      5.0,
      3.0,
      1.0,
      1.0,
      1.0,
      2.0,
      3.0,
      3.0,
      1.0,
      1.0,
      1.0,
      3.0,
      3.0,
      2.0,
      1.0,
      1.0,
      2.0,
      2.0,
      1.0,
      5.0,
      5.0,
      1.0,
      1.0,
      1.0,
      1.0,
      1.0,
      2.0,
      5.0,
      1.0,
      2.0,
      2.0,
      1.0,
      2.0,
      2.0,
      1.0,
      1.0,
      1.0,
      5.0,
      1.0,
      2.0,
      1.0,
      2.0,
      2.0,
      1.0,
      2.0,
      4.0,
      1.0,
      4.0,
      1.0,
      3.0,
      3.0,
      1.0,
      1.0,
      1.0,
      1.0,
      3.0,
      3.0,
      5.0,
      5.0,
      5.0,
      5.0,
      5.0,
      5.0,
      5.0,
      5.0,
      5.0,
      5.0,
      5.0,
      5.0,
      5.0
    ],
    "cache_hits": [
      0.0,
      1.0,
      1.0,
      1.0,
      1.0,
      1.0,
      1.0,
      1.0,
      1.0,
      1.0,
      1.0,
      1.0,
      1.0,
      1.0,
      1.0,
      0.0,
      0.0,
      1.0,
      1.0,
      1.0,
      1.0,
      1.0,
      0.0,
      1.0,
      1.0,
      1.0,
      1.0,
      1.0,
      1.0,
      1.0,
      1.0,
      0.0,
      1.0,
      0.0,
      0.0,
      1.0,
      0.0,
      1.0,
      1.0,
      0.0,
      1.0,
      1.0,
      1.0,
      0.0,
      1.0,
      0.0,
      1.0,
      1.0,
      1.0,
      1.0,
      1.0,
      0.0,
      1.0,
      1.0,
      1.0,
      1.0,
      0.0,
      1.0,
      0.0,
      1.0,
      1.0,
      1.0,
      0.0,
      1.0,
      0.0,
      0.0,
      1.0,
      1.0,
      0.0,
      1.0,
      1.0,
      1.0,
      0.0,
      0.0,
      1.0,
      1.0,
      0.0,
      1.0,
      0.0,
      1.0,
      1.0,
      1.0,
      1.0,
      1.0,
      1.0,
      1.0,
      1.0,
      1.0,
      1.0,
      1.0,
      1.0,
      1.0
    ],
    "decode_total_time": 7.02691745152697,
    "decode_total_tokens": 264.0,
    "prefill_total_time": 1.1026356657966971,
    "prefill_total_tokens": 512.0,