{
  "async_speculative": true,
  "batch_size": 1,
  "calibration_schema_version": 1,
  "dataset": "gsm",
  "draft_model": "0.6",
  "draft_temperature": null,
  "f": 4,
  "fan_out_list_hit": null,
  "fan_out_list_miss": null,
  "gpus": 2,
  "input_len": 128,
  "k": 4,
  "metric_stats": {
    "accepted_suffix_lens_on_hit": {
      "count": 70,
      "max": 5.0,
      "mean": 3.142857142857143,
      "min": 1.0,
      "p50": 3.0,
      "p90": 5.0,
      "p95": 5.0,
      "p99": 5.0,
      "sum": 220.0
    },
    "accepted_suffix_lens_on_miss": {
      "count": 22,
      "max": 5.0,
      "mean": 2.0,
      "min": 1.0,
      "p50": 1.5,
      "p90": 3.0,
      "p95": 4.899999999999999,
      "p99": 5.0,
      "sum": 44.0
    },
    "accepted_suffix_lens_with_recovery": {
      "count": 92,
      "max": 5.0,
      "mean": 2.869565217391304,
      "min": 1.0,
      "p50": 2.0,
      "p90": 5.0,
      "p95": 5.0,
      "p99": 5.0,
      "sum": 264.0
    },
    "cache_hits": {
      "count": 92,
      "max": 1.0,
      "mean": 0.7608695652173914,
      "min": 0.0,
      "p50": 1.0,
      "p90": 1.0,
      "p95": 1.0,
      "p99": 1.0,
      "sum": 70.0
    },
    "target_step_times_ms": {
      "count": 93,
      "max": 1156.1594102531672,
      "mean": 87.73774453388748,
      "min": 68.1483349762857,
      "p50": 69.691251963377,
      "p90": 93.48244434222579,
      "p95": 94.26184529438615,
      "p99": 250.94446048140355,
      "sum": 8159.610241651535
    },
    "target_verify_times_ms": {
      "count": 92,
      "max": 83.44092220067978,
      "mean": 64.68023922618316,
      "min": 64.08356130123138,
      "p50": 64.27855393849313,
      "p90": 65.0165697094053,
      "p95": 65.11151939630508,
      "p99": 67.7473808592186,
      "sum": 5950.582008808851
    }
  },
  "metrics_accepted_suffix_tokens_per_target_verify_second": 44.36540822547975,
  "metrics_avg_accepted_suffix_lens_on_hit": 3.142857142857143,
  "metrics_avg_accepted_suffix_lens_on_miss": 2.0,
  "metrics_avg_accepted_suffix_lens_with_recovery": 2.869565217391304,
  "metrics_avg_cache_hits": 0.7608695652173914,
  "metrics_avg_target_step_time_ms": 87.73774453388748,
  "metrics_avg_target_verify_time_ms": 64.68023922618316,
  "metrics_decode_throughput": 37.69807914841245,
  "metrics_decode_tokens_per_target_verify_second": 44.36540822547975,
  "metrics_decode_total_time": 7.0030093300156295,
  "metrics_decode_total_tokens": 264,
  "metrics_prefill_throughput": 442.8496933963479,
  "metrics_prefill_total_time": 1.1561484802514315,
  "metrics_prefill_total_tokens": 512,
  "metrics_spec_steps": 92,
  "metrics_target_verify_total_time": 5.950582008808851,
  "metrics_total_accepted_suffix_lens_with_recovery": 264,
  "mode": "CUDA Graphs + Speculative(k=4) + Async + JIT",
  "model_name": "Qwen3-8B",
  "numseqs": 4,
  "official_end_to_end_throughput": 31.360868604685262,
  "official_total_time": 8.163039207458496,
  "official_total_tokens": 256,
  "output_len": 64,
  "random_mode": false,
  "raw_metrics": {
    "accepted_suffix_lens_on_hit": [
      1.0,
      2.0,
      5.0,
      5.0,
      5.0,
      5.0,
      5.0,
      5.0,
      5.0,
      5.0,
      5.0,
      5.0,
      5.0,
      5.0,
      4.0,
      5.0,
      1.0,
      1.0,
      1.0,
      3.0,
      1.0,
      1.0,
      1.0,
      2.0,
      3.0,
      3.0,
      1.0,
      1.0,
      2.0,
      1.0,
      2.0,
      1.0,
      5.0,
      5.0,
      1.0,
      1.0,
      1.0,
      2.0,
      5.0,
      1.0,
      2.0,
      1.0,
      2.0,
      2.0,
      1.0,
      5.0,
      1.0,
      2.0,
      2.0,
      2.0,
      4.0,
      4.0,
      1.0,
      3.0,
      1.0,
      1.0,
      3.0,
      5.0,
      5.0,
      5.0,
      5.0,
      5.0,
      5.0,
      5.0,
      5.0,
      5.0,
      5.0,
      5.0,
      5.0,
      5.0
    ],
    "accepted_suffix_lens_on_miss": [
      3.0,
      2.0,
      5.0,
      5.0,
      1.0,
      3.0,
      3.0,
      1.0,
      2.0,
      1.0,
      1.0,
      2.0,
      1.0,
      1.0,
      1.0,
      2.0,
      1.0,
      1.0,
      3.0,
      1.0,
      1.0,
      3.0
    ],
    "accepted_suffix_lens_with_recovery": [
      3.0,
      1.0,
      2.0,
      5.0,
      5.0,
      5.0,
      5.0,
      5.0,
      5.0,
      5.0,
      5.0,
      5.0,
      5.0,
      5.0,
      5.0,
      2.0,
      5.0,
      4.0,
      5.0,
      1.0,
      1.0,
      1.0,
      5.0,
      3.0,
      1.0,
      1.0,
      1.0,
      2.0,
      3.0,
      3.0,
      1.0,
      1.0,
      1.0,
      3.0,
      3.0,
      2.0,
      1.0,
      1.0,
      2.0,
      2.0,
      1.0,
      5.0,
      5.0,
      1.0,
      1.0,
      1.0,
      1.0,
      1.0,
      2.0,
      5.0,
      1.0,
      2.0,
      2.0,
      1.0,
      2.0,
      2.0,
      1.0,
      1.0,
      1.0,
      5.0,
      1.0,
      2.0,
      1.0,
      2.0,
      2.0,
      1.0,
      2.0,
      4.0,
      1.0,
      4.0,
      1.0,
      3.0,
      3.0,
      1.0,
      1.0,
      1.0,
      1.0,
      3.0,
      3.0,
      5.0,
      5.0,
      5.0,
      5.0,
      5.0,
      5.0,
      5.0,
      5.0,
      5.0,
      5.0,
      5.0,
      5.0,
      5.0
    ],
    "cache_hits": [
      0.0,
      1.0,
      1.0,
      1.0,
      1.0,
      1.0,
      1.0,
      1.0,
      1.0,
      1.0,
      1.0,
      1.0,
      1.0,
      1.0,
      1.0,
      0.0,
      0.0,
      1.0,
      1.0,
      1.0,
      1.0,
      1.0,
      0.0,
      1.0,
      1.0,
      1.0,
      1.0,
      1.0,
      1.0,
      1.0,
      1.0,
      0.0,
      1.0,
      0.0,
      0.0,
      1.0,
      0.0,
      1.0,
      1.0,
      0.0,
      1.0,
      1.0,
      1.0,
      0.0,
      1.0,
      0.0,
      1.0,
      1.0,
      1.0,
      1.0,
      1.0,
      0.0,
      1.0,
      1.0,
      1.0,
      1.0,
      0.0,
      1.0,
      0.0,
      1.0,
      1.0,
      1.0,
      0.0,
      1.0,
      0.0,
      0.0,
      1.0,
      1.0,
      0.0,
      1.0,
      1.0,
      1.0,
      0.0,
      0.0,
      1.0,
      1.0,
      0.0,
      1.0,
      0.0,
      1.0,
      1.0,
      1.0,
      1.0,
      1.0,
      1.0,
      1.0,
      1.0,
      1.0,
      1.0,
      1.0,
      1.0,
      1.0
    ],
    "decode_total_time": 7.0030093300156295,
    "decode_total_tokens": 264.0,
    "prefill_total_time": 1.1561484802514315,
    "prefill_total_tokens": 512.0,