{
  "async_speculative": true,
  "batch_size": 1,
  "calibration_schema_version": 1,
  "dataset": "gsm",
  "draft_model": "0.6",
  "draft_temperature": null,
  "f": 2,
  "fan_out_list_hit": null,
  "fan_out_list_miss": null,
  "gpus": 2,
  "input_len": 128,
  "k": 8,
  "metric_stats": {
    "accepted_suffix_lens_on_hit": {
      "count": 45,
      "max": 9.0,
      "mean": 4.355555555555555,
      "min": 1.0,
      "p50": 2.0,
      "p90": 9.0,
      "p95": 9.0,
      "p99": 9.0,
      "sum": 196.0
    },
    "accepted_suffix_lens_on_miss": {
      "count": 30,
      "max": 9.0,
      "mean": 2.2666666666666666,
      "min": 1.0,
      "p50": 1.5,
      "p90": 4.0,
      "p95": 6.199999999999989,
      "p99": 8.71,
      "sum": 68.0
    },
    "accepted_suffix_lens_with_recovery": {
      "count": 75,
      "max": 9.0,
      "mean": 3.52,
      "min": 1.0,
      "p50": 2.0,
      "p90": 9.0,
      "p95": 9.0,
      "p99": 9.0,
      "sum": 264.0
    },
    "cache_hits": {
      "count": 75,
      "max": 1.0,
      "mean": 0.6,
      "min": 0.0,
      "p50": 1.0,
      "p90": 1.0,
      "p95": 1.0,
      "p99": 1.0,
      "sum": 45.0
    },
    "target_step_times_ms": {
      "count": 76,
      "max": 1407.0607307367027,
      "mean": 106.63644201734937,
      "min": 67.26770289242268,
      "p50": 69.79042151942849,
      "p90": 117.60916444472969,
      "p95": 119.90884761326015,
      "p99": 510.94492757692933,
      "sum": 8104.369593318552
    },
    "target_verify_times_ms": {
      "count": 75,
      "max": 103.49854687228799,
      "mean": 65.2074493157367,
      "min": 64.23201970756054,
      "p50": 64.47722809389234,
      "p90": 65.30549302697182,
      "p95": 65.6398393213749,
      "p99": 76.95830112323183,
      "sum": 4890.558698680252
    }
  },
  "metrics_accepted_suffix_tokens_per_target_verify_second": 53.98156248921868,
  "metrics_avg_accepted_suffix_lens_on_hit": 4.355555555555555,
  "metrics_avg_accepted_suffix_lens_on_miss": 2.2666666666666666,
  "metrics_avg_accepted_suffix_lens_with_recovery": 3.52,
  "metrics_avg_cache_hits": 0.6,
  "metrics_avg_target_step_time_ms": 106.63644201734937,
  "metrics_avg_target_verify_time_ms": 65.2074493157367,
  "metrics_decode_throughput": 39.420776580217854,
  "metrics_decode_tokens_per_target_verify_second": 53.98156248921868,
  "metrics_decode_total_time": 6.696976135484874,
  "metrics_decode_total_tokens": 264,
  "metrics_prefill_throughput": 363.8844428469662,
  "metrics_prefill_total_time": 1.407040092162788,
  "metrics_prefill_total_tokens": 512,
  "metrics_spec_steps": 75,
  "metrics_target_verify_total_time": 4.890558698680252,
  "metrics_total_accepted_suffix_lens_with_recovery": 264,
  "mode": "CUDA Graphs + Speculative(k=8) + Async + JIT",
  "model_name": "Qwen3-8B",
  "numseqs": 4,
  "official_end_to_end_throughput": 31.57579035503486,
  "official_total_time": 8.107477188110352,
  "official_total_tokens": 256,
  "output_len": 64,
  "random_mode": false,
  "raw_metrics": {
    "accepted_suffix_lens_on_hit": [
      1.0,
      2.0,
      9.0,
      9.0,
      9.0,
      9.0,
      9.0,
      9.0,
      9.0,
      6.0,
      1.0,
      1.0,
      1.0,
      2.0,
      3.0,
      1.0,
      2.0,
      1.0,
      2.0,
      1.0,
      9.0,
      1.0,
      1.0,
      1.0,
      2.0,
      6.0,
      2.0,
      2.0,
      2.0,
      1.0,
      6.0,
      2.0,
      2.0,
      1.0,
      3.0,
      1.0,
      1.0,
      3.0,
      9.0,
      9.0,
      9.0,
      9.0,
      9.0,
      9.0,
      9.0
    ],
    "accepted_suffix_lens_on_miss": [
      3.0,
      2.0,
      9.0,
      1.0,
      8.0,
      1.0,
      3.0,
      1.0,
      1.0,
      3.0,
      3.0,
      1.0,
      2.0,
      1.0,
      1.0,
      2.0,
      1.0,
      1.0,
      1.0,
      1.0,
      2.0,
      1.0,
      2.0,
      4.0,
      1.0,
      4.0,
      3.0,
      1.0,
      1.0,
      3.0
    ],
    "accepted_suffix_lens_with_recovery": [
      3.0,
      1.0,
      2.0,
      9.0,
      9.0,
      9.0,
      9.0,
      9.0,
      9.0,
      9.0,
      2.0,
      9.0,
      6.0,
      1.0,
      1.0,
      8.0,
      1.0,
      1.0,
      1.0,
      2.0,
      3.0,
      3.0,
      1.0,
      1.0,
      1.0,
      3.0,
      3.0,
      2.0,
      1.0,
      1.0,
      2.0,
      2.0,
      1.0,
      9.0,
      1.0,
      1.0,
      1.0,
      1.0,
      1.0,
      2.0,
      6.0,
      2.0,
      2.0,
      1.0,
      2.0,
      2.0,
      1.0,
      1.0,
      1.0,
      6.0,
      2.0,
      1.0,
      2.0,
      2.0,
      1.0,
      2.0,
      4.0,
      1.0,
      4.0,
      1.0,
      3.0,
      3.0,
      1.0,
      1.0,
      1.0,
      1.0,
      3.0,
      3.0,
      9.0,
      9.0,
      9.0,
      9.0,
      9.0,
      9.0,
      9.0
    ],
    "cache_hits": [
      0.0,
      1.0,
      1.0,
      1.0,
      1.0,
      1.0,
      1.0,
      1.0,
      1.0,
      1.0,
      0.0,
      0.0,
      1.0,
      1.0,
      0.0,
      0.0,
      1.0,
      0.0,
      1.0,
      1.0,
      0.0,
      1.0,
      0.0,
      0.0,
      1.0,
      0.0,
      0.0,
      1.0,
      0.0,
      1.0,
      1.0,
      0.0,
      1.0,
      1.0,
      0.0,
      1.0,
      0.0,
      1.0,
      1.0,
      1.0,
      1.0,
      0.0,
      1.0,
      0.0,
      1.0,
      1.0,
      0.0,
      1.0,
      0.0,
      1.0,
      1.0,
      0.0,
      1.0,
      0.0,
      0.0,
      0.0,
      0.0,
      0.0,
      0.0,
      1.0,
      1.0,
      0.0,
      0.0,
      1.0,
      1.0,
      0.0,
      1.0,
      0.0,
      1.0,
      1.0,
      1.0,
      1.0,
      1.0,
      1.0,
      1.0
    ],
    "decode_total_time": 6.696976135484874,
    "decode_total_tokens": 264.0,
    "prefill_total_time": 1.407040092162788,
    "prefill_total_tokens": 512.0,
    "target_step_times": [
      1.4070607307367027,
      0.21223965985700488,
      0.06898280791938305,
      0.0685169929638505,
      0.06841833284124732,
      0.06839392380788922,
      0.06726770289242268,
      0.06839102366939187,
      0.06836349377408624,
      0.06729769287630916,
      0.06732080271467566,
      0.1163459550589323,
      0.1160195586271584,
      0.06748949130997062,
      0.06830719392746687,
      0.11968265706673265,
      0.11747876601293683,
      0.06735320203006268,
      0.1182864191941917,
      0.0701868780888617,
      0.07285215519368649,
      0.11717191804200411,
      0.06879300018772483,
      0.11611618800088763,
      0.1159205692820251,
      0.06955965328961611,
      0.11666520312428474,
      0.11650131409987807,
      0.06730950344353914,
      0.1156086721457541,
      0.06837750365957618,
      0.06732044275850058,
      0.11557021178305149,
      0.0689764185808599,
      0.06879743002355099,
      0.11620110692456365,
      0.06934271520003676,
      0.12407008791342378,
      0.0732454820536077,
      0.06887487880885601,
      0.06845008302479982,
      0.06839254405349493,
      0.11516555584967136,
      0.0683536441065371,
      0.11417994368821383,
      0.06727719306945801,
      0.06836575409397483,
      0.11524600489065051,
      0.06833615526556969,
      0.1153304842300713,
      0.06841327296569943,
      0.0694988239556551,
      0.1158514698036015,
      0.0684384941123426,
      0.1163648352958262,
      0.11773956287652254,
      0.12058741925284266,
      0.11886156303808093,
      0.11620296724140644,
      0.11579752992838621,
      0.06840781401842833,
      0.0684217531234026,
      0.11528904503211379,
      0.11530319508165121,
      0.06835707416757941,
      0.06835434399545193,
      0.11526013491675258,
      0.07046036515384912,
      0.1158973891288042,
      0.06892598886042833,
      0.06954926392063498,
      0.06932542519643903,
      0.06990248104557395,
      0.07335436996072531,
      0.07035154709592462,
      0.06967836199328303
    ],