{
  "async_speculative": true,
  "batch_size": 1,
  "calibration_schema_version": 1,
  "dataset": "gsm",
  "draft_model": "0.6",
  "draft_temperature": null,
  "f": 1,
  "fan_out_list_hit": null,
  "fan_out_list_miss": null,
  "gpus": 2,
  "input_len": 128,
  "k": 8,
  "metric_stats": {
    "accepted_suffix_lens_on_hit": {
      "count": 38,
      "max": 9.0,
      "mean": 4.368421052631579,
      "min": 1.0,
      "p50": 2.0,
      "p90": 9.0,
      "p95": 9.0,
      "p99": 9.0,
      "sum": 166.0
    },
    "accepted_suffix_lens_on_miss": {
      "count": 37,
      "max": 9.0,
      "mean": 2.6486486486486487,
      "min": 1.0,
      "p50": 2.0,
      "p90": 6.799999999999997,
      "p95": 9.0,
      "p99": 9.0,
      "sum": 98.0
    },
    "accepted_suffix_lens_with_recovery": {
      "count": 75,
      "max": 9.0,
      "mean": 3.52,
      "min": 1.0,
      "p50": 2.0,
      "p90": 9.0,
      "p95": 9.0,
      "p99": 9.0,
      "sum": 264.0
    },
    "cache_hits": {
      "count": 75,
      "max": 1.0,
      "mean": 0.5066666666666667,
      "min": 0.0,
      "p50": 1.0,
      "p90": 1.0,
      "p95": 1.0,
      "p99": 1.0,
      "sum": 38.0
    },
    "target_step_times_ms": {
      "count": 76,
      "max": 1278.0130067840219,
      "mean": 108.8735174363185,
      "min": 67.2600930556655,
      "p50": 93.57431391254067,
      "p90": 117.17628804035485,
      "p95": 118.21687640622258,
      "p99": 460.382750723511,
      "sum": 8274.387325160205
    },
    "target_verify_times_ms": {
      "count": 75,
      "max": 85.10955795645714,
      "mean": 65.04013432189822,
      "min": 64.25144989043474,
      "p50": 64.61383681744337,
      "p90": 65.15217386186123,
      "p95": 65.90157491154969,
      "p99": 72.53989426419147,
      "sum": 4878.010074142367
    }
  },
  "metrics_accepted_suffix_tokens_per_target_verify_second": 54.12042943482758,
  "metrics_avg_accepted_suffix_lens_on_hit": 4.368421052631579,
  "metrics_avg_accepted_suffix_lens_on_miss": 2.6486486486486487,
  "metrics_avg_accepted_suffix_lens_with_recovery": 3.52,
  "metrics_avg_cache_hits": 0.5066666666666667,
  "metrics_avg_target_step_time_ms": 108.8735174363185,
  "metrics_avg_target_verify_time_ms": 65.04013432189822,
  "metrics_decode_throughput": 37.73587569965992,
  "metrics_decode_tokens_per_target_verify_second": 54.12042943482758,
  "metrics_decode_total_time": 6.995995060540736,
  "metrics_decode_total_tokens": 264,
  "metrics_prefill_throughput": 400.6262046650652,
  "metrics_prefill_total_time": 1.2779992772266269,
  "metrics_prefill_total_tokens": 512,
  "metrics_spec_steps": 75,
  "metrics_target_verify_total_time": 4.878010074142367,
  "metrics_total_accepted_suffix_lens_with_recovery": 264,
  "mode": "CUDA Graphs + Speculative(k=8) + Async + JIT",
  "model_name": "Qwen3-8B",
  "numseqs": 4,
  "official_end_to_end_throughput": 30.92728925250153,
  "official_total_time": 8.277479410171509,
  "official_total_tokens": 256,
  "output_len": 64,
  "random_mode": false,
  "raw_metrics": {
    "accepted_suffix_lens_on_hit": [
      1.0,
      2.0,
      9.0,
      9.0,
      9.0,
      9.0,
      9.0,
      9.0,
      9.0,
      6.0,
      1.0,
      1.0,
      2.0,
      3.0,
      1.0,
      2.0,
      1.0,
      2.0,
      1.0,
      1.0,
      1.0,
      2.0,
      2.0,
      2.0,
      2.0,
      6.0,
      2.0,
      2.0,
      1.0,
      1.0,
      1.0,
      3.0,
      9.0,
      9.0,
      9.0,
      9.0,
      9.0,
      9.0
    ],
    "accepted_suffix_lens_on_miss": [
      3.0,
      2.0,
      9.0,
      1.0,
      8.0,
      1.0,
      1.0,
      3.0,
      1.0,
      1.0,
      3.0,
      3.0,
      1.0,
      2.0,
      9.0,
      1.0,
      1.0,
      1.0,
      6.0,
      2.0,
      1.0,
      1.0,
      1.0,
      1.0,
      1.0,
      2.0,
      1.0,
      2.0,
      4.0,
      1.0,
      4.0,
      3.0,
      3.0,
      1.0,
      1.0,
      3.0,
      9.0
    ],
    "accepted_suffix_lens_with_recovery": [
      3.0,
      1.0,
      2.0,
      9.0,
      9.0,
      9.0,
      9.0,
      9.0,
      9.0,
      9.0,
      2.0,
      9.0,
      6.0,
      1.0,
      1.0,
      8.0,
      1.0,
      1.0,
      1.0,
      2.0,
      3.0,
      3.0,
      1.0,
      1.0,
      1.0,
      3.0,
      3.0,
      2.0,
      1.0,
      1.0,
      2.0,
      2.0,
      1.0,
      9.0,
      1.0,
      1.0,
      1.0,
      1.0,
      1.0,
      2.0,
      6.0,
      2.0,
      2.0,
      1.0,
      2.0,
      2.0,
      1.0,
      1.0,
      1.0,
      6.0,
      2.0,
      1.0,
      2.0,
      2.0,
      1.0,
      2.0,
      4.0,
      1.0,
      4.0,
      1.0,
      3.0,
      3.0,
      1.0,
      1.0,
      1.0,
      1.0,
      3.0,
      3.0,
      9.0,
      9.0,
      9.0,
      9.0,
      9.0,
      9.0,
      9.0
    ],
    "cache_hits": [
      0.0,
      1.0,
      1.0,
      1.0,
      1.0,
      1.0,
      1.0,
      1.0,
      1.0,
      1.0,
      0.0,
      0.0,
      1.0,
      1.0,
      0.0,
      0.0,
      0.0,
      0.0,
      1.0,
      1.0,
      0.0,
      1.0,
      0.0,
      0.0,
      1.0,
      0.0,
      0.0,
      1.0,
      0.0,
      1.0,
      1.0,
      0.0,
      1.0,
      0.0,
      0.0,
      1.0,
      0.0,
      1.0,
      0.0,
      1.0,
      0.0,
      0.0,
      1.0,
      0.0,
      1.0,
      1.0,
      0.0,
      0.0,
      0.0,
      1.0,
      1.0,
      0.0,
      1.0,
      0.0,
      0.0,
      0.0,
      0.0,
      0.0,
      0.0,
      1.0,
      0.0,
      0.0,
      0.0,
      1.0,
      1.0,
      0.0,
      1.0,
      0.0,
      0.0,
      1.0,
      1.0,
      1.0,
      1.0,
      1.0,
      1.0
    ],
    "decode_total_time": 6.995995060540736,
    "decode_total_tokens": 264.0,
    "prefill_total_time": 1.2779992772266269,
    "prefill_total_tokens": 512.0,
    "target_step_times": [
      1.2780130067840219,
      0.18783933203667402,
      0.0701961680315435,
      0.06912728678435087,
      0.06871151085942984,
      0.06878618011251092,
      0.06898802798241377,
      0.06862291228026152,
      0.06848886329680681,
      0.06841809302568436,
      0.06835688417777419,
      0.11588532011955976,
      0.11551300203427672,
      0.06831538490951061,
      0.07256140699610114,
      0.11458722082898021,
      0.115923339035362,
      0.1153567940928042,
      0.11564674228429794,
      0.06837719399482012,
      0.06881370022892952,
      0.11666470160707831,
      0.06923181703314185,
      0.1172303669154644,
      0.11541984416544437,
      0.06921411585062742,
      0.11737645696848631,
      0.1180961998179555,
      0.06747432239353657,
      0.11459153098985553,
      0.06838700268417597,
      0.06841697404161096,
      0.11547305295243859,
      0.06834297394379973,
      0.11551970336586237,
      0.11628115689381957,
      0.06831115391105413,
      0.11559342220425606,
      0.06842856295406818,
      0.11488787923008204,
      0.06875889981165528,
      0.1153203547000885,
      0.1167176621966064,
      0.06916442699730396,
      0.1157633401453495,
      0.0690716877579689,
      0.06905293790623546,
      0.11635609529912472,
      0.1171222091652453,
      0.11682267114520073,
      0.06839516432955861,
      0.06729024276137352,
      0.12472920306026936,
      0.0674704909324646,
      0.11546707386150956,
      0.11653795326128602,
      0.11640109634026885,
      0.11734215682372451,
      0.11659021396189928,
      0.11857890617102385,
      0.06974915228784084,
      0.11702191969379783,
      0.1162862959317863,
      0.11707887891680002,
      0.07255695760250092,
      0.07169012539088726,
      0.11587860900908709,
      0.0687945201061666,
      0.11549684265628457,
      0.11523256497457623,
      0.06939538475126028,
      0.06836810382083058,
      0.06726009305566549,
      0.06834198394790292,
      0.06845097430050373,
      0.06836252426728606
    ],